"id","income","participate","prior_income","experience"
1,25.799001892325,1,19.8296417151569,6.64394931761791
2,38.7782582021154,0,24.5230650746403,15.6264104368813
3,43.2846095815243,1,27.0319160614239,10.0774416682429
4,34.4952444734235,0,30.8338755152254,10.8460002834631
5,17.2800305001206,0,23.5171811393765,9.01417237478169
6,26.9148045208368,0,21.7266069320446,8.99197590886017
7,28.2527960948797,0,22.6662158378238,8.44078087176373
8,32.3361709066456,0,18.3159877797483,9.85275267208901
9,23.2652228002037,0,18.850365900246,10.2293363510188
10,39.8957945057666,1,30.6619586608885,9.70188435038149
11,51.5210514805503,1,36.7669425374818,12.6394744989702
12,49.9497076302064,0,22.039822648351,9.79144725857207
13,20.5141815363537,1,16.7410644227032,9.68421763865381
14,44.509390658347,0,24.823834798159,11.6940823031156
15,32.2975102361776,1,20.4652788063324,8.66886348342943
16,39.351369806402,1,31.3866336091861,10.4650238663157
17,51.2746052553554,1,24.4567188075387,10.5441913491195
18,32.4626590446564,0,26.9450399392922,5.91868626799663
19,30.3936110708341,0,23.7197103448044,10.2476340005532
20,40.5845814623087,0,18.9409256320678,12.414676813428
21,50.9759350165057,0,24.6139191209189,9.81643901932922
22,36.2039076242869,1,31.0553138060769,9.24647768064442
23,36.4941837518863,1,27.1961680067048,8.52654191247018
24,41.2616944673885,0,35.1763969135598,10.1156562657606
25,44.2152320274341,0,24.6060730817756,8.9047860413106
26,28.4932828653333,0,13.8912841690651,11.886815415828
27,34.5296478910293,0,23.2901325978005,13.1232847348535
28,38.2910363327167,0,18.5237765370623,7.87445567200699
29,45.0340985569023,1,26.5355067768857,9.04691188442805
30,33.9799450776054,0,15.823043694632,8.89458566256429
31,38.6145876006335,0,31.9282113515016,8.42787940159965
32,30.9752218974097,0,25.5352505570091,11.7072472566456
33,29.1724956632785,1,21.7345176414887,8.13570234471298
34,37.4201376219072,1,21.535201742374,9.25481721567052
35,29.6180120888683,0,29.7230338302831,6.6931968994999
36,26.3668814739854,0,26.3807990571124,9.94969394645819
37,29.5427186208713,1,23.7383638821561,9.31713550268771
38,19.9285340651162,0,27.2866263490473,8.2335766133075
39,28.4904261323473,1,16.5532790840975,10.6915028311509
40,42.9021972214818,1,25.3951916302938,12.7402716737833
41,25.0296932689819,1,20.1870483509284,10.4745100327081
42,34.7246029788205,1,23.15098456716,12.5642176437405
43,43.827914423739,0,27.3816388219659,9.5841849684782
44,46.7675553453118,0,23.5352094137625,11.1570481587869
45,42.7374975899218,1,28.4157765145566,9.36462814824454
46,25.9166994014025,0,28.1893901546118,7.87455608716606
47,44.0261424632588,0,19.4889959252307,10.4161285745004
48,37.8029467290616,1,24.9790663106148,11.7551316086952
49,44.4997015163292,0,17.9163212931884,10.4572039829027
50,48.8638648213436,1,27.9344547792225,9.36162866521376
51,41.8339781890833,1,26.9533194201627,10.6217220535502
52,36.5911443822696,0,27.1019390980137,11.120285947707
53,49.2041032378539,0,24.1774012062095,11.3727889369343
54,47.4216371204653,1,26.781377930805,8.1562710932405
55,31.918312395327,1,20.4659636544182,7.99132354467235
56,48.477063065691,1,22.7906171468607,10.9069035919351
57,50.0131532424262,1,32.8955068392277,11.4662025594941
58,38.1538101590556,0,24.9625227957783,7.99571153211001
59,48.3255812932909,1,26.3417199514695,11.3633526333679
60,42.6884649679299,0,25.1147575283154,8.68296245159137
61,44.6445070691455,0,26.7281945637003,12.0245659673484
62,55.9013655082777,1,31.6998856125607,13.7432848576796
63,48.5646566988392,0,24.838859002974,11.5383456023355
64,39.6490922424148,1,23.035717732782,8.44382208643857
65,42.7846744504334,0,15.1281732097997,14.1917855193794
66,49.3585424924271,0,28.5526212014065,12.4452789411686
67,44.3418452236641,1,30.6551220789362,6.73691958450858
68,36.4292779280189,0,19.944469666869,9.65076789485484
69,38.1607813594068,0,29.2557815981714,13.5133835007263
70,31.4232902965585,0,29.7664851513673,7.78007560689457
71,53.7858789800957,1,17.7845093359563,10.3176157864331
72,41.9002496490073,1,27.8084720699692,12.0312054733662
73,34.5658033814717,0,29.0669889026631,13.9053124200994
74,52.5948744838812,1,27.4279050566432,15.2789304711245
75,46.5862098160379,1,23.6868636828638,10.7853876757256
76,38.2944759332612,0,29.9268307166932,8.82684021872942
77,54.8346624086099,1,35.2501524009556,10.5330546277703
78,53.8174820494848,1,30.1571056294067,8.24578494080211
79,33.1691149727581,0,28.7727359984629,10.1016925127017
80,40.9713678874097,0,23.6401421225888,11.5987134886995
81,43.0180581279631,0,21.3549128335958,9.21683413227799
82,27.7052901201618,1,30.9802952403702,8.15352300736249
83,46.758254095687,1,23.2637176277657,10.4817374051376
84,53.3468392232789,1,31.9379443478837,10.7834718161954
85,49.0682674314709,1,22.9808487067129,10.2051473453121
86,44.6727416020259,0,23.2285210570738,9.24845016686915
87,47.9938198369163,1,24.3254985604972,13.7116000734413
88,43.5186207306983,1,28.4475468666849,12.9425913387506
89,41.7958459496091,1,17.3069502080475,10.6523703043097
90,44.5724488019412,1,29.8409497155678,10.1717732908293
91,52.8484534854284,1,26.0016444743414,12.3300683692633
92,36.4980736446536,1,24.8941897326261,8.34857136000399
93,36.2810251241534,0,19.4617846699101,10.6278489382897
94,27.5397458917469,0,24.9113878133559,6.7814819337219
95,35.7602336709831,1,27.1363782023581,8.15041271694353
96,41.5692544083003,1,21.3911746539231,6.48940891272041
97,49.3377527709154,1,30.5240918110635,8.78151825147853
98,46.221733176173,1,28.2322181285936,12.9316006660082
99,35.9020988447959,0,21.3292498866164,10.3598723737569
100,34.2572704208214,0,29.441421773171,10.1774591944988
101,37.8995641493697,0,24.3127261385037,14.8619993194627
102,31.4010344297852,1,21.6190644315857,6.33082061899593
103,22.2049211551097,0,12.9481917048907,7.62603046415421
104,38.3591969235924,0,21.7477447702541,5.4417058639077
105,34.3259712402453,0,24.0950681434495,13.4321671989262
106,50.2909565366416,1,28.3661072411325,10.8008737283083
107,34.0271945013922,1,31.6855868124153,7.15829323866309
108,45.5329545623449,1,21.8780253741403,11.5202960328133
109,49.7587880096026,1,28.2664837203414,8.40454394082864
110,46.6774758128601,0,27.2161354808723,10.452133176663
111,44.7283050475218,1,26.271247662128,11.0553790425648
112,54.0477853981729,1,33.3020463880895,10.5267471450581
113,32.4397272099648,0,25.8129373238491,6.4493122682347
114,48.1436976723707,0,30.0697683202537,10.5523353488317
115,44.019540009942,0,23.2858421929877,11.4471098451918
116,32.311083244071,0,29.4068599872715,9.06876246614557
117,43.3936647364372,0,29.527345838539,9.73107909842653
118,47.2318803016244,1,33.8324576026417,7.99240923875748
119,34.371653579028,1,25.1938586119877,10.3684295263828
120,44.0305098810296,1,22.4174452808765,7.33177806400456
121,46.4881156135621,0,26.2538471683482,8.74609583143962
122,31.3010582612102,0,23.0043785154397,10.6286664964891
123,45.5657987930043,0,25.4561654249623,11.2809541881244
124,43.703237319209,0,20.9016264473382,7.89299542383995
125,40.3555890834286,0,25.9943346587208,7.15727830499517
126,33.5004598884438,0,19.3248728054214,5.8743372522324
127,32.7293200320111,0,31.9886189259693,12.5058789479119
128,48.0678225893655,0,28.3874003748285,9.243005570255
129,49.1638478838812,0,25.1825317551087,13.734533710981
130,38.4358265876927,0,21.1285617334428,11.576491116994
131,37.2122179216951,0,28.2604691270261,7.25818716622311
132,39.1556209280745,0,26.5054482755463,9.85230893093649
133,38.8933979543357,0,19.6898013667236,9.47836606149312
134,21.8378205271672,0,19.2059802456798,8.92039184486877
135,48.6432846211053,1,29.2445155832836,7.75014681718303
136,19.6719932475736,0,20.9011709150696,10.7693237883621
137,33.7988550553282,1,18.2077129628943,11.0878791197394
138,47.3771649479078,0,27.2025654549386,11.0658442179668
139,26.6918658792575,1,15.9222690297202,8.57748816265344
140,49.0355092500039,0,31.2877979438607,9.45679710178995
141,32.5181894434705,1,28.0209603918026,7.83368346746686
142,47.1753163952669,1,21.5595694606,13.4645396669618
143,35.2580496758573,0,26.9804136534296,10.0149103520746
144,51.0014636270289,1,20.1751795609819,9.2239725849975
145,41.9599499082717,0,21.6192075330145,10.3249294939631
146,28.6875785383436,0,22.2667651615721,8.17551360934652
147,54.5121205410894,1,24.5075295019097,15.9236342439742
148,46.4992402441319,0,21.3571638473208,12.1621364890741
149,40.0261810582748,1,25.6835976928978,7.03519349160725
150,47.8558482680671,1,29.2795793467984,10.0022160237941
151,32.6457475419805,0,21.3377524797433,10.2528105935505
152,47.5307356549609,0,26.4094200412219,10.2146301159741
153,37.2065043703092,1,16.996676738997,12.4235958745423
154,56.7591723026542,0,25.9000506477513,12.2116291304991
155,26.74308544786,0,29.6645823786034,7.8321698484392
156,41.5250777592239,0,17.2805646142644,8.57260532532482
157,36.1506408530671,0,22.7249206752361,7.01191080518818
158,38.5184248745371,0,22.2882534439276,10.901346782939
159,36.5699584804042,1,31.8014980954829,9.31334732958021
160,36.3873286797582,0,24.9096816663499,9.54113951319523
161,37.6923722793478,1,18.3654127529839,8.38040450251797
162,40.9824734012311,1,18.0157057902456,10.797100336259
163,38.1176163136542,0,25.45544652494,9.74504187424178
164,32.9258364954901,0,18.5981579592,7.00469104939181
165,49.2785539618395,0,27.3452845323431,12.0762432323233
166,49.1813371979965,0,25.8287958830828,10.5553423389189
167,26.9042547232674,0,21.9660642168031,10.0691653440507
168,18.8260341931759,0,20.7479768683458,6.93669324212731
169,50.4644113760599,1,26.9721715303128,8.92797179001616
170,31.7256551701084,0,20.1402908115591,10.4695537143156
171,55.8361971777489,1,21.9750505312886,13.1141649925659
172,49.3046838411381,1,22.5994086804091,10.6684086905099
173,44.6463567997433,1,34.3766914521905,12.706678748002
174,44.8640169516667,1,22.6789357925989,6.90035351639788
175,35.7368445061032,1,18.1436627302672,10.0081591362792
176,32.5431848206809,0,26.2996722904144,9.9804085650547
177,51.3752229389243,1,30.5749780087732,9.30533043994983
178,56.9402765819673,1,18.5772575974892,9.69144748101207
179,45.9870466502744,1,21.3893513071614,13.2636927737114
180,26.1043374840102,0,24.7154824637426,10.058557175421
181,40.7058799749656,0,21.2609606945231,8.25541383489719
182,32.2239305568643,1,28.2967922871989,8.51465917083241
183,48.6646887403994,1,25.0142060283345,14.5712336193538
184,53.836131078081,0,25.9499991050275,12.6178306902986
185,29.9186700561178,0,25.1401433453455,11.9289277662255
186,61.9052739214184,1,25.8099923429641,10.7885455840304
187,46.9862121866094,1,26.8658339100249,10.5430482086338
188,32.4659430201956,0,28.506639490941,9.48533034712403
189,38.1794024208339,0,23.5533782608766,8.59634971463974
190,41.6130585331615,0,23.0842507594623,10.4088738234182
191,28.1619291951576,0,23.6023401061212,7.61780530352018
192,36.6215944686046,1,23.084824403302,11.1422405082764
193,34.6634741580262,1,17.8933498278914,10.852483911205
194,40.3862740854987,0,23.1884143725337,10.3345934079993
195,38.9172711389987,1,28.2810596095816,12.5683028456057
196,25.1081069543277,0,21.9492959032027,5.23059565189434
197,39.1042554582174,1,27.8841231936017,8.66518416528453
198,43.1218400459264,0,24.4383835436937,7.6520132276611
199,15.0937745045199,0,22.4124739140043,8.37288794558961
200,41.5098251857789,1,22.9733308045736,7.93790782916044
201,29.65556600583,0,19.4509917108737,8.72810030046509
202,33.1801587781051,0,27.6282046700646,9.42145021338751
203,46.2757997280512,0,27.7145921067108,12.6623713121336
204,23.1874793137191,1,13.1495909898162,12.1371957094416
205,54.9070429598675,1,26.5280586878024,12.1961410094661
206,32.839539366077,1,18.740190084114,12.5604209593483
207,50.4766547586128,0,28.6595743229214,8.95063704452116
208,32.0156627037563,0,15.6909026621036,9.83897547781185
209,45.9101948338365,0,19.2295720951227,11.396252211681
210,53.9876814593097,1,28.7323080795896,8.87551405043427
211,40.7198572535093,1,16.2047723067083,9.99911292288277
212,51.8635338991593,1,32.7775536334216,10.5222863978185
213,42.4010906606829,1,26.6871505815838,8.35766026165893
214,50.8489214329549,1,27.2446824372566,7.24619432004531
215,45.5529336212143,0,27.8612847412858,10.6406546727043
216,51.2019462536067,1,26.9474106572003,9.35436708919465
217,32.8535496883515,0,26.0343581120755,6.96465422629057
218,49.2669779313067,1,26.026714336657,11.1561759780783
219,40.5386331593219,1,26.9404596043439,10.3958218432698
220,48.1044410885928,0,26.9025128742188,11.8963388522301
221,23.0614893022433,0,34.4433263648146,7.24525658704063
222,20.0858929530307,0,22.0325991918586,8.93905423710391
223,55.5651178830924,1,28.1363083976959,10.7333695323358
224,38.082530268015,1,22.8385792372199,8.46821600279214
225,39.9828573835112,0,20.7060429949747,11.6964962602832
226,31.9854747862348,0,17.382795022388,12.2384657283986
227,50.2013617176435,1,28.9214600906277,9.16608721059266
228,26.4282026863864,0,31.16214744276,9.09228385273237
229,36.1391741566289,0,28.2297995155075,10.3548156163478
230,58.7607584242311,1,29.3975338944941,11.5299903552793
231,31.8592826718812,0,31.2428091854814,10.848283399772
232,58.6876223915726,1,29.8190493740632,7.51395028148477
233,41.8789468653552,1,24.4514786602148,9.46392819665138
234,24.4147912874475,1,16.629059393608,7.49486217168982
235,14.9928251608079,1,18.2411282993058,8.53005586815995
236,41.118905826743,0,33.224914076058,8.85177720074299
237,44.4914367244182,0,16.9363414216637,10.9458097919922
238,21.8213690216036,1,23.864917047446,9.16278828584234
239,63.6030298814729,1,24.6955561060326,8.28560647914528
240,35.9075346713801,0,30.9049750744286,6.81341115916457
241,27.0377744457732,1,17.0677576631651,8.0803008582984
242,51.2039575574859,1,20.6718513832745,8.48293698666225
243,40.0803719897267,0,21.8684077992407,7.01215300911454
244,33.4149068580767,1,26.9722297310731,9.76467342958402
245,54.507979126283,1,31.0723683378793,10.9782646011964
246,34.765415580758,1,19.8570517732122,9.19990619977478
247,41.9239846815615,0,36.0436709725313,9.97166980018555
248,26.2709795532982,0,26.1967457375497,9.28468899371507
249,42.9086451345623,1,23.6511648930964,11.0709183254004
250,46.29743697519,1,28.2811315250092,13.2819378885268
251,47.8483560029114,1,30.7114316603736,11.0861187132053
252,30.9858417104217,1,22.0543964493737,8.92464295581027
253,27.423405861673,0,16.7471511352201,9.6337048541176
254,34.1246289805772,0,32.2331693249752,10.7079209829831
255,35.104164226716,0,33.1040273772516,9.07599977762058
256,58.5061311693533,1,29.2315796064754,13.7850867235149
257,26.5720601446515,1,22.1072483734631,6.94811210943452
258,13.7862512719041,0,15.3676401543625,10.3327445663926
259,45.4192770826574,1,33.1469345220611,8.94295393806667
260,17.2416910468094,1,16.7636386369176,9.11068249834977
261,40.1720707244464,1,19.5316622109178,10.1917598564519
262,25.0358367398805,0,22.2764628867149,9.16547436896356
263,38.3992809720964,1,28.4597503249714,9.51262814974483
264,27.988545188652,1,20.3609506415422,10.6252764653637
265,36.7691106855029,0,19.9088892932,10.4346675968234
266,51.1949758055769,1,24.8102008645345,9.7043787028211
267,40.2286847201594,1,27.3222897113871,10.4174602049113
268,35.8064710431621,0,27.6894580796218,8.252348115605
269,35.3875032198973,0,21.4106049943903,10.0452347529498
270,41.3306797486069,1,20.711888199854,10.4612826157606
271,38.6081932463542,1,21.5874231435056,9.7205399332394
272,49.596930377943,0,21.8866817950968,8.99936504141418
273,29.9884695914048,1,28.9408513788666,6.80124622635008
274,60.9306455195379,0,38.8583578866281,10.7601533256474
275,20.9280286726578,0,19.5881403864918,10.5921911390538
276,53.7684974966319,1,24.5218714168165,8.33406162954187
277,33.1268095416463,1,15.1215290921148,6.7342707496826
278,47.9227481847845,1,25.9814769812436,9.85780632517335
279,40.6641507943874,0,25.8052768689812,12.7328010663671
280,57.4461114247692,1,28.9278621265212,12.2002790752875
281,40.9158259851402,0,24.6037492262315,12.8323017236677
282,26.5922418843596,1,27.4692188354374,9.01956850399283
283,54.0247911817491,0,33.8079475828028,13.0093322031838
284,48.6412286056352,1,33.9534045645673,6.91961560189168
285,32.5846903240401,0,20.6683194944136,11.7503497856026
286,43.243278872825,0,31.652445542138,7.0200224889154
287,38.9780800324996,0,18.5169725400716,11.3747830600749
288,60.4358640864478,0,30.2637500231199,10.0709516168741
289,44.3284878854584,1,22.2410713614973,12.0134695895361
290,51.4422625507493,0,28.4414266167787,11.7192298997033
291,46.7179794249775,0,29.8578568712213,9.08891359848889
292,45.3511953217916,1,24.692126515807,10.9652509941192
293,38.2155060653835,0,19.2531116528421,11.0359361615441
294,51.203768188699,0,26.0190173092984,11.9837695462941
295,42.5980371471183,0,18.9861292334075,11.4871231983574
296,40.6895224694322,1,29.262019143931,10.6669469112258
297,38.3004479524563,0,25.3272375667726,8.84419117326811
298,42.1536881960408,1,27.0093769513827,9.02449951603654
299,38.1814667682161,1,22.9258700208165,8.46523699278746
300,40.3607893512809,0,31.2344243517583,6.44953338278052
301,34.1236675947146,0,18.2468683202365,6.92969505641963
302,45.474636286875,1,32.0506959478808,10.0233788294427
303,46.9202324387643,0,33.8243457907776,12.9626751154976
304,35.8242264275431,0,35.3365174442019,11.4053774220843
305,41.4670977048292,0,29.3806029207983,12.7142529047453
306,36.0612794347454,1,16.7531477403222,8.32249349568242
307,33.6421915746615,1,15.8110953622584,10.6823227917658
308,37.4531105271208,0,23.2696358410952,9.45427476413699
309,32.3503247179956,1,14.3183579174392,11.1131590364889
310,46.0167730834892,1,29.4119893647647,10.0332542201984
311,21.0409818037515,0,23.1042200967142,8.64651255151644
312,46.8510052010297,1,36.4422483677785,6.88442025848096
313,39.9344475254425,0,37.2267615549543,9.1509470736544
314,54.483099897688,1,21.2316830784778,13.9746567000226
315,49.3993687587226,1,34.1081175018021,11.9456157471979
316,31.7847544676635,1,21.2236075001139,9.69450717983207
317,28.7392320283512,0,21.2774116384049,6.98834989173491
318,25.2081201395311,0,19.9485731232768,7.0188361460115
319,43.4395235148352,0,33.7841929881786,7.92161178555938
320,39.9083516501064,1,31.3823463974718,7.93646471767456
321,37.5155954176284,1,20.4921622539904,11.2091113888137
322,26.7674686217113,0,25.9434296362202,10.2276815302526
323,57.2049159533548,1,21.5384764829498,11.2610216327238
324,48.4535581772936,0,29.7059417512869,11.4553533597351
325,41.5752365681341,0,27.6688659026341,11.873617693846
326,49.0862120792594,1,32.1803928173405,9.08163392373664
327,55.0540186488959,0,25.4404799481031,10.5137189814033
328,28.3558691210936,0,19.9570889212231,10.1430266494313
329,45.2889299254292,0,29.4180994934664,12.7506424666309
330,33.8754137695861,0,21.8023051619783,10.3087590894596
331,27.4689635780775,1,23.2174781965526,10.8116630840518
332,47.2674450306086,1,27.2219990662679,11.8512696313108
333,39.2561539965136,0,23.881371424154,8.86351005969892
334,29.5953193777165,0,21.1544130293689,11.1292482205619
335,48.7983816565048,1,25.1770503758043,14.0968698207364
336,18.0387508036595,0,28.2240050184014,7.53715093826074
337,48.496041947765,0,25.173537454103,9.65362960775141
338,33.3986886230569,0,31.0630030496719,5.91733502786156
339,35.7420961579163,0,25.1793337579651,12.4416661727228
340,39.0268498173357,0,31.3004838608976,10.571412527922
341,41.033739525865,0,25.456945533682,12.853204212481
342,53.5223948757773,0,35.0091504909842,9.20573467220198
343,23.4954475911175,0,22.2422017889937,7.79598259461205
344,45.0040226053767,0,26.6969843353084,10.4444297748623
345,39.9541899004457,0,17.2431274792196,7.77656726282465
346,28.4627293136302,0,26.0867086749108,9.7136130122406
347,37.0922390511007,0,30.059469270566,9.06328467550338
348,33.9067596565168,0,32.0775049151901,11.9718962612215
349,37.0232603027726,0,26.7271095599622,11.1731945603663
350,42.2929141130969,0,27.8586561734189,10.6447347035649
351,53.6319394411839,1,25.751683896385,8.78621497762247
352,43.8548245378928,0,28.7518408916849,13.992637934388
353,55.1911271283327,0,21.7621341554601,8.95092386636218
354,36.5159193754778,1,16.5652444367113,11.4943886661318
355,32.0701766497596,0,29.1485765734912,11.9776716049966
356,44.1586780746509,1,29.6756436185427,4.9036605304046
357,51.6844516431941,1,33.3507152715176,8.30158879218063
358,34.8309407986786,0,12.3416190928897,10.2959914372196
359,46.3340038930723,0,26.9335209908656,8.56957797392276
360,37.1171847899696,1,20.3301949826322,10.2477177531675
361,32.8288128337879,1,21.2090126981082,10.0920801199553
362,20.2818888269532,0,21.567959239616,11.3496923304013
363,43.5664327189581,0,17.4175371252048,9.13263984538367
364,25.980376362057,0,22.6461695757768,7.38537657231213
365,37.6944984737801,0,24.4631832897578,9.15535985314351
366,39.8261683619498,0,27.4458914651032,10.2464577269377
367,45.2029986626383,0,29.9477753999506,11.3259445113536
368,30.7707567577371,1,21.0953070380279,5.47979061886816
369,34.3564384102327,0,24.1944728075955,10.7835050271299
370,34.6455159051522,0,23.6865777800976,8.10745620307121
371,40.5120896315245,1,23.3967537565459,10.8473062955329
372,39.0299082131657,0,23.9503966892652,8.38536242775459
373,34.2638334028718,1,31.7555828336377,8.11806797696955
374,42.8497915734284,1,24.3160362038019,9.47828270758016
375,35.8032287243833,1,29.1040379176033,10.1441205996766
376,31.6519100738788,0,30.060576115918,11.9441448080366
377,27.3354721974209,0,19.2730362811561,8.16164212843885
378,42.5199198670267,1,22.4749861257643,10.3531410822201
379,26.2891251901791,0,20.3365849476919,9.62681964473733
380,33.0648059629564,1,25.1629826109396,9.86585323405304
381,54.2529473905309,1,21.1633250072814,7.56685054685138
382,46.1059303514723,1,23.5191758701833,9.6595077152886
383,38.9743393216837,0,26.2715233892886,8.72428450632037
384,27.9928866905999,1,20.3940481218986,8.7201268766943
385,41.5871928395963,1,17.243513423983,12.4077757480374
386,35.9043745455819,1,32.1615918921081,9.54597993907068
387,35.5366440309963,1,21.2388002728475,7.15286280582705
388,44.6924844475673,1,22.5847251143997,11.4280476395421
389,34.0028989116165,1,25.1979400347293,6.77296102987947
390,34.4825088347099,0,27.1194874625388,10.9626783725619
391,29.5013897182898,1,28.8407655492596,9.98036121966122
392,49.9807798211564,0,36.7120177192948,11.8447537066748
393,29.6426004891545,0,21.4142423471007,9.53708014305719
394,42.9524767831759,0,21.2886873858515,10.5217783600305
395,27.7789252919432,1,23.8352137158311,10.8574140461923
396,48.3919037994447,1,24.2847934391266,14.381625882892
397,31.9165088458356,0,27.6795726239116,7.59640887127934
398,47.3602994224084,0,29.3563652656867,9.92889884062644
399,58.3979079733283,1,32.8333452197067,11.7534049424123
400,43.6452394101504,1,20.6004172882112,12.0808389734807
401,37.9637537200708,0,25.432572989714,12.6377459956555
402,48.7461873236869,0,25.6849699747475,8.79431385788504
403,39.5746584766087,1,25.1269620559041,8.91416262520417
404,41.4936913230665,0,20.4797940604096,6.88576874408356
405,51.3420946292726,1,38.6552638619677,9.25784666392009
406,38.8549479426026,0,23.9745096316498,14.0900600676976
407,55.1574104722842,1,21.3873687367607,11.8807665586829
408,36.3861894447647,0,28.5947603042751,10.9921839526789
409,35.4529169791527,0,25.4025760186392,9.29407724068196
410,26.1987991592126,0,26.351355041564,7.84385598674241
411,37.3022295497416,0,35.7117971497901,8.80720869111629
412,50.7138629364334,1,24.1550972878914,13.5250132121734
413,43.8505377835701,0,27.6492908230854,14.0395440066817
414,43.1526042164172,1,32.8541496297101,7.18517271090477
415,31.9543346050278,0,25.8835254927859,8.91068613448765
416,58.7257943807491,1,24.9812357711962,10.8446778931209
417,40.1546811574998,0,27.7873508994262,11.3942468737908
418,40.1130728826587,1,22.6960813852347,9.24539254427583
419,36.0522427672704,1,20.8681934865261,9.82947947062618
420,37.3480988484536,1,22.7314525149569,10.1538066163557
421,54.5194200158873,0,22.7348698392021,11.1567914919974
422,47.4569150476003,1,27.2824486151323,10.4631612827724
423,45.6657419669077,0,28.8827430852126,11.4801521066363
424,43.9402645001217,0,26.6437988300662,12.7943947673171
425,35.8154933193158,0,15.4927112286867,14.0127790572571
426,25.1533923615634,0,26.5238949029316,9.2959496635039
427,52.766039881677,0,24.185064390857,12.2028460066851
428,45.6243032716669,0,22.5882768156545,8.74766938197005
429,51.6417525440136,0,26.0507536694488,9.89542022213113
430,33.033422617962,0,15.1543687908332,13.3739203484573
431,27.0918952369725,0,26.1308539507121,11.2236051623147
432,27.6754521759265,1,26.1124816831773,7.41061481830792
433,60.9553876826171,0,35.6578176126098,9.86404688557352
434,33.8103523472716,0,17.0337514522243,9.15386998821209
435,47.9477594833056,0,26.5664012131966,10.0341546383096
436,49.3070400158946,1,20.9878318924482,10.3426701443925
437,46.6828902028653,1,24.7598666536652,12.7142159137891
438,22.6412186710622,1,17.5697585216459,7.78942910731821
439,49.6023295976279,1,22.0846476244784,9.41911753789199
440,46.4749022733969,0,25.5521374343471,9.40875485834462
441,39.7012198541235,0,32.2417158650746,9.42262533871492
442,51.9227253909617,1,33.9921182303894,10.901931656739
443,41.8328870601625,1,23.4012078396495,7.5706141103446
444,46.3776236012018,1,33.7473671893432,8.74926282138717
445,58.2282749843909,0,28.0036852281854,8.65167749250046
446,32.7905940949546,0,26.4420706184554,10.6568405039035
447,44.3459363172291,1,28.9584424653025,10.8483425101281
448,47.7028334005936,0,27.5478537301376,8.75352159493731
449,53.2179917406472,0,25.3535125646961,10.9753066002062
450,45.177052478538,1,23.7301198074394,10.9065058064418
451,28.3860895474223,1,17.6396317988942,7.42321178327409
452,44.054945329881,1,29.0217045926759,8.51485406558355
453,22.2136608155584,0,14.1420205271149,13.1408723579342
454,34.3326157262438,1,26.5448825133826,9.02428177831296
455,52.5449884653984,0,27.3311552072774,11.8598239210642
456,46.5316549992378,1,28.1677703742189,11.1713053803265
457,35.0027030845551,1,21.3407012288522,10.9023334050089
458,49.2326362899535,0,28.2039784511654,11.7154338044186
459,31.028897693579,0,27.0845328233251,5.95972127233564
460,35.3456318816667,0,20.7898585453042,10.5199020672597
461,34.1018808628104,1,20.2159391534086,9.32242777052931
462,54.5408388756314,1,21.844123364972,9.29629548094175
463,41.6663905578138,1,21.6912607771027,7.8094642089456
464,54.4192528238781,1,38.5496513097479,8.18749979914351
465,49.7876282398488,1,25.7197472789251,10.6673055681414
466,36.1037280175193,0,25.9486008288324,10.0133108059185
467,33.4768223541038,0,33.4264919840783,10.7929889091674
468,44.5522595475918,1,27.1980133929064,8.33393962957402
469,50.7130844640129,0,20.5366125431493,9.95060824132682
470,19.646300915961,0,29.0378851883884,12.7161351775274
471,25.7576063629876,0,20.8660296602487,10.1219442181766
472,24.5030157069067,0,25.0519957667319,12.899335886834
473,40.7245232264311,1,25.2350958822359,13.7686466236175
474,32.6265255503146,1,22.4459958182455,10.9377823236636
475,30.136982069548,0,25.8506352872421,10.6134199106187
476,44.8109458223486,0,30.3103279111114,13.6638192832546
477,42.158764645996,0,34.496202196907,9.5160416428823
478,37.6435600421262,0,18.9327320759859,13.0222152018537
479,47.3062156683678,1,25.9561359661323,8.88145934325062
480,37.7126452463874,0,17.3128781424119,8.96023098655822
481,65.7217193851005,1,31.9270357643037,13.7302030193544
482,29.8101732501316,0,22.6113054323249,10.01333948939
483,46.051209667205,1,22.1177635560665,14.7664362348677
484,47.7433514931428,0,26.8116029584286,8.6198429863945
485,50.5404711832293,0,28.3607535681713,8.53843759415967
486,48.6681818440102,1,31.1142614765749,11.3120846389488
487,41.0427763135141,0,23.0101181552211,12.6518701356591
488,50.1098802572827,1,24.7763023177038,9.65482149714951
489,41.3597479913374,0,25.0795774484093,10.3412599821693
490,51.059267937825,1,28.7437596665811,12.3985936359024
491,43.9639284944564,1,28.5126682080901,11.7713265267084
492,33.5949321965336,0,19.5537709614896,12.4098610163428
493,31.241437952346,0,27.3917405160136,11.5286955942652
494,40.6999892269726,0,22.1394558122646,9.80926608931534
495,44.3146435572013,0,29.3459483982625,8.00789858227972
496,41.0442002688526,0,26.5573732946421,9.02699500999501
497,27.8162772801894,0,29.3806807182947,6.83188029587417
498,30.1907437560415,0,17.1619039863693,9.44821528585463
499,49.0940396985333,1,30.7729658894742,7.64127430460842
500,35.5750820749098,1,11.8399528415893,8.51623093549574
501,39.1170304673956,0,30.0425578953722,9.41111203359513
502,31.3083085688853,1,23.2720442392755,8.86476842536597
503,39.6495428813289,0,23.4212725061832,9.06449308101251
504,66.2877022728378,1,27.0966134329073,11.8574716624063
505,38.3026070355838,1,27.0043833748587,9.33695957070671
506,50.2875827979052,1,32.1027594419965,9.40694158390701
507,39.7837198375808,1,28.2609986307678,12.3753258876588
508,19.2724154979178,0,25.8877101122886,10.7061748658668
509,29.6927441626639,1,18.4967957983624,6.22571344546621
510,38.860515162954,1,25.7903575119664,8.54953563213177
511,41.9977923092531,0,27.7089087299589,10.8529243105594
512,52.2436498320004,1,32.8775199579281,12.5004425162139
513,51.2020642421027,0,17.3938841171472,10.1930924804504
514,49.3745366368045,0,33.2247338508247,11.880180347097
515,53.7565096117154,0,23.0162901090312,10.0823283187808
516,32.2095507102829,0,30.3569853762313,10.6714091651727
517,32.8429301076529,1,22.1945657377211,9.72181757382624
518,40.297937729085,0,28.2188200244658,11.350961172186
519,33.3605160288619,0,23.6045060137898,9.04448074278643
520,35.5055545321485,0,15.5514172973909,9.96303721136419
521,32.0068715503158,0,26.879416449187,9.43996953363388
522,28.4295410692927,0,21.6007702280241,9.48603092261848
523,42.5906017511114,1,27.2222516980664,10.5192055035852
524,39.43483095695,1,23.6739124583804,11.6978000601562
525,35.1745737917914,1,32.6528959220719,7.22621244675187
526,51.5897094111535,1,31.0181401424898,12.3572875925764
527,44.0645963480833,1,25.6193653424232,8.1613708835382
528,63.1178595129295,1,24.2392744533939,10.1508361104277
529,34.6385974476964,1,21.8501999505568,9.8117888383203
530,30.8744807546016,1,28.994604162888,9.18531691271328
531,38.0225493832508,0,17.7541680030716,7.24902449827264
532,47.9940628294057,1,19.6259789399046,10.0369604131529
533,33.3140848051652,1,26.1559598063886,9.4881624124682
534,45.029090915118,1,23.4924396702162,12.1624516702228
535,48.9364649045383,1,24.8570965766314,8.53732777204017
536,42.8994552334491,0,22.254287029456,9.13470797094985
537,19.6313094224538,0,19.6555276878375,8.34022914524881
538,35.1620930048358,1,25.295142234408,10.411098043964
539,49.6941768311215,1,28.9566756937913,13.2590437076587
540,41.0999205034807,1,20.6023497314065,9.85062113328287
541,37.8727352268863,1,17.4675391252212,9.78746526715366
542,32.2252902024432,0,21.7460675151254,6.92401558422666
543,37.7398224590643,0,24.9648296077563,10.5061026888606
544,20.3203028236605,0,19.4974164986771,7.76950735148773
545,39.1448167017307,0,23.3040145127698,9.00591825267095
546,38.0637698280885,0,26.516918835388,8.08360106392334
547,31.1696001992407,0,16.9569782076558,8.52168399344562
548,29.8535335054904,0,25.249307263593,8.18410625657768
549,36.8796782044119,1,28.1193714307524,6.51811391504522
550,49.1287360698051,0,29.2542152619736,7.95091809045938
551,39.6340818087516,0,30.1170291685057,12.2914411551645
552,44.2994253248172,0,21.8822674008938,8.34250535792392
553,51.0643500339247,1,22.9428617589899,7.24304454569085
554,27.5615090303348,1,26.0463714482688,5.42219030703514
555,49.7894970064281,1,27.0096734440435,10.2931074142695
556,39.9383220046626,1,34.0139350831575,9.93895783213493
557,29.9849953234966,0,32.8418827678329,10.0082396106227
558,36.3855761465866,0,31.893420767598,8.96650536243916
559,22.5563342401279,0,24.6524681655262,9.51854219435546
560,45.5574198306297,1,36.0457919439543,8.52914690721045
561,43.6027752297671,1,28.0973182081463,10.6243330142859
562,43.7667074829151,1,25.4649163899697,12.4858023890214
563,40.9026285252979,1,32.2024564606584,8.19801903752285
564,38.0271882022263,1,23.3163871422334,11.0743154589925
565,37.3578561733381,1,19.6276233306862,9.58070174861214
566,48.6803691252071,1,37.8131004006637,8.88037947163378
567,52.0399683811076,1,26.7166494514734,6.56226124105777
568,38.2191166801743,1,24.0881432856605,9.00019386595978
569,22.7790111066085,0,15.4056614001753,8.687431501321
570,33.3398455053006,0,29.2645756507094,7.91102520601466
571,32.561125931716,0,29.3195670746113,10.9155192164613
572,37.8067803641673,0,27.5053608043541,9.93618944513177
573,34.9673742762868,0,17.1687771125809,10.2980016263388
574,24.3634275876089,1,17.3184198875829,10.9131036465669
575,58.1296498639026,1,24.2636468909362,15.2354312300662
576,46.5282196552695,1,27.3428652961197,5.7132564946456
577,40.8180693630596,1,23.5622346336257,11.9791781676144
578,43.9698779528188,1,25.3899147298151,13.1480948643705
579,49.4458798311969,0,28.2685037174101,14.3292407534818
580,30.8896346755143,0,30.5355776186625,9.65483957646292
581,54.0861853912229,0,21.7733696985415,12.0003119570008
582,31.0440658990382,1,10.7652545823666,8.855480899252
583,44.525992051172,1,24.0449332281378,10.1318613224688
584,59.4298136195062,0,42.8601613618758,10.0001277987805
585,51.6284815734896,1,21.5111522158681,10.2516044192038
586,39.013030372649,0,28.6327794354022,14.4900011732362
587,36.8931278508958,1,14.9233511483269,15.1332683339244
588,33.5215049668697,0,24.3127042587338,11.1589130992863
589,47.9696961020574,1,26.0832612315772,8.18637106826487
590,48.3637632543767,1,29.2887303054228,9.12312000081458
591,34.2453887072178,0,20.3938598826911,14.4273114887912
592,43.866017670484,1,23.5767529544444,11.9916868793314
593,27.4517888139608,1,14.348529288003,12.4144913219166
594,38.6673342236464,0,25.2990157088238,9.00827414265133
595,47.1531344337018,1,22.1022504013907,12.5257256679442
596,42.348087792746,0,29.9977327342712,12.0788876295183
597,34.4049994135074,0,16.9968645545351,10.5592460501291
598,49.2515159655788,1,29.6548761119988,10.8072699184151
599,43.0486626097368,0,24.0942735426709,10.5405145761683
600,26.9042819739801,1,22.2228341255579,10.1188029209662
601,38.6418836673356,1,20.222430374118,9.31895876118526
602,32.9557288483118,0,31.564624124159,9.73286811952915
603,46.8073349319448,1,27.5806456469752,9.70184671518021
604,55.200469028202,1,36.7017556527176,10.8240976465904
605,28.2044304131639,0,27.7439229868759,8.72427785657663
606,31.4331534302004,1,23.0065200799345,7.83888630193527
607,45.6822606791063,1,24.3760006823963,7.39440900148404
608,46.6848198991921,1,31.317337192146,11.2927123024598
609,50.9519490410538,1,18.291491768097,11.3310317475074
610,35.922900834966,0,31.3263963564395,8.70831045331862
611,42.2563427256286,1,27.3498162598238,11.5505595297748
612,54.7799779445283,1,23.9588183448143,8.92720163707984
613,65.3888495961351,1,29.028199218431,10.6849375662332
614,35.8143565303349,0,32.4864891596459,4.90704982015865
615,42.2907356078107,1,20.8098125992271,11.3394171330423
616,60.5099398214564,1,27.1332544029714,9.48062613380238
617,41.6346030031805,0,24.7362172050525,13.6246846027751
618,37.1284603421933,0,32.9610437195166,11.4192525877861
619,49.4407488972105,0,27.5956364991804,10.3154488300835
620,31.1284208264784,1,17.4601202600167,11.7816812043562
621,37.3273506423512,1,26.656205043429,9.23618687046611
622,14.4324194112499,0,15.3187164404819,10.9292802613706
623,33.1217256974262,0,32.28808136263,7.68428904541661
624,47.1258839368998,1,36.2325451050622,12.6867921122856
625,27.0915692201447,0,18.9669941435589,7.62045184797958
626,35.1974156265363,1,27.0798446378065,9.97633211399992
627,24.7540239250057,0,25.3439252817837,7.5246310930966
628,43.1647325903408,0,16.7754238075567,11.9669174953319
629,37.158938712697,1,21.9964185292782,10.7584488874637
630,51.4375828697871,0,26.4231508533381,11.1614099112699
631,42.386310579855,1,23.2292344408684,10.9768948431099
632,37.0844532079236,1,20.6651483002631,10.6775723971906
633,55.6074468901163,1,23.6552660569016,11.6534507141292
634,36.1141567809144,1,24.1786151767198,9.15322778416582
635,34.768456305556,0,24.5796763848468,7.17970992345048
636,48.3363934365121,1,24.2483032057863,11.0605494743202
637,33.2487811022132,0,20.0192808187776,8.28461320991541
638,36.7974371673152,0,21.242017901597,9.77691850923667
639,49.5391563107041,1,26.8015072468687,12.9187633170166
640,61.1898528497571,1,42.6691046569231,13.367949633272
641,26.1334681248354,0,25.3701259570686,8.57017490299449
642,41.1264023837006,1,18.5840244910109,7.62447613379765
643,30.2030797354078,0,28.4766037556698,10.1294951894934
644,16.7742279815422,0,23.7269680794286,7.57595000986595
645,18.8715811787898,0,18.4875119550988,8.54821779494567
646,49.3789898660853,0,19.3567938887355,11.5270953327574
647,23.4166176009184,0,16.0037859511013,7.52338876198682
648,44.3657428063538,0,29.7676225345209,6.05639082745068
649,52.9281079480391,1,32.0767864590891,11.2372595135053
650,45.2419473237379,1,25.6388073903242,8.74053918433402
651,36.5689273301407,1,25.3134040785695,10.3326865081902
652,39.1842379894996,0,21.6792048608945,12.3379022704708
653,48.4394363825008,1,24.6462511400605,6.70994916426158
654,20.6532011804301,0,20.5473078558186,8.98028988144967
655,36.3342893807621,0,24.3626316443284,10.9940597458381
656,33.7080498492061,1,25.7086452961269,9.8519938516028
657,48.9260577643784,1,36.0743012868511,8.16264488669972
658,52.1749449969412,0,24.7570430122537,11.6867229493878
659,31.511569641662,1,24.0204981064393,6.78999080313907
660,39.6197634428931,0,29.9796624590579,7.69588576121441
661,42.0543163521557,1,30.4661279100771,7.30271733619751
662,30.8827296869656,1,21.0512068813686,8.81601547072945
663,46.0270786996566,0,21.4911729488492,11.7455927739509
664,37.0944578884825,1,26.669017109452,9.75443858643188
665,55.3268135677156,1,26.2870746778077,10.0473406736738
666,26.2819794883436,1,25.0686736650745,7.22002291818301
667,51.0675988450552,0,22.0785328510501,12.5110876112702
668,33.7847850588466,0,22.7465716688574,8.01285835861973
669,49.4503754580135,0,27.0788064533963,11.144577273179
670,48.3395168872363,0,20.7518983408156,9.89205330348065
671,26.3918954451715,1,27.4947598963444,8.10941725720314
672,52.2408846069134,1,24.2373466843905,4.94069447361344
673,18.5743102798734,0,19.4987581223374,9.03447405510781
674,29.7256673443891,0,18.755535663214,9.54319723925174
675,47.9987133396877,1,19.4187600174734,11.3417870418976
676,46.1206833677951,1,29.4037624355823,11.9933123205385
677,27.4321851758653,0,21.5798590451055,11.494332401668
678,37.1833432828807,0,23.829744022036,7.69864681996787
679,25.6247876699361,0,25.9635328429044,10.0616717790082
680,21.9373487431471,0,22.2032451485091,8.6675513972082
681,30.8005587588696,0,28.6257054138817,7.94041027543009
682,39.5723836498133,0,29.9137277026603,6.90494414940961
683,48.7246654923886,0,27.9826452082081,11.0820239630968
684,52.9507112394358,1,29.121173323922,7.53080912575566
685,53.8977897322233,1,31.7020687016314,10.5386194166746
686,38.5686503558174,1,26.0143863946155,7.48332817165484
687,45.6754329448101,1,22.9336876330771,15.0393064300513
688,49.2123651028076,1,18.3876040606482,9.07211655101197
689,49.9634456708103,1,24.2470115967103,7.86867900332381
690,50.9333769163891,0,32.3546088249727,11.175248248956
691,40.0179438015446,1,26.6421348384442,11.7075651582476
692,45.780695466198,0,30.1134726245808,9.82373297144184
693,50.9550705864473,0,26.8049959947206,11.8166109463377
694,43.9438393348292,0,23.6285149181393,10.3687486870085
695,57.1011560828699,1,28.691699650482,12.2437359174203
696,40.375293023001,0,29.8074521900883,12.4190749171042
697,43.743366689883,0,19.903303237871,11.4040911388434
698,38.0290311482404,0,28.2605279589647,9.07495733062656
699,27.7646387976068,0,15.4272064210714,9.08524273279056
700,41.5435635454116,0,29.1743883492637,9.96387959284654
701,39.0040433582019,0,29.8069472125917,11.7889988542093
702,49.2032137342362,1,18.388652841118,11.1850873209408
703,47.2759941706646,0,24.6123233107187,11.9867950737113
704,41.3318873054559,1,21.1664750666178,12.195062297205
705,39.9153166846185,0,27.0787744515235,10.0244262698068
706,57.0285001316089,1,20.8903484788537,13.1039752969496
707,38.9268573233152,1,28.7923023934217,8.27676027625638
708,45.3344943289007,0,24.8481299984954,10.1177632664503
709,50.9454134015683,1,25.6842815212825,7.15582522193966
710,39.5563533371488,1,27.993920726531,7.23595210784067
711,38.5101715413844,1,17.8658855914027,11.7741197295989
712,30.1437442917727,0,22.5672949329904,10.8896640605144
713,41.5915562197022,0,24.0705078235309,10.5668847596394
714,34.3990676846765,1,23.9520908476246,9.9969993409072
715,34.4368188369728,0,21.8822872137599,8.26528039261125
716,34.620068098046,1,19.42188390709,8.90481990729342
717,47.1452139214093,1,28.2719872175945,13.2652967958404
718,25.1550380754934,0,23.4059483541584,7.02135054665207
719,36.852251612171,0,18.3413227727141,9.68866723463098
720,47.2035169671454,1,28.8299355106185,13.009788975881
721,46.7181548634209,0,36.4632633492227,8.8982853080417
722,48.0838392809351,0,18.9536467127025,10.3281421881927
723,54.4251300763295,1,24.5654942112799,8.97405205375046
724,46.6427716485803,1,27.5834505246282,11.5749557218397
725,45.9039256620097,0,20.4795374175695,13.5188357847791
726,43.3896634844721,0,26.5934661852236,10.9045933047845
727,32.1976429191224,0,17.9117890265522,11.0819374824318
728,27.621403745252,0,26.2075552898522,8.57437299215976
729,54.1323155294618,1,27.2115206712638,8.80609012853935
730,28.1373796109019,0,23.034408795168,9.94768042340647
731,36.3854076273016,0,29.8415567163159,11.7786729427609
732,33.9051094427271,0,27.6892908283343,8.56595555645878
733,37.2781563932017,0,22.6204252985439,10.842313831193
734,52.6123466205453,1,28.3114264178181,8.79615318235008
735,58.9663267404569,1,32.8260520445935,8.84067164940597
736,43.6469916263884,0,26.0478137226032,11.8785750598288
737,44.0196824387352,1,29.59439214432,11.0747928348909
738,49.5055917110083,1,30.8798168785948,8.03409658858178
739,39.0049124834042,0,24.8158882432395,7.2167681839554
740,45.3092862927425,1,22.3857564910096,9.42838329715395
741,27.3989395506609,0,15.2093998354707,8.91438591263077
742,34.4631306429866,0,28.0951413544784,8.84955864300023
743,22.2333270487239,0,23.8248961520087,6.01747273660252
744,41.9225319251495,0,16.0535904273789,11.7205234013359
745,55.6964010205766,0,26.5330287168121,13.1274903912035
746,58.3442852732459,1,23.6403460797664,11.7904815519203
747,36.829573591592,1,21.8453193862879,12.8524332803847
748,44.4926815127912,0,26.706627225596,11.5230241721568
749,33.2536716714098,0,26.4909954611524,9.07963007241269
750,53.7053356840575,1,34.6109013076307,8.38143574139646
751,30.8106573289097,0,25.1782450687603,10.9179717572296
752,44.1514240121823,0,19.7341119916928,9.39545745182097
753,35.0062929670983,0,29.2255549615805,11.9737137163242
754,26.1121822957603,0,23.9864353706234,9.69714458869019
755,38.0640843731107,1,23.7945394423679,8.26665801956223
756,44.5389232630292,1,24.5604345283954,10.6797325456054
757,31.7448813339253,0,17.5613256010479,16.0515213625128
758,54.786385454699,0,28.3632677425166,14.8761634204231
759,24.7595320549318,0,24.8383298799513,4.79819467597882
760,36.0745867913995,0,15.4876611282322,10.2189217394821
761,38.4248943508527,1,22.4023372907247,13.5741808267411
762,30.8742597332502,0,26.1816245807634,10.0143581033766
763,29.0379844352668,0,23.3981033127302,10.9030597640857
764,43.388377940777,1,12.0910471228058,11.7420991512679
765,34.2037475846575,1,29.9132457763741,6.72606010985052
766,42.901155448626,1,38.511792573864,8.95728804276526
767,40.8895772256777,1,20.8526596909353,10.567639559224
768,55.6483357022149,1,25.7654684146516,7.18642507222208
769,46.8597118965912,0,26.3107227719313,10.8519097859628
770,41.9344034246283,0,27.0554682837379,8.96321320686102
771,45.6905406778275,0,30.8108386861889,9.95405799232521
772,39.6713013399636,0,19.1158724269648,10.5978673141913
773,27.5900504575472,0,22.1274163615554,7.97940475542072
774,50.6829712957469,0,27.2968473205902,9.98246375973917
775,35.5464967708732,1,32.2356514388741,12.3071330127931
776,34.7738368818292,0,21.965769413088,7.77666205231565
777,49.9137224948006,1,22.2348953255494,9.25115533629818
778,46.4759825132155,0,30.6997420650924,10.1570101554217
779,41.7982123071429,0,29.8685572347397,13.1572089111666
780,49.9891237921554,1,29.211077232552,9.7726553313618
781,39.818923240822,0,23.9538471189862,13.0326784029183
782,40.7947146788576,0,24.8072260797293,10.0521166262347
783,39.9652455709605,0,24.2428392808067,12.0523166392797
784,37.4317727187866,1,23.9494090083439,8.38407474522237
785,22.1091631496969,0,25.6554626922164,8.8400400143595
786,38.8156507854505,0,20.8631794712198,6.90683183350195
787,34.7805503520979,1,26.9003191671008,9.60661362176814
788,39.2662106040945,0,24.8679612070991,11.9423642334881
789,26.5655263306097,0,17.9177085742193,8.98719437996684
790,48.5452147194912,1,33.7989628140987,6.84957808780565
791,45.5265829558294,0,27.9410908628177,8.6810756035515
792,34.7509549465096,1,20.8697335173072,8.75129639748402
793,41.6343089473066,1,24.9595281671104,13.3024280074324
794,29.3488157421824,1,20.5661749882304,9.10507407343679
795,50.8380273461747,0,22.6666136296069,10.2457172783797
796,34.95946299237,0,23.1858913475842,11.9773913081432
797,38.1892540393389,0,26.790954848357,9.79189159882707
798,26.2808826723134,1,22.9456586816456,8.01971719618708
799,31.4243065349523,0,22.1905354477252,9.85334069743434
800,26.4013060233593,1,24.0526703651611,10.6446423914873
801,28.0188181686885,0,19.2231764273852,12.2375064226375
802,44.951003986517,1,24.4022488904113,12.6824152064075
803,38.9379041618093,1,24.6249487361575,7.68905536125328
804,47.7958120432081,0,23.592847587282,18.7223165560778
805,32.1568493015148,0,31.9039817309185,9.15489366519553
806,35.3959891571945,0,23.0525077708692,12.1673017836106
807,55.4084156005,1,35.5267617317126,10.4940186714907
808,52.7152826867801,1,34.4460090300783,10.0288748806728
809,40.6710456623067,1,21.526681454305,13.5681212836883
810,47.8463864386807,1,26.8618936358161,13.0045269035269
811,14.7924132062382,0,18.627289746541,10.9182658310973
812,37.3161016680094,0,25.2464641030282,10.6628353205211
813,31.8110753260978,0,21.5855816785495,10.8611276138823
814,29.3027566655992,0,24.3534251138503,10.2643083358053
815,4.74408310061859,0,14.2346973047704,5.02764565101045
816,53.4300395032222,1,27.6148993688879,11.8857355501423
817,28.3211415090174,0,19.7861101108266,8.23115038145472
818,39.006072856187,1,30.9354443315654,7.69629592361092
819,29.3157688826516,1,24.244743044436,8.77275353954243
820,48.0169079726728,0,20.4868493675871,10.3967864021718
821,30.5427067482232,1,28.5093201838084,10.4824848536968
822,24.6761402758159,0,25.5569346842362,8.23649815800107
823,39.0309527726545,0,27.5465896473953,9.51755894376492
824,21.7638368933485,0,14.1525682832136,10.7711834951205
825,28.9956338242869,0,28.2769124939342,10.8045311910921
826,32.905734782029,1,24.6782887749399,11.6733709846568
827,23.8265961510077,0,20.3143462405762,9.74764808252225
828,57.1404826308147,1,30.6616358210186,8.31455942641621
829,45.3959740547467,0,32.5193828390583,10.8843150202334
830,49.8014803042336,1,24.8256669857697,9.19693074813848
831,51.4581715298841,1,22.6099670825587,11.8725166140227
832,41.1079099705804,1,25.9366298741316,9.42555455066537
833,36.9983525103282,0,21.173764298941,12.2051825530945
834,48.3641930085195,1,27.6971653813882,10.9953739696433
835,54.3189018648344,0,25.0438098686872,10.4802976430883
836,34.9903935517211,0,20.881994326494,11.1056957842958
837,54.0093006962968,1,24.8933134559695,11.7839661648876
838,42.808430737958,1,22.6136256277717,10.4391176694861
839,39.3177743064478,1,28.6803864696983,9.36636724655391
840,31.2508810669295,0,20.4643326313002,9.30439219841477
841,32.389281660254,0,24.5921950349354,7.84562796274292
842,59.6935260685038,1,31.5900651229352,8.89440649546091
843,47.1699744237073,1,26.9143174733173,11.3493716693732
844,42.2902559106973,0,25.5968554411322,9.52129093799843
845,26.4545632729952,0,21.0689261076457,9.68645583708954
846,44.1240888039072,1,27.7192192453319,13.3649847087026
847,37.2042206437797,0,19.7186559853389,7.74256182577687
848,41.2100807702552,0,24.7184789670428,4.56770248544241
849,22.7154785431656,0,29.058314108514,12.3642116510212
850,44.214432951811,1,20.9507389057547,9.37671731376126
851,38.4792576593205,1,23.7150866277351,7.06262734310081
852,43.5999621357725,1,18.5109287138905,13.9090035294617
853,32.4965404274503,1,19.6958427845376,11.8510299492579
854,41.9619166855902,1,27.4449373465392,7.91445051234429
855,40.1653157327261,1,24.8894050175271,7.76583323056717
856,45.9671472166326,0,17.5526949536544,10.9601764698942
857,44.4709244722479,0,24.9738196135768,12.7679994138745
858,31.3570927664205,0,20.899468851856,9.92196660036718
859,22.76563655669,0,20.2985393502134,8.40974835420032
860,36.2578778273037,0,28.2155385155751,7.27620313164604
861,47.7129272701776,1,24.2038552840254,11.3073944343142
862,38.8036667723099,1,32.8254931492631,5.39832840516781
863,46.327472685372,1,24.1570493292706,8.20756869038739
864,34.4037760368241,0,29.318723032585,10.6783979334437
865,39.4919034671732,0,27.1271649127432,11.1781381747352
866,37.1471273256961,0,19.9743626085093,12.5094064120446
867,41.9470255105067,0,25.758888151486,12.7687955746561
868,35.1324773101202,0,19.0275926443353,11.8956656289298
869,34.4275087467517,0,20.8508269633821,13.9218800774843
870,36.9256747195044,1,21.0097790301155,12.8794403994248
871,39.3096018452626,0,18.7535499324038,7.20086098145242
872,42.5083578395207,0,30.7711174189352,11.7208628031228
873,35.4702774332604,0,20.0081875573677,12.372113304559
874,29.2186103895661,0,23.1502505422966,8.74938086234241
875,73.5379803203038,1,34.6010032424803,10.1423995032817
876,34.0982628693032,0,21.7170792355119,11.8855188208754
877,41.6435945392751,1,20.4911171363724,6.74078635155122
878,41.5824113436381,0,28.4958021053866,12.837535952893
879,38.6017243963172,0,14.9572959314492,7.19787962949402
880,55.4953141470094,0,29.6842980291767,8.67268922221095
881,50.3748564942007,1,30.8516820212895,9.4781290009552
882,30.0488170012742,1,24.5606785408015,8.38250737173943
883,47.928375965582,0,25.2954372079279,9.70007621099576
884,34.3725300361061,0,28.9349420018876,9.16667044799548
885,55.2605577734802,1,20.8067031895633,10.97395446455
886,50.0794446163072,1,35.2973879309819,8.39189292730118
887,44.2282464882427,0,26.6885818818433,10.8608803230392
888,30.5198008677746,0,23.2698799042952,6.7717387320851
889,32.7826932502461,0,18.108608256828,7.46286225022074
890,36.3479407407273,1,26.1825487543053,8.41291278131968
891,41.3325682271224,1,24.8135834889792,11.9954621047837
892,63.1379390569419,0,35.6816445877829,9.3575081167694
893,47.4940731283895,1,27.2454780674593,14.2841392453451
894,40.4131263207917,0,17.735796435236,10.1245940051302
895,58.3942773837286,1,22.7365618073992,11.6976775145329
896,26.4503886271408,0,21.2651843832884,7.48494435360304
897,48.3045491134454,0,31.0526084399341,11.0360690097843
898,31.6743184382924,0,26.8132776590632,11.5199655783602
899,21.3571731414385,0,18.5629148488612,9.36370106820791
900,39.7352772932702,0,21.3208389950641,10.8185598415506
901,39.1446666554561,0,25.2715358661449,11.8750654579588
902,43.2112596058757,0,21.0322425965136,10.6963602615478
903,40.9648210285339,1,22.6343404403786,10.7029037423265
904,38.6117403695108,0,20.8398562712405,8.42713356802998
905,34.0777208196019,0,20.4822180280206,15.3417215734286
906,36.5073724955749,0,25.6504783316278,13.846026398565
907,42.6777360302472,0,21.310598920708,10.9477653157293
908,48.6967863062578,0,23.3012389534961,10.6931034294817
909,32.2605368770659,1,30.1896298029148,8.99743892155131
910,41.7052024276464,0,24.7997334906936,11.975736585495
911,41.8592216588774,0,25.9916939928161,11.4873424136862
912,27.2767913085803,0,30.3803385839451,10.2901204384656
913,42.0651626659426,0,29.0088228785255,12.2643899943437
914,37.393483022734,0,25.4880836602088,10.8797507776833
915,23.9282150669827,0,14.2226165162498,10.7946745833641
916,24.45001749001,1,24.0446325789472,8.21542699606977
917,28.4155979576626,0,19.9479933945186,4.43001380849877
918,38.4309298458656,0,29.5694205013636,10.6822075210811
919,44.8634418105431,1,19.3759118530985,9.52199153394168
920,44.6064355114674,0,26.4220751236855,9.21061074681228
921,28.8824869675255,0,21.368592839027,5.41568757929317
922,40.5180849477748,0,22.7803418280568,12.0296925692305
923,48.1076108922977,1,16.1843398961251,12.4772778651941
924,54.8915844330579,1,31.547504088887,9.33615297427116
925,40.8143223755215,1,18.3447213398214,9.63328842047547
926,37.1073370165078,0,33.7420267495937,9.2302700323312
927,40.4718651396375,1,30.1060435095226,9.10242458208834
928,49.3143351012029,1,19.5270397767065,10.4698537536279
929,37.8550087191572,1,22.4206631864402,10.3166106679009
930,45.4872795127006,1,18.3093835525383,12.0540067102326
931,39.6397608844058,0,20.2188973411424,11.0913047673663
932,32.3616986280525,1,19.088046897687,9.02366310760219
933,31.2122685168666,1,23.8483993285503,7.5497910584064
934,27.9576280659963,0,26.734677763518,8.68502264409559
935,40.7270400409248,0,25.198682984897,11.3598006322325
936,52.361440920402,1,29.5475204481217,12.2422566870651
937,38.9948100364581,0,25.6795435021417,7.9736396121673
938,31.5279096886088,0,17.4060432689493,7.13887349014095
939,62.8493981720626,1,31.4632509808689,8.15687485350822
940,42.4157481971273,1,20.5879675695855,7.45574252760527
941,47.0385218805195,0,26.8935097314543,12.9455163893336
942,42.391376207942,0,28.5963583426195,11.7638988504163
943,20.4200043463221,0,13.5720056810772,9.93339036559044
944,33.7039869637457,0,30.3417639964292,7.31486745885994
945,36.7217216769586,0,28.1140342616125,12.4129179855488
946,12.6429572402633,0,14.6098813722363,10.7618282953098
947,42.5476833005321,0,23.0871866485286,11.155928826507
948,43.8677936750272,0,31.7176853932821,11.3223070454809
949,38.0686399859055,1,23.7517010159016,12.1559954267994
950,51.1006881520932,0,39.2370773779695,8.44128001877885
951,34.6919216732415,0,20.8318414622204,8.00517877318839
952,42.9687820575577,1,31.2516838878019,10.3099100643587
953,48.090229510838,0,25.1770600634273,10.7113498987722
954,32.2827721837658,0,21.4910259867984,11.2999230506098
955,32.2625372226272,1,18.063372169229,7.78284577067766
956,47.8526371550055,1,20.9397163505865,11.0438909171723
957,45.6023721178833,0,27.7907972413049,8.96486242367886
958,39.5801494496053,1,27.9685220977188,11.5351874068692
959,35.4023148879518,0,25.4418649298434,8.6800676577016
960,34.1019132975719,1,19.3357305610388,11.1081720831124
961,53.7772301255072,1,27.635347549116,10.6657551023762
962,35.26360945268,1,22.0532292034263,8.09754285629096
963,44.4023273749295,1,24.8643323802771,10.8293003693577
964,27.0891601750353,0,23.8690099782502,11.1737581307077
965,37.6068422393692,0,21.7515228141583,11.3435919819004
966,24.5384207844982,0,20.5753785854221,8.15751974445938
967,48.202875533959,1,18.4408678714578,9.04999413157635
968,49.1963937156334,0,21.2982025502934,11.7311110897826
969,47.6889284176839,0,25.6910857030618,13.3499065967418
970,50.0418673421138,0,28.5428338782087,13.3069376725875
971,39.4384403367125,1,16.9123120568484,10.4382352667412
972,43.2043844400798,1,23.6844478284903,9.62201604146251
973,43.7256676687149,0,31.4779411067208,10.5964289376144
974,40.2745447220857,0,23.0646470186024,12.169509770268
975,44.6007209710615,1,22.5941494391285,9.10468973957611
976,43.1706649654739,0,25.2510607667413,13.0016791090521
977,35.6127209584041,0,27.5233078771303,9.1401246412062
978,40.4515585294983,1,29.7727895421519,10.3158697270137
979,28.7445148380257,0,21.8699383176069,11.8809290356457
980,32.2014358605989,1,26.7935755396639,7.77277225311572
981,17.8954484902383,1,17.3191617234132,6.73891834171397
982,51.1851562316351,0,20.4484482569972,8.32512182657971
983,52.2444463926792,0,23.1436929416062,8.80308206036829
984,44.7906545321679,0,20.952810671807,8.98086621916975
985,50.1441889451316,0,24.3652698994945,13.3346092646656
986,35.909188600159,0,33.4800021836578,9.7713389158803
987,44.3287485599434,1,26.7950932659534,11.244297185119
988,25.1330062404341,1,20.3869551815671,9.23619669547664
989,39.1191291895551,1,22.7577734470551,7.93931723996971
990,57.2350400411279,1,31.5172853441477,8.40665272444268
991,55.9786377493296,0,19.3211430589411,8.32985979087459
992,35.4787038367636,0,20.4886141927678,7.67465672708415
993,40.6543584410421,0,18.8909484206842,8.27056020428082
994,35.0377047134292,0,25.067199296708,10.4514706263648
995,37.4138345400694,0,22.831773140911,8.60237456050429
996,51.0414818402642,1,33.5943623853477,10.2326786876057
997,37.707065779204,0,23.1483790144074,10.541059362839
998,25.7632421020111,0,24.7367588852563,12.4971202062174
999,47.6212521629505,1,24.7749348333002,10.4673598766564
1000,39.991962001267,1,27.0741635317905,11.830364744174
1001,39.1343448348842,0,18.1471056252252,8.69198022276621
1002,24.5944012393259,0,23.9129958393104,11.8094078028971
1003,24.0608530118909,0,18.3336796400093,9.54980594128517
1004,53.5385517413393,0,27.7793486055734,11.9134895510047
1005,43.3307511923288,1,15.5986996932681,8.41594168270118
1006,27.4585565080989,0,35.1082468766297,4.67647018293182
1007,37.5519541222828,0,18.5075919294363,8.59783005890266
1008,42.7416953288037,0,27.7349138610588,11.4175402884434
1009,40.6383636305499,1,28.908071059179,7.6262509081767
1010,31.9231176425106,0,24.635121991583,9.18338340912827
1011,29.0626856765048,0,26.2379337904797,12.7893102069908
1012,38.8184953927946,0,31.249963663495,14.5549703548023
1013,56.0991630277369,1,26.5089138672944,10.8073263015968
1014,34.503138364636,0,21.6177112512553,13.3013000186163
1015,39.2200435599545,0,34.1932603978224,5.59377388573885
1016,37.1887697989588,0,26.9147549018544,8.31711356112069
1017,35.4997920452306,1,14.686720021002,6.94306905857339
1018,48.1386264967104,0,31.8541885003887,9.29849968037711
1019,50.5135753852842,1,21.1869376601166,11.5805468751573
1020,54.880244520908,0,27.0537805053846,8.81201372866995
1021,56.5757037059369,0,37.5056787763884,9.8592876786623
1022,36.559218878249,1,23.6774838917212,9.65911319580805
1023,36.8616092091816,0,26.4415161244688,11.6311773564474
1024,49.8571876821038,1,22.9021653941384,8.35992636481002
1025,26.4019072232693,0,26.6473883218501,6.14259216110288
1026,36.8270364350572,0,30.6209348404073,10.6058721109095
1027,50.8118515158801,1,23.7978287696476,9.77106267684956
1028,43.2573363960005,1,26.1039718068353,10.2322456587107
1029,49.4993081493416,1,30.4468396339014,10.1612830208969
1030,36.7328022978257,1,18.6381970635461,7.38321663588655
1031,49.2557362016981,1,25.3097470067717,11.2861352553618
1032,42.3435888590039,0,25.6850096778807,10.8766397175733
1033,35.2793756867348,0,23.4815166130725,14.3067358854752
1034,41.716620577695,0,21.7535671072038,10.14487013196
1035,47.6866880532468,0,16.7908311567695,9.90638748634876
1036,60.9541620687016,1,28.1528698569213,12.4267428278515
1037,44.9797610132881,1,25.1882049012615,11.0396267748429
1038,23.2589497713514,0,16.9512523375992,9.57663607608458
1039,30.6263369129859,1,11.7366191938359,11.9270198034392
1040,51.0112019124867,1,32.3623749644885,10.0067428894804
1041,36.1839955954635,1,29.3818536084361,12.4449764230981
1042,39.9176013967717,0,34.6779645295469,10.306058893688
1043,34.1907886772189,0,22.3022086834581,8.98015729654485
1044,44.1064350264984,1,24.2717485256134,12.9622025694252
1045,47.1667279323386,0,27.6630250216056,9.25750675191763
1046,28.9374606973068,0,22.4973958270011,11.5494756377598
1047,32.9770034450311,0,24.3861640226987,10.8663281710442
1048,49.8107342414214,1,24.0006101339617,11.7039667154572
1049,52.9782846222951,0,34.1546864252945,10.1973237171946
1050,25.6945124588888,0,18.2498485468554,11.0387866550533
1051,41.9124695359013,0,18.5308181107466,10.5690899614678
1052,33.9502020757935,0,24.6061538999676,8.49523724185151
1053,45.5794712567017,0,24.1493223526815,6.62520035718708
1054,46.3092345379281,1,22.6516764551508,11.7579548639586
1055,30.3628952703969,1,33.0032047895025,8.72573631532915
1056,36.425804082598,0,23.517804527286,10.9563677663214
1057,39.4990221032342,0,22.5007061302296,13.2761125154862
1058,42.8362407086982,1,18.4999602074096,11.0926160340906
1059,36.5296761664097,0,21.9725849238001,12.4758479009587
1060,40.237636227786,1,25.8971899950465,14.1525629461222
1061,58.7857573276506,1,26.031196073187,8.91736072514477
1062,39.2521126124967,0,26.2634079281075,8.27299215403855
1063,36.6382309721857,1,19.7531565208738,8.20868292975369
1064,35.3931411868391,0,27.680051819433,9.1965989202053
1065,19.1131897891445,0,17.6461963292542,9.52074443005655
1066,29.3146537964883,1,22.8724069541464,9.92427951396296
1067,44.3712947699616,0,36.8660215653252,11.0877371569379
1068,32.6151423386673,0,22.9206265406494,10.7384000052544
1069,38.310704290257,0,22.5646007100483,8.5228400890727
1070,59.5788630255352,1,31.7081754453951,11.9133173166173
1071,40.4802982168842,0,18.4236738524055,10.9152411393278
1072,41.7840268974023,1,22.6976114111158,8.55510629883363
1073,36.1767078638937,1,29.3024919533925,8.83869684457405
1074,40.9863593470708,0,28.4484450026387,11.6378147358056
1075,43.378228193832,1,30.9340332611728,10.6209462317153
1076,22.0222831032931,0,20.7209826747567,8.18834164214035
1077,37.2335815261645,0,28.3461913665742,7.29489477066606
1078,50.5045007862109,1,36.3172946515431,12.0292561274103
1079,31.1139896554385,1,19.5757892297583,11.2170829006338
1080,35.3792269763065,0,27.5502665318848,12.4655867066715
1081,50.5039792452504,1,22.9616820475155,11.2416435719449
1082,31.5453212247914,0,22.2708851113334,9.51311367600598
1083,50.4999696502962,1,23.1320528918929,9.83001811385809
1084,31.0528712646234,1,20.0542868116657,5.02020814389834
1085,57.6231802384091,1,27.8344120367099,10.0609979365531
1086,31.1947148625566,0,18.188749683721,9.14522517754798
1087,36.5679490529651,0,22.2342736870647,11.0194794434448
1088,43.3797822269573,1,33.2466871986894,8.7922721978787
1089,48.0760042110823,0,33.4873287069579,9.49394333739353
1090,35.5716483738988,0,14.7346452708129,10.1052399931635
1091,39.1310115450771,1,20.1833168365298,6.53468770464478
1092,38.5984728221695,0,30.3144145276408,11.1187205228753
1093,19.9429518055539,1,25.8371719145364,7.87469395326634
1094,34.84865313292,1,23.1659370133246,9.2805033809895
1095,49.5494975757679,1,31.2284611351392,8.51730373889156
1096,28.7108360064067,0,22.0373964340981,7.99554205537697
1097,49.3459307695406,1,24.7340768166435,11.5769480428872
1098,36.4963741592361,1,29.0393751576046,8.47912430664559
1099,31.9298361297914,1,25.2122929231214,7.71114421373229
1100,42.3894218054758,1,26.5206280644223,8.38453190657251
1101,45.5206989302079,1,31.0700076676068,9.03887865177186
1102,42.3214931191489,1,22.5420010399928,8.16500840285511
1103,40.4145789789258,1,32.938088170143,8.17650833242435
1104,43.1759050013082,1,30.2005469956559,12.8397381917756
1105,57.8432881515219,1,32.6596964071878,14.3626165806906
1106,39.8042412846234,0,20.0406942414042,11.1914097538827
1107,56.0492517496022,1,28.9733075314663,10.7746764512758
1108,46.3723610026704,0,19.7905468924719,12.9004812794959
1109,52.2782898675666,1,31.5467255309366,9.32299930342465
1110,19.5698616558746,1,16.7971436796008,6.88909985753574
1111,44.5537385686794,0,23.4981947560974,12.6567783860023
1112,55.1191149060404,0,31.6708678775269,11.4345428889279
1113,48.8547226179881,0,41.8788566007281,6.74302747848594
1114,24.1532194293378,0,14.3766579813307,10.4493325709394
1115,46.9279434856363,1,25.0022953130565,10.813734872058
1116,34.022737746768,0,21.7947533106791,6.80012930625253
1117,41.7434358996652,0,25.5061071704736,12.1805194949599
1118,32.483283109482,1,21.5085408523302,9.26314293287899
1119,31.643342440583,0,19.0272169428304,7.91974676489817
1120,50.368715219086,1,27.804931399706,12.7729572511609
1121,48.0828862143076,1,18.8324683193867,9.87152165112147
1122,55.5218526298923,0,27.0737129893936,13.2096651767345
1123,52.7202549164615,1,23.8823695517811,12.1048913598889
1124,39.3876304363851,0,21.954090838495,11.7190425532105
1125,48.0448271044522,1,18.2502354942316,12.715791254685
1126,43.791156448567,0,27.431118399736,10.9275207659995
1127,50.4172024761858,1,37.7887407613765,8.2946872565186
1128,34.3754507427709,0,13.6889151766579,12.0332181389377
1129,34.4490981367588,0,38.8325102786288,8.55948720482139
1130,34.3419156165025,0,27.9066012236565,11.3324263254404
1131,37.4254192778983,0,19.6350966642327,5.77976176832088
1132,22.9529313715311,0,24.2269451930635,9.60134009824814
1133,30.705826203766,0,22.9290126763786,10.1976793695353
1134,37.3576183192858,0,24.9724094859335,11.0489925164889
1135,34.4562553119906,0,22.5300676079721,12.1264339011135
1136,45.4909981612414,0,32.2383066051227,9.23736464463563
1137,39.0594119366769,0,22.7936342618557,10.7613990459713
1138,25.6113102233888,0,24.7031826359528,9.25574539825834
1139,29.3306756238907,0,31.381299729933,9.1055427300531
1140,36.7364261899915,0,24.3074695763827,7.83971034981324
1141,37.74351294813,0,31.8499614777065,7.94250128430681
1142,54.3228181184398,1,22.6394596569467,10.0066760962487
1143,35.231547295076,1,21.9743806683204,11.0422425171592
1144,29.2577017286203,0,21.2216989988961,10.4926840363999
1145,51.1003572789471,1,33.1779774987228,8.2340953920528
1146,41.3875032672882,1,14.5862022944819,11.4432531833411
1147,32.260077756243,0,24.6811050667515,7.83348088739844
1148,39.0171495344374,0,25.6114269294504,9.50331875268603
1149,15.2806342843451,0,10.4497826611223,7.20765512196337
1150,62.4635193103925,1,37.2473994633228,8.5751338112688
1151,45.6817752409269,1,21.9284148238364,11.3274464553679
1152,43.3620782272885,1,21.5655153754606,7.27753165157359
1153,32.5008068339879,0,14.240269607769,11.3609571717792
1154,40.2066985679613,0,26.4202555873561,12.4709105251905
1155,51.2660770138319,1,32.0763622676503,12.0976703610943
1156,47.6499592135434,1,32.1121781335043,10.1499255800427
1157,37.5733579192531,0,28.3253402864727,6.59123888678845
1158,36.6247310219627,0,24.3653178539989,10.8506033161228
1159,30.7543963866154,0,31.5524043217923,8.11524572922737
1160,35.5071974679377,0,23.9651125572095,8.2447512589964
1161,54.6578618529346,1,22.1136120419457,11.1529677554078
1162,52.9315679238026,0,31.285346981397,7.31645738793705
1163,40.2403675112363,1,24.4266174671618,9.16072079307195
1164,18.4090161160121,0,19.929498155911,12.4159120857052
1165,34.6509087050423,0,24.7422470158324,8.56314590453593
1166,48.8943721294491,1,25.2782939096869,9.7867212242395
1167,45.4168859937094,0,22.5057290865238,12.6535162994908
1168,39.2879458149458,0,23.8088578375535,12.1647954292448
1169,34.1190313895138,1,23.3566633883956,12.0145957859695
1170,43.4367471973674,1,26.5179956638998,11.4314170019811
1171,35.1728354053096,0,29.8106682281755,12.6223980847139
1172,40.7359909806096,1,22.7001655190225,7.88374572070003
1173,16.9694503418336,0,19.7606169645618,10.0990069897742
1174,42.8703983048591,0,26.9751358091429,9.32520968370871
1175,44.0193706644597,1,22.4518099017231,8.75658908906271
1176,43.6315503701597,1,29.6322669643776,10.9403949083754
1177,29.3603939978102,1,25.6241380567758,9.94296772442207
1178,32.8834354648516,0,19.0425352325586,8.84057985690838
1179,44.4150915259519,0,27.7557832040789,8.92441959523761
1180,44.5092732329644,1,27.1187984612621,9.55200586782167
1181,48.3042949250196,1,33.0511177675464,8.0693193800008
1182,41.2840223734363,1,26.7682529085764,8.89698543099237
1183,40.2806421120025,1,22.4150172634382,7.39415115984317
1184,39.2295119779872,0,29.0327276352559,11.1446043608933
1185,38.101373890626,1,27.9280187571838,10.0578886407914
1186,29.1339980528804,0,24.4540514551216,4.85332272810602
1187,43.6021087949064,0,18.3677771717569,10.2384053698452
1188,46.8163259973865,1,25.7398992730091,16.0809791491343
1189,15.971176118549,0,18.571738377278,10.1627273092843
1190,32.9095103870789,1,19.5308308772956,10.0334643314551
1191,52.0127992308282,1,34.4645061249937,8.68094289359727
1192,28.1377244807713,1,23.8978576853108,8.37322869184372
1193,46.2556908342006,1,26.6152179920698,13.2834158184199
1194,46.1726020765013,0,29.1237706273133,4.60994011693971
1195,35.0072607067879,0,17.0875133333221,9.7538198520254
1196,49.3015897061517,0,31.8398235556059,9.64635296888156
1197,48.0137239757329,1,33.8591506962685,9.69379630459205
1198,44.7056777332562,1,24.3409920014686,14.3187600438367
1199,40.5279741591604,1,30.9756938910597,5.74033953788381
1200,53.2783792389695,0,22.9996891015289,13.6798948937347
1201,34.1235516905086,1,20.1598441473227,8.20350602062387
1202,39.1727165421864,0,20.9882745423695,9.11541635834734
1203,47.2279917220683,1,20.6072747337559,8.41174813342527
1204,41.1856489235219,0,22.9642347515313,9.50102721980904
1205,37.4808559551171,0,19.0082055718711,11.0485001273701
1206,51.1969847736418,1,32.2489390767239,12.1827533872407
1207,37.4497119829259,0,27.3050142569308,6.56266465538318
1208,33.1493133672482,1,20.0045214225203,10.232401842267
1209,42.0857151408259,1,23.7399050757724,6.79364260838203
1210,47.9160004591898,0,37.9817244751125,9.7851222775931
1211,38.0418426871029,1,21.2515679284854,12.1436366307448
1212,44.7380701243963,1,26.7662736748561,11.5254455245824
1213,29.7827393818941,0,19.8039438398089,3.77378468065464
1214,26.8551999441099,0,20.2402953667509,6.67651355247026
1215,40.2784343842888,1,24.7375582028025,10.4142582434382
1216,19.7940776914363,0,22.5689850655156,8.31525213729116
1217,30.8188445546615,1,26.0320393707639,12.1815340299618
1218,37.0735445789486,1,20.2709032019403,8.70888628102123
1219,46.896169772071,1,29.423457672798,10.1322004159096
1220,32.564226599392,0,21.6328230106901,11.2116884362009
1221,50.8090541407794,0,29.028595686485,13.3877653903648
1222,44.9200397047657,1,27.7599668556732,9.80587507350423
1223,39.1544433629416,1,18.1409432655441,11.0511874672816
1224,38.3619592226146,0,18.7042931248085,7.0229118872598
1225,43.8432003356439,1,25.7119696462381,10.8033735060723
1226,52.1551279267906,1,23.5107351925364,8.50323696088828
1227,34.8470733851449,1,24.8691693346182,7.53113205057226
1228,32.9425557047316,0,21.078163814541,10.6979713669141
1229,35.5358620606456,0,30.101536477889,9.9805862189371
1230,40.0150140332979,1,20.1822102782061,9.95250376013586
1231,23.8229409685833,1,15.7053981229496,10.9556264846983
1232,50.8132175272417,1,29.3583984948037,13.4978453441424
1233,46.4064558154725,1,30.0934531733734,8.85301703538713
1234,41.0742231853433,1,25.5129127412017,9.71550486343783
1235,37.2318099042265,1,26.698534632864,11.3495426901538
1236,45.6434884667755,1,25.2361642108255,6.97210431976536
1237,36.2501772638202,1,27.0889033587795,10.5831585711407
1238,31.2114837772424,0,22.832252946723,11.7577652616852
1239,44.4698755725043,0,22.9996999781393,7.60943321791549
1240,32.3070409583142,1,20.200825218247,7.96986923851163
1241,43.873912349437,1,32.0368914817745,7.97038962448152
1242,26.3408216498775,0,24.2414129456885,8.88611786750888
1243,32.3190197228398,0,25.0419549015992,6.74099117036051
1244,26.7670304776326,0,15.3757889269368,8.88377791621903
1245,60.9453678451369,1,28.7656642525921,11.4719876830872
1246,18.3538247952418,1,17.6540621250609,9.86169186208186
1247,40.8823288911417,0,25.5684200488521,10.1682608717225
1248,31.6866704867958,0,34.9415137551301,9.98235326946206
1249,48.1803518383468,1,26.0323240794817,9.94197048601862
1250,74.3438959908691,1,24.335093552271,15.4974446819521
1251,44.2323918391185,0,32.9201468428015,10.0527056037351
1252,56.02309000851,1,30.1832447372866,6.87718557858195
1253,43.4732269177733,1,28.3806261709276,11.0408878752369
1254,59.3228411371507,1,29.2228291524331,14.6963424619934
1255,34.5245789256614,0,27.3958056512708,12.9957505581544
1256,48.9529452255322,1,32.9266035936404,12.9870544087795
1257,13.682091187591,0,21.9540423479892,7.90248891276807
1258,44.4512087495117,1,30.5225236299227,11.1412675387528
1259,63.9585409837298,1,27.0878677605028,10.5604767073624
1260,29.7503249747962,0,25.0748129962192,11.3982190251313
1261,21.3551165156926,0,23.6060478816809,10.9271733040389
1262,36.1547371943575,1,23.3272387887545,9.93134595068303
1263,44.7187532830067,1,22.923890953325,14.7894627465497
1264,42.9173056483183,0,28.8216813288852,9.73802028165761
1265,49.77256613892,1,35.6013603346534,11.8830802335332
1266,42.6366574775112,0,27.6260399417126,7.10182969243662
1267,32.1276183368568,1,29.4988971927953,7.67496039407617
1268,47.9657790677682,0,24.4812781230244,10.9760397248618
1269,44.7850127244228,0,24.7008655522033,8.80747548378589
1270,68.6059191574419,1,26.884658196201,10.1346125462527
1271,38.9320343411734,0,25.5599597871866,10.1097898768981
1272,59.7944573774641,1,21.3989208844409,12.6348364999574
1273,36.1669468302778,1,22.3299717506725,10.6879365274719
1274,47.9055306145788,1,22.4196893699819,11.9690527113638
1275,44.0344823527071,0,25.1935102171489,10.2607021381426
1276,44.1683875557493,0,22.8185513817335,9.11744266883487
1277,57.5607955671884,1,28.6038785845984,10.5814128493036
1278,46.7556248597259,1,14.7140444948195,9.90541531487994
1279,39.3287865188189,1,24.0237817675267,8.32468746092385
1280,35.5051659959012,0,24.0306465626463,8.5219511157351
1281,33.4193783593813,0,25.7841443728413,5.60620988159284
1282,45.8956437498468,1,13.667559779729,11.5094113438891
1283,14.8335243643567,1,19.9989198532293,8.90953927311961
1284,32.8325381474139,0,28.6906000172665,4.59045649537467
1285,18.6226222311708,0,32.7593598858098,7.76355265565568
1286,50.8039646295013,1,17.2900415757939,13.6942594289398
1287,41.7496698505511,1,24.0342617135381,9.56347027063114
1288,50.7367376336036,0,25.2820346802359,11.3953905194737
1289,43.8681695532898,0,34.8836983753128,12.8837087436607
1290,40.6673365094011,0,23.5219323137784,9.29396890225044
1291,36.7516098201791,0,25.7929069500434,11.254933380103
1292,31.1129770824367,0,16.7439402160731,9.59191342283688
1293,41.1451644015544,0,7.79621652558419,8.98317083308364
1294,45.2807600968269,1,31.2414198228812,10.7073250263545
1295,55.279278841784,1,23.288056948639,9.73431988951461
1296,43.5138442910854,1,33.5878971505466,10.0392193493402
1297,53.3962875336665,1,36.2875318727305,10.2485653046737
1298,49.851766925285,1,26.408233753941,8.40748540377023
1299,40.2169067809242,0,23.4542658110825,9.86702398602583
1300,43.319933547201,1,24.9549339070665,8.76497128152236
1301,52.5005084093584,1,31.3597467018463,9.06240077527321
1302,42.5718167562786,0,25.1369880878238,11.9213139878127
1303,53.4506579821166,1,32.4673845351469,10.2199013659739
1304,31.8161416690222,0,20.6481084643211,14.128152282645
1305,29.7481719425296,0,17.9733111525985,9.2236502425041
1306,56.267264214209,1,27.7339328550327,12.7000939610904
1307,34.1962717420617,0,16.4418489057091,8.05681006810446
1308,30.929362591217,0,29.172010196131,9.58210353639874
1309,38.5268413576591,0,27.0395251616492,11.3244155993345
1310,54.007094157768,1,31.018940717069,8.20526546402871
1311,35.8293237301285,0,30.9819597588924,11.2868935794426
1312,19.9753955459125,0,21.5142556696701,11.4199980128932
1313,39.2692334205121,1,21.3476248285663,5.72267799370505
1314,25.9448866162129,0,29.2417542937469,11.4718068240769
1315,40.1331635711357,0,25.5402537889743,6.71373977768132
1316,26.2432737360779,0,19.0318366776899,9.98611453233056
1317,44.8803652284355,1,27.3360667257114,4.83869620072893
1318,48.2638375013226,1,27.7824597795901,8.89836010605674
1319,49.9984413103747,1,24.1895194322859,11.2475017992287
1320,15.2361628619568,0,18.9184377452561,5.89674556025245
1321,31.9582299567798,0,26.0685348427616,7.52756661540862
1322,34.6960323633384,1,15.4092702672694,11.6761667760363
1323,58.2977336916884,1,27.5161123289141,11.9385373275057
1324,42.9439182747524,0,23.66439113132,10.6763275090353
1325,26.2920178546684,1,11.4154629330344,7.94294528599614
1326,58.0026921123894,1,23.3662467126545,10.3482407160433
1327,35.4593736547321,1,22.0722552013035,8.29494574003595
1328,29.5976505304077,1,24.1006098871598,10.5601841939677
1329,30.5802557010553,0,24.431597431255,9.40049928553244
1330,43.9673681164107,1,24.8397273347684,10.1273691595901
1331,18.6089458540745,0,18.2506714765032,9.88363811754454
1332,40.7768649036009,0,28.9491086645831,9.55394382097781
1333,31.2201976977942,0,21.227099212268,7.39256300127593
1334,39.556994259648,1,18.0777800288362,11.9127655809222
1335,49.2491677118066,1,27.0104186021396,11.2705776098218
1336,59.7796343385337,1,28.2960203801445,13.2047264506588
1337,36.7140022245102,0,20.179236308486,10.670491293485
1338,52.9777939072552,1,28.245840044383,9.26774923517167
1339,41.2315926302855,1,17.4912108723199,7.37593238056389
1340,33.9608058070169,1,22.7839033257386,11.297797797477
1341,44.8379133035058,0,19.7350846806504,9.74492960820219
1342,48.8907132540818,0,28.7243361550154,8.94891170576453
1343,37.0712143406536,0,17.2615446244604,12.4596242607257
1344,48.7178640672554,1,27.3280941780211,10.4603343634449
1345,37.9183068194034,0,28.7637722724793,9.15904143074301
1346,34.0748543121697,0,21.6956336651107,8.9559688985032
1347,42.7196436274545,1,18.621362381378,10.8795078326475
1348,38.6193843109634,1,20.1184674315699,9.00115785302365
1349,38.3551094433939,1,21.7090899001322,11.0895194076089
1350,53.0645921280917,1,24.3616085614633,13.9915374341466
1351,29.9237181913368,0,23.3997937560001,12.1526664774831
1352,37.2807024571753,0,27.9972732880515,9.51295866594345
1353,26.6333286651849,0,24.3823973963318,5.88863242134316
1354,38.5992708007876,0,22.2201499444717,11.7774760094536
1355,52.2018164913992,1,29.3547924953704,9.37461934009558
1356,35.1920138808908,0,24.1054741668255,7.14874348711425
1357,39.1541893288618,0,25.0063188050497,8.61349664802585
1358,32.6265040903838,1,14.8277713323689,10.9766466373947
1359,40.2179720914101,1,21.2000464522019,12.0260779253221
1360,35.8614950181929,1,20.5604881602645,10.4283969342183
1361,35.1545764327455,1,24.0927458010818,10.0444714753584
1362,38.273483121552,0,24.0731514538962,13.4191495430212
1363,34.3157853188278,1,19.3932464325874,8.19837977496698
1364,34.4897362280513,1,21.6220756651627,9.22897455781051
1365,48.5730590663527,0,25.2219012126928,7.16470504237486
1366,43.0618838914169,1,33.8379626812277,10.7063341364923
1367,36.2862191893746,0,33.5808176414152,9.99180204410777
1368,25.0501452032387,0,27.6235743684854,8.35669407344832
1369,38.8536013340677,0,21.5121289177831,12.2409801602381
1370,40.2914584240151,0,21.1886137263487,7.75176410658317
1371,58.8034905041796,1,27.8012849807287,10.3118259746246
1372,49.5303978897864,1,24.5591959590861,14.0718299616619
1373,35.6625159934376,0,23.7546662198438,7.6914673458912
1374,27.1718831859376,0,21.3941906685232,7.34884007693835
1375,51.8055237602377,1,23.9630591805838,12.2986406232555
1376,18.3873173142329,0,16.2998333368849,8.79291643045888
1377,53.5056146112391,0,36.7571847160125,11.419205005406
1378,36.2665894449605,0,24.9958765520553,10.6654562188891
1379,42.8393123140587,1,28.7271561602681,11.9233203198755
1380,40.164307974817,0,21.3457456582492,10.7756576628184
1381,60.8639055343967,1,31.0459125690961,9.50166494327199
1382,43.2012156847939,1,22.1260477935964,8.35066286108399
1383,49.4769095067468,1,22.5358753418954,11.5991737352727
1384,41.8498213187295,0,26.3162413140549,7.20148516852794
1385,47.6103987172857,0,33.7945013224467,12.0460651963718
1386,29.9007655813952,1,24.5825192958161,8.34648180811732
1387,62.1062347739889,1,32.1852971092233,11.9016665347064
1388,39.0981458835764,0,23.6850146990128,10.9962643094463
1389,39.9654078119234,0,27.6360623318439,9.32613386781407
1390,49.073106723667,1,28.5125310672284,8.80928247436463
1391,35.4662146135504,1,19.9474373161259,9.50165079889041
1392,33.5508530393952,0,24.3747617202951,11.9332238716505
1393,52.346247310548,1,21.9826368508831,12.1035985135624
1394,40.4945895594273,1,21.4775551400478,15.3169148324852
1395,43.5542292371675,1,17.0068355491869,12.0782449716685
1396,42.6688937072511,0,30.2404425752566,8.47612590895668
1397,16.6649091172475,0,18.6061650079119,9.10300840530425
1398,38.5920431761215,0,27.143796604126,8.91362937495218
1399,32.351206280681,1,23.513883040153,9.20282058291325
1400,26.4331687678362,1,30.2072704982254,10.2728619152401
1401,39.0474956352487,1,24.1042020075514,10.252825998878
1402,34.3062515267568,0,25.4467177749517,7.11707598433336
1403,39.2992752754369,1,25.5840592535996,7.77296062965256
1404,36.0832357640501,0,28.1995681710621,11.5816581391585
1405,50.5053014430177,0,22.0233379138793,10.6270661859258
1406,44.4478448933393,0,19.3654138275432,7.26817220259448
1407,36.5129525125543,0,32.3879538504713,9.67283228653264
1408,26.7497678834788,0,18.4386547460684,8.48761196888701
1409,60.7033726768485,1,28.2148288674915,13.1162829686563
1410,51.6343326752289,0,28.9428497902463,12.7032960586149
1411,35.6957424680664,1,30.155960819306,8.7044801407617
1412,51.2099309841814,1,21.6239455716249,11.9334640465213
1413,52.2083780049344,1,15.5777508979694,11.9848660641497
1414,23.7292318534436,0,25.5170890399725,9.40507608706697
1415,32.0776867034098,0,29.7846139717303,9.87587115689651
1416,48.6056517137231,1,23.5514582531665,8.85319633328325
1417,34.8909951098545,0,23.0894486418611,7.8457568410072
1418,34.995701088359,0,19.003817895592,8.820973280666
1419,25.5638229031103,0,22.3060999118415,10.8956764661345
1420,32.3835917547551,1,22.7478005590997,11.3923833589384
1421,40.0468252658774,1,28.1994470473639,7.7777549937064
1422,39.3168605907622,1,25.932046272997,13.9806679652543
1423,48.2597567792196,0,16.48893387154,12.315104173839
1424,46.0635720090092,1,24.6329186439135,8.36630110514122
1425,32.8222829667158,0,21.4534800564811,9.4903227611848
1426,35.0758262986281,1,22.1967313409752,6.79596429992152
1427,20.3286091143552,0,24.5717570992248,7.96101179703995
1428,32.7096068967112,0,35.405231490873,5.40127414302497
1429,24.4927566787222,0,19.4104597620162,9.84529508295008
1430,47.8917481860731,0,28.7551652810997,14.9296365423211
1431,55.4606224286614,1,24.469441026547,11.4936545783924
1432,39.7797189493582,1,25.7983076077348,9.08407798060534
1433,38.5520167655294,0,31.354636081877,9.18204096639044
1434,41.4806243194833,1,24.0366476310842,10.7853896692164
1435,42.80961559434,1,23.5541025617329,12.1003623201684
1436,43.6912668413676,1,32.3893783609515,9.56851630768759
1437,43.7631781098957,1,29.3509813201124,10.506841419437
1438,39.983082886664,1,21.3162311661298,7.66298742376328
1439,34.0819731765714,0,25.1100459604589,7.27726285165756
1440,49.6780583514787,1,25.5643282894657,9.76453853937023
1441,34.6625226854743,0,26.4759315649031,11.8949634654439
1442,40.5419834617248,0,31.5088524573414,5.99340185324
1443,26.2372195460409,1,27.3779015262061,6.80997378446611
1444,50.2879755717536,1,29.7200725984324,9.90844064778129
1445,39.2777502681564,0,22.369479982553,11.136173061851
1446,50.644051089842,1,25.6920658067301,8.32814217022227
1447,44.1981137019797,1,20.8847334314021,14.1637875395294
1448,43.2278267162553,0,22.3446149315944,11.4658700828154
1449,28.9189190611943,1,21.0878936798438,6.49280627275891
1450,41.381326840746,0,29.437462956291,11.8511907793564
1451,35.4639868297544,1,19.4996498630008,10.8179959989541
1452,48.7127530657624,0,18.2469782296737,14.4775766382081
1453,43.857658164753,0,25.0360877024719,10.7516294748716
1454,31.3551613666804,0,19.4207091896205,11.0196286628935
1455,24.5196748824514,0,27.4735136282221,8.08539536922551
1456,37.0492432574211,0,40.0666688240847,11.7504869608182
1457,34.5763837769417,1,23.0408402394587,10.8269503878169
1458,42.2553097455515,1,27.34637125952,11.1254122377129
1459,52.9890595840711,1,35.8543945505254,12.8491217650653
1460,31.7498333562563,0,37.2456414202899,5.48352702017119
1461,32.6153455186172,0,29.2821359940531,9.23648186356455
1462,61.0495303017114,1,33.8957846425172,12.7236773650804
1463,38.5602751067903,0,13.8736692019025,11.3654378711074
1464,46.5275632488398,0,18.3598810841813,7.57502043218474
1465,43.2919737500223,1,24.6629683304435,10.9081136638679
1466,50.8685055511822,1,21.6770721081035,14.2898617221124
1467,35.254701195674,0,27.0609600311773,4.95950714417532
1468,41.1779206324148,1,32.6089284388459,8.22600957876538
1469,41.3831945600769,0,24.0246870478683,9.1464263112552
1470,32.7608707288135,0,21.1221848620358,8.95598933221321
1471,48.1230295496126,1,31.1616170480882,10.7375264998796
1472,39.4210765065642,1,21.6420677731057,9.18227878081438
1473,62.1287952746813,1,31.6602885979379,11.357546066737
1474,45.9072164283574,1,25.6351930515276,9.65673763558051
1475,35.7836155693456,0,27.3649330123199,13.1393537057486
1476,44.3876067944847,0,26.0563752336802,9.11491131109317
1477,30.9432338164661,1,16.0579373725868,6.82487695283252
1478,25.4501514534733,0,27.0905729705046,9.65778001514983
1479,13.0892716735729,0,18.954745088704,7.43191024320431
1480,42.5503566944008,1,26.5595972440747,9.41325486524588
1481,30.0579418472771,1,21.4378929105674,9.76745989893232
1482,29.5118853818915,0,21.0706538805717,11.9923804593409
1483,44.9495187161797,1,31.2652677114047,11.4901785477716
1484,33.1756733262204,1,27.2528830856427,8.33672214240976
1485,39.7757988128492,0,21.3378301304997,10.3131641193258
1486,34.8274303279292,0,23.048384729819,8.08453431576208
1487,35.3010524828493,0,31.3092564371106,8.11592169394349
1488,48.3817397258208,1,29.9850887822043,13.467821686534
1489,45.535411992085,0,29.0611421585191,8.49669089521456
1490,44.6042575068874,1,27.4937574637801,10.7301226626081
1491,30.3751215671861,0,29.7470861649776,6.8493920535707
1492,42.0684871469041,0,19.7760546452224,14.2913139392409
1493,37.7456902701422,1,20.2936477197503,9.2187825450643
1494,33.2550514599228,0,18.1199457893272,10.6620424077566
1495,56.6679645372935,1,26.5853502556306,11.9500511187082
1496,53.5667361844692,1,25.7472204905584,11.0217846670258
1497,44.1875677571656,1,23.8162575753847,12.2771196017179
1498,42.7646100479141,1,31.7369207462418,5.13941647329343
1499,36.0655934413354,1,19.6409551232426,8.63942698368077
1500,29.4190974939168,0,21.1618796804165,8.32101883137383
1501,36.5784854600559,0,19.3665704124892,6.69878930580859
1502,46.6328815760045,1,25.204826885633,10.6008540694682
1503,46.613459488599,1,21.6278640247125,10.4690394233443
1504,52.537519086931,1,33.0650693357964,12.331754638283
1505,38.99700752381,0,29.7943361072609,7.68953360563748
1506,59.7074644862126,1,32.9532540248718,12.1733746564461
1507,54.8477455103537,1,32.1423348097286,12.7913420785725
1508,30.2249268600057,0,18.6754295679599,8.1882117163009
1509,32.9278104706617,0,18.2692998406086,8.60091838724105
1510,45.2912323984296,0,31.2907941668226,12.9211689784819
1511,39.2151633322804,1,31.0484387631037,8.77236372135662
1512,27.5711742058173,0,21.6511905639129,8.94032696579622
1513,62.0536868975217,0,25.6511622377048,12.1235062800255
1514,51.3650345951416,1,30.342283691242,8.15194836142507
1515,44.9493442075518,1,25.2105364618742,8.83302713480776
1516,46.6988199827222,1,25.1972972518139,14.5204118703497
1517,37.9586213054143,0,32.6927453754511,9.3522885640743
1518,43.8712476695938,0,23.9954284787904,13.7255370820811
1519,54.2134141605757,1,27.753728335501,12.1175748462771
1520,47.8537121804856,0,23.7468547305567,11.0071463826532
1521,40.1639108330454,1,26.6347545124076,10.1497073902491
1522,45.7960109172713,1,24.0834045329543,9.8627093171167
1523,37.5081227344729,0,25.6409222392859,11.120635450678
1524,35.8006378741477,1,27.0498525349109,7.0693970048656
1525,48.4386380941852,1,32.952055851809,8.40670454602829
1526,46.739137266919,1,23.1060412904963,11.5058885127095
1527,37.5744883241085,0,28.0056039832691,9.61110074744238
1528,36.6033162334774,1,23.7478005511329,10.4363780789426
1529,29.7046007720326,0,22.7020794111318,6.7351052033921
1530,27.0973896129635,0,21.0865277221349,7.42243331384776
1531,41.9950078737044,1,20.9535967747536,11.8318345997766
1532,38.5360527940004,0,17.8473116655647,6.57979859185011
1533,35.3666194130104,0,20.1044137455761,8.67380436820885
1534,43.6913310685339,0,25.7487465792788,10.2549810427877
1535,39.887514844318,0,17.1340430512194,9.54468478339319
1536,26.7633304283616,0,23.9635691563906,9.7616337848512
1537,34.0973522310971,0,22.9087137351813,8.02604873114032
1538,47.4324808824661,0,24.1398658116213,15.0894297384335
1539,27.3804927325659,0,20.1077551114171,11.3319985033335
1540,36.6983157996094,0,23.5950799221782,9.99543010508603
1541,36.4000132587499,1,25.5261633106425,9.65205189662689
1542,49.0966205330741,0,21.9893195846272,9.05661781443026
1543,58.3154556989791,1,26.0904615354403,12.6102387909175
1544,38.958826254436,0,19.6038346234601,9.47581648286004
1545,35.6023678834039,0,21.8712217026151,8.84031016006733
1546,39.9380574566678,0,22.4978630575969,11.6408597688654
1547,26.812893170829,1,27.6587117989302,9.41455335574972
1548,42.7774945220443,1,28.6548479361736,10.4171821141774
1549,24.96547622401,1,21.7606346093124,8.22452391048414
1550,19.8137573910635,0,13.9598027764161,10.4173452573113
1551,41.6367294408886,1,24.5829655845414,9.21815918656815
1552,53.2915574435671,1,33.1579960895944,12.4536515842878
1553,41.657151069527,0,23.1060836217753,10.7406840204009
1554,32.7007715083734,0,28.0153250141757,9.80359912595005
1555,31.8804941867931,0,18.9099655341797,9.29493204875278
1556,55.6848236551277,1,30.965244732214,9.64830626451455
1557,42.681709637765,1,19.1425589809479,8.38529175205299
1558,49.2928823605856,1,22.4831782656704,11.0375663861928
1559,56.6118374132442,1,29.6640029970465,12.1991135616818
1560,34.3447361112404,0,16.2345768252251,12.3585819811935
1561,52.0091731407097,0,36.7120113397838,11.8795958965997
1562,44.2740932020114,0,26.9873066493543,12.9120823002324
1563,38.2365991885197,1,24.2325192538244,9.25968426095025
1564,31.3041477342776,0,17.4818368977621,10.0068029127848
1565,38.9772138913797,0,21.1594596561839,12.428782738959
1566,32.5701687514439,0,27.1729561820359,8.97107459588954
1567,22.6106266599538,0,15.1722742776229,11.8634929590758
1568,44.6768879914316,0,34.1502733537182,12.9575192981312
1569,44.6140843890341,1,25.0256937602846,9.63086046653845
1570,41.3541141481819,1,27.6223979914051,6.01881384441109
1571,41.9479896942624,0,28.4053049316671,8.02011320672668
1572,35.7173124603092,0,21.781799061092,11.2535864373825
1573,40.3736502082186,1,22.3605865646699,12.1459584644949
1574,47.9261671249886,0,16.8528184831781,11.3650003663356
1575,37.266307958305,0,20.9737766620169,11.0599983363323
1576,43.8721604529717,1,19.0077804346847,7.34282017471297
1577,36.3176079883214,0,20.9982588652595,6.77396736696971
1578,27.4015648070485,1,20.0171786598606,8.22070487407982
1579,59.7764477527188,1,30.8953190400921,8.97108271827356
1580,42.4451211277841,0,18.6406258460292,10.6872964749904
1581,22.0763130082297,0,24.643812667448,7.78169027593308
1582,35.6079340258054,1,22.6019462409363,6.30714431716294
1583,47.1326401668844,1,26.9802650828345,10.879345834142
1584,46.1861463133287,0,16.3917771868055,7.48340220519955
1585,40.7234771577565,1,23.9373408607595,9.16724848050883
1586,22.1330740786118,0,18.8150822702465,9.01209448021529
1587,51.1028339854367,0,31.3566668022275,12.1196200008393
1588,41.2939769340772,0,24.9016364917808,7.45812637790358
1589,62.9128899113105,1,31.8112062192036,9.76063125726006
1590,48.8968257983129,1,27.9011341775218,10.2919515243613
1591,53.223357702995,1,26.9155500697793,11.4611372471592
1592,63.3951618669475,1,33.3278829462998,9.95004138951921
1593,34.0432688290734,1,21.6577733569422,7.68352149600917
1594,32.4505544372272,1,21.3717223762467,9.77277973390899
1595,38.1230333263103,1,29.2494266966614,11.091345543242
1596,54.9559791353301,0,26.9989517000477,12.2625249811663
1597,38.2205131661813,0,17.6795740563775,9.24796099004457
1598,38.5930381243061,1,28.6772676120805,10.6136395107085
1599,45.5722375086579,1,22.5221427570433,6.86659544955657
1600,49.0554831322399,0,29.9518145786749,7.60576889917966
1601,30.7902354785855,0,23.5933563530277,10.4678298374178
1602,44.3199229842665,0,30.8469666234781,8.6663437252586
1603,45.996146668694,1,27.6827757335222,11.4661285335945
1604,47.4377655064081,1,28.1211953292453,10.0466929880173
1605,61.9940466766821,1,30.1896002862823,11.0393525460277
1606,48.1062950740152,0,29.292751917818,7.541034563399
1607,38.5886048991722,1,27.935691051735,7.44764971023438
1608,31.6046110199973,1,21.5853995532734,12.0341036269741
1609,34.0363084464291,0,23.3822256346315,10.9173208665611
1610,26.0237467008914,1,19.361106859849,8.68775392681076
1611,32.823933677277,0,26.0303204925683,9.7562248205183
1612,58.9939332960464,1,27.9844971028665,10.3371485417944
1613,27.8964998948359,0,23.5710894962996,10.9384037333794
1614,57.4174019225579,1,25.0370123233452,9.630282523874
1615,47.6319089811092,0,25.385177309765,13.4755695028085
1616,39.6940185530429,1,28.1171474670451,10.2148554904448
1617,35.7254372512328,0,19.3137466449382,11.4554869074542
1618,40.4897076871779,1,24.7274475595968,10.0036819137335
1619,45.2587503417446,1,25.0547246910579,7.3926247537918
1620,31.2419803449772,0,21.9139160918927,6.36495229064937
1621,40.6000475728848,0,30.3634037545931,12.8448130704304
1622,38.6375868072844,0,19.144435497894,9.75251858573041
1623,45.9228713937267,1,24.6967488438952,9.24796059839527
1624,52.4791923942608,0,24.3553428156716,10.4420311512808
1625,24.4479998216031,0,12.6199388963376,6.47653389722701
1626,34.6218367750203,0,26.3412233566702,9.10437863655375
1627,50.8422358028796,1,29.0938837903939,9.66421555129874
1628,54.0563700078473,1,25.1326540833116,10.6457492781367
1629,35.1934031755501,0,24.1459309484373,9.10365528512137
1630,27.8464545477566,0,21.3067980689289,12.4703999058174
1631,29.9649788947142,0,20.2865699624668,10.4941455663748
1632,30.7676886340339,0,27.5817465520527,7.39730975315602
1633,31.0794516493141,1,13.6846008669327,11.5799158576159
1634,48.6720204127514,1,27.1708948689766,11.9479300325516
1635,29.9005076393057,1,27.55611287934,10.3616089440797
1636,51.8905005838293,1,23.7305168610377,8.28443148343331
1637,25.9061575842753,0,22.7511914296243,9.63432846667196
1638,34.0595903412776,0,19.2785423168884,7.25095573841797
1639,25.5028983436659,0,9.41276376379589,12.1045810474952
1640,44.2144070230432,1,29.615283163075,8.58704136570484
1641,35.2765326347854,1,17.2888486470079,9.16854069735998
1642,41.66856939922,1,14.8747574842504,6.07696679225729
1643,49.6070941550763,1,29.0237863547384,6.67364273322477
1644,26.9095234861876,0,26.3212856154603,9.25744357076323
1645,39.8677797747492,0,27.115596032931,11.7006235579222
1646,42.1847893326332,0,16.0866480456593,9.81139575249077
1647,40.9378400282409,0,38.4922197808472,11.2074231276006
1648,44.3747466643352,0,19.6957057841224,10.7045379362984
1649,36.8337526523504,0,23.8329207913837,12.7938377559234
1650,50.5080597755214,1,31.5975972193969,8.82035480452104
1651,38.4502341309915,1,27.7679563604161,11.4686398971288
1652,26.0779594217535,0,21.2550590598426,10.6534096646037
1653,41.702009791046,0,24.6030913761974,9.30248467844106
1654,37.8845423200143,0,31.711202275282,9.72246009238127
1655,29.9724384903944,0,26.2612216160698,12.0845802747716
1656,38.5776589640491,0,23.0858971137439,8.41044102329036
1657,32.4726893399875,0,25.6497872643775,14.6960709275553
1658,47.4345475732829,0,31.3974231710568,13.8933870854865
1659,32.0276378416519,1,26.3294757327068,7.0918849860799
1660,35.3660208070028,1,20.701992457971,9.83283977698173
1661,34.3553610796334,0,25.5786386316478,8.43445426717655
1662,33.3282955786346,0,33.0504470676252,11.7772954388499
1663,44.2706268614865,1,30.0894607576972,10.1173456787937
1664,33.2362613864547,0,30.949166992106,8.09433699528308
1665,47.3195188466976,1,28.1654290742752,10.4880154999999
1666,29.7089280901072,1,24.9395636907727,7.88313623075893
1667,43.6278967632893,0,30.6648303775354,10.9978055442652
1668,36.4242537517184,0,24.9038712940585,13.1230538165225
1669,34.0867159068934,1,25.8862446038995,8.81045993142719
1670,54.6380818083737,1,41.9734818562068,7.22843083324205
1671,35.773861670563,1,23.54970500369,10.8117613332142
1672,38.3221228278869,1,23.5964137364696,11.9871352718394
1673,22.716828575657,1,11.5314880893494,9.08770966100478
1674,32.6506500961286,0,20.0214037599177,7.25034233482622
1675,25.894646218482,1,19.1569051215372,9.62562024245729
1676,37.8818532456776,1,25.1359596568638,11.4531693318726
1677,33.5952150227062,1,23.2280490529005,10.3371300031145
1678,46.8933468351915,1,22.014202230187,11.1791255272469
1679,30.5904308467905,1,19.8802031031332,11.2570880347262
1680,53.0890473668667,1,27.6948164909394,8.83623562705953
1681,45.96061162406,1,23.3249711677802,11.4011478486503
1682,39.7284464310912,0,27.3789107420031,8.386219808094
1683,60.4815241245458,1,22.3268271392497,7.37001506709052
1684,26.7855866304826,0,25.0136986607584,10.1598943290993
1685,42.8710555872936,1,26.754220046228,7.67837228314356
1686,32.4534363132789,1,26.1308108330763,7.23345531866455
1687,45.5894131252116,1,25.1755801924009,12.050465141684
1688,52.6819326667403,0,24.2220746364214,10.3582900128608
1689,34.2923614691266,0,26.8351600598212,8.6609471574846
1690,40.1182454846059,1,25.303586746766,10.6622029867139
1691,32.8120361393281,1,30.1413077984566,9.2900303933859
1692,37.5672034010684,1,27.5651351742177,9.19897458760566
1693,45.8822778643091,1,27.2069083404086,11.9745586072128
1694,40.845652461712,1,22.8507816695541,9.00724826580651
1695,67.085581186128,1,29.6654155243377,11.0102622972267
1696,36.7959626147917,0,16.7059328216826,10.0254602329556
1697,32.5897937918169,0,25.1465053524407,7.03789137390381
1698,31.211784767485,1,25.1204088690208,5.02799397063611
1699,25.9696176915701,0,26.6174062556497,7.47764756808091
1700,34.6164819733588,1,24.0652441913532,8.03539713852278
1701,31.3578470795208,1,16.9716156389285,11.607462456115
1702,32.5624133868973,0,23.6106610944654,7.61962833434602
1703,29.977870355979,0,28.7648516054248,9.94870267984068
1704,25.7172862125498,0,31.4752657310696,8.2002876902047
1705,39.0721771522124,0,25.0330379195443,13.385384808941
1706,40.2722188073424,0,19.1672961079095,9.52655875340524
1707,42.0632111712863,0,23.3807706583383,10.7208326491215
1708,37.5337257778692,0,28.6784848048118,13.1829227190144
1709,37.663291810777,0,29.1845596009596,7.91210602955694
1710,39.9203231519973,0,26.2666687941442,12.6519151035902
1711,46.7007344065427,0,31.0858325721873,7.95862277904141
1712,44.8203002443288,0,18.1648553200194,11.7088359551386
1713,42.58352765792,0,26.4606676690364,10.2852108716589
1714,40.7701274334882,0,15.2241450555047,11.096083499636
1715,45.5716921665199,1,27.9401906069516,10.1076440042319
1716,47.4888985311818,1,32.6980732909201,8.05388338710701
1717,41.3728217579243,1,19.4974674743565,10.0652631992528
1718,48.5649079323816,0,24.0406487715672,7.25356151315527
1719,51.6414204567684,1,23.4954048715842,10.8190161400484
1720,39.0284830546152,0,19.8605811635701,7.86474126308185
1721,35.1721239715866,0,27.3051441869121,12.6181533114698
1722,33.0968628368421,0,15.3768496218867,12.1633667627285
1723,33.1292614106423,0,22.9572290115427,12.8055365351496
1724,51.9280238488125,0,28.2768876805527,12.5495406471612
1725,31.8977783764468,1,27.9604031485241,8.06541355737837
1726,44.2799149811242,0,22.7425619151496,13.7624461603412
1727,59.083189800772,1,29.7050682310873,12.2028709375145
1728,33.9746629219277,1,21.6758580196897,10.2995561110488
1729,35.7826701164478,0,21.6882999319488,11.0407242808721
1730,43.348758535875,0,22.8453920544087,11.3869328434985
1731,33.1936031468305,1,27.88260761803,7.77456495140326
1732,53.8276818031412,1,23.8213491428711,11.3117051493254
1733,40.5539484673823,0,19.660192911143,10.7523853807528
1734,36.6666217081255,1,28.4038868030406,13.0829437519924
1735,46.5537830600248,0,22.4765755162481,7.29062944734829
1736,45.3909361990734,1,21.4861141592039,9.7731926654507
1737,44.4662234133481,1,30.7598703043591,11.131628189337
1738,39.0341440834409,0,17.0534908882191,9.11963707111747
1739,36.7207072238465,1,22.1172635638989,8.33455834227422
1740,48.7962294942046,0,26.9022093037631,10.0066863636589
1741,41.3266051812565,0,24.39679147565,7.6280079058531
1742,20.7819335762344,1,7.08124267244827,10.45285779136
1743,37.0337450760428,1,18.2580625967706,7.58126818845751
1744,42.9134697325452,0,28.306459913502,12.6019252411634
1745,32.7361110851395,1,17.8662559561879,11.678176481338
1746,50.135530888654,1,26.4372214170575,9.36008499894424
1747,67.4736878520751,0,40.6351262975622,9.07921861960206
1748,34.1388548589923,0,28.6516491326524,7.98607380581653
1749,41.5103072511391,0,23.4684814249343,13.5235258364031
1750,31.6711978361879,0,17.4831190893782,5.74080849502685
1751,34.0016988209243,1,20.0734580683037,7.74769585711784
1752,30.5569646323968,0,28.5821719818828,8.00175896431531
1753,38.1025261899863,1,26.8879624005656,8.25394238704497
1754,28.5806395263252,0,24.5560966982718,7.99019349028937
1755,32.8177298203633,0,21.2414920642642,8.92570732930912
1756,35.8064994763451,0,21.0375079495332,9.13876239561841
1757,27.807871101249,0,20.5547699164267,10.0500836054626
1758,42.6226245936845,1,28.3499238587477,11.0274075911268
1759,42.8226299094585,0,24.9655120625483,11.9569118110333
1760,30.3006503342433,0,15.6527799320633,11.0006160120912
1761,29.2282710949448,0,26.4916324632096,7.82601423600911
1762,45.9726246774782,1,32.5156939233342,13.2380687936014
1763,31.2983900559686,0,20.9804177248084,9.27133994682549
1764,22.4788862344823,0,20.7868572818734,8.75740188379437
1765,30.9782134836696,0,26.6277326892544,8.93904222318646
1766,33.8763993832796,0,28.3311043189453,11.5107212695209
1767,21.6597173247114,0,22.7639408457064,11.7376178254156
1768,44.9564426996452,0,21.7647004425365,15.2108117480267
1769,49.6786500322367,1,31.7305398677518,8.03668347459554
1770,38.9717136416191,0,26.9318366414201,11.0868928963279
1771,46.8283261424812,1,25.793845350417,10.0585796119763
1772,52.7479425356233,0,30.9771397675235,10.0519042867623
1773,25.1391482913438,0,20.6832328848768,5.11239833745892
1774,45.6800628491651,1,16.4008883278512,10.4737680264732
1775,39.821382741508,0,25.9278040796094,9.30967262512767
1776,46.8020479581608,1,22.3089891682297,11.6804037198539
1777,35.8047058407399,0,26.1492911284235,8.32243314623177
1778,38.3322358497512,0,30.2621766666687,10.1806632534262
1779,41.9832669707807,1,23.7578762851465,7.53704591631644
1780,32.2948186614401,1,27.6880529085849,9.73427452050362
1781,36.7948390230153,1,34.2560600280178,8.47521907326436
1782,46.4043586770443,0,31.6681887538587,11.6555809547261
1783,42.2109275656259,0,30.373303321927,7.23375792806177
1784,39.1427647273111,0,26.2089918258094,13.6899754678816
1785,30.4843217331507,0,17.1615557214671,11.1829457495554
1786,48.3989784213878,1,28.7055506238656,13.0389065352451
1787,33.3026204200518,0,22.7936755555818,10.5831457053899
1788,29.0982005971698,1,23.2496977327794,10.4570395299839
1789,47.9192358958887,0,25.6707678238325,11.8367959176616
1790,47.5635784875427,1,27.9893416891967,11.0681999038345
1791,60.859099326245,1,35.4906914345098,15.2081520348603
1792,43.1028182356666,1,31.5459492930295,9.39879897271103
1793,32.7680488087091,0,25.6814713972703,8.89297994305746
1794,36.2697421804357,1,32.6235868556978,8.45006418882474
1795,42.3046949657558,1,33.1625001412362,10.1036818570782
1796,45.5476120806903,1,22.957109722912,10.9852303949631
1797,57.269402408722,1,24.1256872953834,11.46477278476
1798,22.506276780005,0,22.2006267692976,12.7997488302959
1799,44.6076995677786,1,31.5418499771316,9.06135793479116
1800,51.337263030677,1,31.1781387559021,12.2796890050825
1801,31.9665352427488,1,20.5858841711012,13.0994708539769
1802,30.7196304027139,0,25.5749295194734,7.16205317415338
1803,53.3924267398694,1,20.3422168639285,9.05245105743685
1804,67.7775384709101,1,38.2568899028442,15.2835138090889
1805,28.0559747272466,1,27.3307441035763,6.99184099119029
1806,33.0231346515824,1,19.6991653481951,9.48777237111808
1807,27.9189121904205,0,24.4676674199304,8.80587573443304
1808,54.6624023505869,1,24.2373546006492,9.61712512988555
1809,39.6435948773721,0,21.7425882823819,9.74249388982497
1810,31.8420457137536,1,26.680860835692,8.63876217056432
1811,43.707585635588,1,30.9718495776058,10.8012567421666
1812,22.2399697687516,0,29.2665593023771,10.2284686968156
1813,54.2056664258303,0,36.0408426372621,9.21729391148368
1814,36.5616985433179,0,31.8794131732259,11.2097335225771
1815,41.4160821056936,0,25.233571490266,10.0988076692609
1816,59.9252758719585,1,25.983095172518,12.7038304867341
1817,44.2915638329324,0,21.6451508601871,12.7733051349353
1818,31.029185020173,0,24.4332022137207,9.66208921014244
1819,36.0408416239335,0,27.7065692331236,10.6763636242006
1820,40.8472516329404,0,22.6817685564103,11.7575277199039
1821,41.8256530265664,0,28.7563554843277,12.5285335798581
1822,49.7629190004104,0,29.0878381040621,15.135912852801
1823,48.5758124063475,1,21.8121804896334,13.3721211314691
1824,46.8496107709549,1,28.0540989555532,10.5882403123875
1825,29.4080442030278,1,19.8410985080431,8.60660535599589
1826,38.1757738319429,0,26.4494788728511,9.7222244352839
1827,38.9210509078462,0,12.2663567672306,10.3091552813727
1828,46.517021549805,1,32.0862642074605,12.8499501409314
1829,27.2528921162776,0,26.6127574586579,12.311241219573
1830,39.4102123412232,0,18.3876531593081,11.3580912042675
1831,38.193593645342,1,24.2717069355951,7.5763705736835
1832,50.0913169123921,0,27.874087788477,10.6530626272341
1833,33.8952144480318,0,23.6421627175898,9.60873315072582
1834,39.4959245927968,0,23.381483460033,11.3196346558867
1835,32.6113410195242,0,25.2139755769586,11.0280503015345
1836,34.9970835634738,1,33.0206740711384,8.39562110271953
1837,26.3304264403949,1,20.2475156269141,4.80808792963079
1838,56.9753623057828,1,27.8769022460715,9.76892105942528
1839,30.2689788192395,1,16.8071649698953,10.1528531257219
1840,29.9417029002026,0,21.0420147255895,8.21160015805993
1841,31.9238658840933,1,23.4441634537201,10.4318463562526
1842,40.1326422683246,1,28.9495107137706,10.6480932685702
1843,33.3002312749542,1,27.3264677987013,10.1829098638251
1844,24.5217715560067,0,21.7970901397842,9.40480106524879
1845,48.2640620838732,0,23.5440215554049,10.8163593749583
1846,50.0037622695119,1,31.2119542256323,10.6793204829054
1847,44.2106710953411,1,20.993440488753,13.2821174776564
1848,37.0697782930635,0,28.7403499970845,10.3464732863075
1849,56.7212217817857,1,35.6738706188206,10.621166653095
1850,42.9019535922405,1,26.7872577970784,6.58909165351919
1851,49.6197089853801,0,24.853657012813,9.76699478828862
1852,28.6348812656632,0,31.2980990032021,8.23894265742748
1853,48.6739340513961,0,30.1296056299887,10.5371972961015
1854,37.1145786319201,0,23.4236253793274,9.21926014462014
1855,47.4981779521946,0,26.6639396116141,11.400465069185
1856,47.5795869926804,1,25.18475685419,12.3743015920203
1857,42.1330398871979,1,24.6239700798662,12.5170353602273
1858,36.0167852951983,1,16.4818040122722,11.5766869332904
1859,31.0923394963071,0,20.7661932324176,7.81036773469386
1860,45.372300541541,0,31.9521746663048,9.73956154750541
1861,50.3431906107465,1,24.5625283833484,9.41114619953923
1862,37.7949965710159,0,27.5203290701666,8.48363261320909
1863,35.2428106282612,0,26.6074580515417,10.8981899278797
1864,53.4901153336999,1,29.4359721452643,12.9828407295974
1865,39.6980482892801,1,21.2130070202398,8.14069910429746
1866,32.5823406862033,1,22.6706424666587,11.3602163067204
1867,26.8098621718609,1,30.9165547591142,10.0438484659501
1868,26.0559855389295,0,34.3491849596575,7.23183659319569
1869,50.381688556469,0,24.2813204447686,11.7879069087514
1870,30.5345617532361,0,19.4449540192343,8.73364951735524
1871,45.8120772211581,1,25.8303217090238,7.51838415949974
1872,38.3027765185052,0,19.6390931405539,11.8262093329107
1873,39.3548748398189,0,24.5669002012291,9.33208659074569
1874,39.9688327482447,1,19.6061865655092,8.92227285515072
1875,38.4216021962587,0,26.3024594666684,9.32889258899857
1876,46.8613841974506,0,30.1530403832116,10.7832533605694
1877,42.9221826962043,1,25.5741381982944,6.66075136475756
1878,50.0209559647103,1,30.1798171996489,10.8892173835903
1879,47.9234765724972,0,25.4107026547865,10.772738832438
1880,43.865000294804,0,19.1944956866633,11.1069080031196
1881,34.7257605510246,1,23.5719934653475,6.86789219778862
1882,26.2310140598837,0,13.6148784712461,10.4988000710957
1883,49.3877765037689,1,28.6675748262815,9.6412427916232
1884,29.4341302861212,0,18.4407400371063,11.8103989714315
1885,48.2012301103281,1,30.06948223675,11.3867829798085
1886,32.2721467332324,0,25.2198610981778,7.92178638977585
1887,37.129032708223,1,30.4533199075417,10.9723739188731
1888,39.976719955949,0,20.9742186135197,11.4943125066801
1889,28.7650776115101,0,28.9095008655253,12.4981463142381
1890,42.6884784110403,1,25.8970794728921,8.60854204629458
1891,52.1244607964384,1,28.2246273711097,12.0648106402319
1892,49.7740134213312,0,30.6603453660341,7.93342383674463
1893,37.8687568282141,1,25.6761527095767,5.9763944795082
1894,38.4442982056734,0,26.4745003447916,7.32702036497375
1895,23.4522727828076,0,17.7372215866422,5.12818167381276
1896,31.7151197393275,0,25.7751921826981,12.837396955287
1897,49.4508089581499,0,29.8954083420106,12.799502123921
1898,38.5429911038482,1,30.1761081545203,12.3759727473071
1899,34.1216255749891,1,27.3776876463931,6.721599248305
1900,40.8336244095437,1,27.1517007621977,8.0740669711345
1901,40.3850359867697,0,28.8468669119786,10.5101429690312
1902,25.9998208678577,0,24.8124823774307,10.5762056608712
1903,42.2612570831341,1,18.9686376276381,9.06086138845335
1904,25.8013190250569,1,20.225578789595,7.53653144107333
1905,53.103692023955,1,25.3587610990713,11.4558028528115
1906,53.9526409257705,1,29.6300472287851,8.05522818601721
1907,51.5148733714828,1,24.0261337031955,10.2210551855644
1908,52.7505432643043,1,27.3873118296619,12.6821540472628
1909,39.3698286297847,1,28.0950527025683,6.65657361862953
1910,27.7818142493795,0,15.2688505539716,12.2808861185573
1911,52.9664313510641,0,33.248522365686,9.95273649906506
1912,29.8762508870349,0,25.0047663633129,11.043080839824
1913,32.5444176344363,0,22.813539572024,8.65088986627207
1914,46.3368986363032,1,28.6294839914502,9.97696295989193
1915,34.7182864404284,1,28.7062982317025,8.24384308195666
1916,34.7208310613767,0,30.8109275606733,12.6930172100208
1917,38.2219469038801,0,24.6033838770863,9.06637807069777
1918,26.7495099707887,0,24.1872902868647,9.90660600773082
1919,30.9630084418109,1,21.2993026714547,8.9888676534552
1920,39.1253222324365,1,15.4608225377834,11.2470679515234
1921,44.8178905744566,0,18.9655047622448,5.70462554471627
1922,39.8032274181288,1,21.1860438669344,8.83457499660668
1923,42.6991823995289,0,35.1727763866994,6.53238612608729
1924,41.7766595704206,1,24.1307759162578,10.0662420259
1925,27.4868506817034,1,24.8185954517295,9.78399645235268
1926,33.2238586026285,1,30.4784633513224,6.25086765836813
1927,47.5004760326424,1,27.5203051575551,12.4320090387523
1928,33.7362404203862,1,26.8267275670363,10.4580883519926
1929,45.607001690648,1,33.4927630752903,9.87876484522491
1930,34.3124263834699,1,31.0746278062505,7.43943410013181
1931,41.0746585744396,1,27.5373937255038,11.7986741852937
1932,54.1901429538773,1,26.7780435826942,15.9369109498326
1933,31.7489424015191,1,19.7026477873167,7.83613354986837
1934,35.2305466139155,0,16.3206354469561,12.3997021653986
1935,31.3150701109804,0,24.7497089794958,9.46191513525602
1936,44.7546776186102,0,24.8037475443856,11.9896417168566
1937,45.5167309574456,1,26.3262043750262,9.37068115827342
1938,25.6180085350057,1,30.8283486260252,10.4438496813745
1939,55.4744978180619,1,25.2243451431064,9.53459537916892
1940,39.762618954613,1,16.4321967971325,9.53988104558337
1941,30.1390294545153,0,18.4582673748493,9.03468919804034
1942,41.5656802486271,1,24.9921471371588,9.86776932078973
1943,36.8201590361172,1,25.6498631930447,5.53804177606585
1944,33.6798887798122,0,18.2325648562391,9.11584480027983
1945,41.4209455021144,1,35.9229326368158,11.1758066288337
1946,35.7083759327972,1,28.5294985568355,8.33375769365685
1947,45.3269467236744,0,22.2898833267413,10.9994110824269
1948,41.6763952899032,1,34.42683735339,5.99274159879284
1949,48.7889183982731,0,25.5143773253038,11.6204757015843
1950,24.6467418656713,0,18.2544799540753,10.0552360329774
1951,50.5843583792872,1,25.960371258625,10.4332101792181
1952,41.4501817396186,1,34.9218744188451,11.238044517345
1953,48.7286125907168,1,33.708181236929,8.66484429602995
1954,48.4017452499834,0,19.859395935974,13.5102721536338
1955,29.0387801725241,0,19.6360591833214,10.203830202113
1956,34.6983899589623,0,27.9255625034606,7.78823149534548
1957,35.4770316014145,0,17.4322146866453,7.59718041620366
1958,41.2695518926814,1,28.3213187652203,8.9698507449485
1959,32.6100262242914,0,18.3020405985133,13.1360768518534
1960,28.5972064933365,0,17.9573106465291,10.3045119885378
1961,43.2774003911272,1,31.3497705429445,5.51086036318855
1962,49.1659528616352,0,26.3820031349319,13.4277047337653
1963,45.852965385459,1,25.2636485254192,9.93583685728574
1964,49.4013282663219,1,20.474257837358,11.5848831389827
1965,43.3586182908969,1,38.7119154110914,9.60042982373023
1966,37.5544147734068,1,27.8673807630078,12.8823222886747
1967,26.1836903245551,0,24.2071508243199,6.61073435118057
1968,36.401697047751,0,28.0179684350542,9.41195116334245
1969,45.6716290364207,1,26.1113052949625,6.69365792341952
1970,34.6406735464751,0,23.5068487150058,7.81168121940987
1971,34.7219288495097,0,24.7021810625211,11.3445850051852
1972,36.6335967892216,1,21.9119069606668,10.1939904548607
1973,50.3926608132834,0,28.6523342335143,11.0283379447151
1974,50.4050270585884,1,23.644583069663,11.8068040356502
1975,41.338046681219,0,32.5424521355482,8.49100780607307
1976,31.098336032521,0,24.4818532329314,11.1503863262277
1977,47.3555058763934,0,23.4495447847263,7.86361963148661
1978,45.0453423949877,0,22.2328836436633,9.96779921901484
1979,42.7924859902614,1,23.9956733468469,11.9559807314331
1980,44.9709211769455,0,21.9813658505447,10.9375455993558
1981,22.7087507347433,0,24.5534126906071,12.5254568939487
1982,35.747700463257,0,18.8852577078466,11.4181890689326
1983,37.2979092330839,1,26.7404094723774,7.23649767891218
1984,47.2686241567495,0,28.0000186491491,9.65542835728985
1985,35.7385922200175,0,28.6489604257803,7.52341153131927
1986,47.1264091520136,1,37.6394788466086,8.56126887059912
1987,58.8141945503461,0,25.8945219757049,10.0578950413688
1988,38.236308168955,1,21.7450775871902,9.76871503783831
1989,35.2367849221568,1,20.6258517865784,10.5229465451981
1990,29.3892736438398,0,29.40449804291,9.10871892171433
1991,50.0661631363219,0,22.4866580266012,10.3141428059854
1992,40.715291255704,1,28.885186207227,11.0404903809587
1993,33.7002240213976,1,20.6528140978485,11.1983597150094
1994,31.0706440405829,1,18.5319176977962,6.49821820318973
1995,48.257555355009,0,23.1035751033921,11.5976766849266
1996,51.4821486569081,1,23.4872920097972,9.22202244970756
1997,43.0825231484265,1,31.50238501906,6.41778063771956
1998,44.793606895307,0,27.3323541019984,6.86347792899748
1999,34.7800407177807,1,24.2071285149249,8.66593205389363
2000,19.4262888529892,0,20.2714658877232,13.7114551723989
