"block_id","period","month_index","year","month","car_thefts","bicycle_thefts","protected_facility","adjacent_block","distance_band","commercial_area","post","relative_month"
"B001","1994-01",1,1994,1,3,0,1,0,"facility",1,0,-7
"B001","1994-02",2,1994,2,1,1,1,0,"facility",1,0,-6
"B001","1994-03",3,1994,3,1,0,1,0,"facility",1,0,-5
"B001","1994-04",4,1994,4,2,0,1,0,"facility",1,0,-4
"B001","1994-05",5,1994,5,1,1,1,0,"facility",1,0,-3
"B001","1994-06",6,1994,6,4,3,1,0,"facility",1,0,-2
"B001","1994-07",7,1994,7,3,3,1,0,"facility",1,0,-1
"B001","1994-08",8,1994,8,1,1,1,0,"facility",1,1,0
"B001","1994-09",9,1994,9,0,2,1,0,"facility",1,1,1
"B001","1994-10",10,1994,10,1,0,1,0,"facility",1,1,2
"B001","1994-11",11,1994,11,0,1,1,0,"facility",1,1,3
"B001","1994-12",12,1994,12,5,1,1,0,"facility",1,1,4
"B001","1995-01",13,1995,1,1,1,1,0,"facility",1,1,5
"B001","1995-02",14,1995,2,3,3,1,0,"facility",1,1,6
"B001","1995-03",15,1995,3,2,3,1,0,"facility",1,1,7
"B001","1995-04",16,1995,4,1,0,1,0,"facility",1,1,8
"B001","1995-05",17,1995,5,1,0,1,0,"facility",1,1,9
"B001","1995-06",18,1995,6,3,0,1,0,"facility",1,1,10
"B002","1994-01",1,1994,1,1,1,1,0,"facility",1,0,-7
"B002","1994-02",2,1994,2,5,1,1,0,"facility",1,0,-6
"B002","1994-03",3,1994,3,2,1,1,0,"facility",1,0,-5
"B002","1994-04",4,1994,4,4,3,1,0,"facility",1,0,-4
"B002","1994-05",5,1994,5,10,2,1,0,"facility",1,0,-3
"B002","1994-06",6,1994,6,3,3,1,0,"facility",1,0,-2
"B002","1994-07",7,1994,7,2,1,1,0,"facility",1,0,-1
"B002","1994-08",8,1994,8,4,3,1,0,"facility",1,1,0
"B002","1994-09",9,1994,9,1,2,1,0,"facility",1,1,1
"B002","1994-10",10,1994,10,1,2,1,0,"facility",1,1,2
"B002","1994-11",11,1994,11,1,3,1,0,"facility",1,1,3
"B002","1994-12",12,1994,12,1,2,1,0,"facility",1,1,4
"B002","1995-01",13,1995,1,4,1,1,0,"facility",1,1,5
"B002","1995-02",14,1995,2,2,2,1,0,"facility",1,1,6
"B002","1995-03",15,1995,3,4,2,1,0,"facility",1,1,7
"B002","1995-04",16,1995,4,1,1,1,0,"facility",1,1,8
"B002","1995-05",17,1995,5,5,1,1,0,"facility",1,1,9
"B002","1995-06",18,1995,6,6,2,1,0,"facility",1,1,10
"B003","1994-01",1,1994,1,1,1,1,0,"facility",1,0,-7
"B003","1994-02",2,1994,2,3,0,1,0,"facility",1,0,-6
"B003","1994-03",3,1994,3,5,2,1,0,"facility",1,0,-5
"B003","1994-04",4,1994,4,3,0,1,0,"facility",1,0,-4
"B003","1994-05",5,1994,5,6,2,1,0,"facility",1,0,-3
"B003","1994-06",6,1994,6,2,0,1,0,"facility",1,0,-2
"B003","1994-07",7,1994,7,4,4,1,0,"facility",1,0,-1
"B003","1994-08",8,1994,8,2,0,1,0,"facility",1,1,0
"B003","1994-09",9,1994,9,2,1,1,0,"facility",1,1,1
"B003","1994-10",10,1994,10,1,1,1,0,"facility",1,1,2
"B003","1994-11",11,1994,11,1,1,1,0,"facility",1,1,3
"B003","1994-12",12,1994,12,1,2,1,0,"facility",1,1,4
"B003","1995-01",13,1995,1,2,2,1,0,"facility",1,1,5
"B003","1995-02",14,1995,2,0,0,1,0,"facility",1,1,6
"B003","1995-03",15,1995,3,3,1,1,0,"facility",1,1,7
"B003","1995-04",16,1995,4,0,1,1,0,"facility",1,1,8
"B003","1995-05",17,1995,5,1,1,1,0,"facility",1,1,9
"B003","1995-06",18,1995,6,1,1,1,0,"facility",1,1,10
"B004","1994-01",1,1994,1,4,1,1,0,"facility",1,0,-7
"B004","1994-02",2,1994,2,7,4,1,0,"facility",1,0,-6
"B004","1994-03",3,1994,3,3,5,1,0,"facility",1,0,-5
"B004","1994-04",4,1994,4,5,1,1,0,"facility",1,0,-4
"B004","1994-05",5,1994,5,3,2,1,0,"facility",1,0,-3
"B004","1994-06",6,1994,6,5,3,1,0,"facility",1,0,-2
"B004","1994-07",7,1994,7,1,1,1,0,"facility",1,0,-1
"B004","1994-08",8,1994,8,5,2,1,0,"facility",1,1,0
"B004","1994-09",9,1994,9,1,0,1,0,"facility",1,1,1
"B004","1994-10",10,1994,10,2,2,1,0,"facility",1,1,2
"B004","1994-11",11,1994,11,0,1,1,0,"facility",1,1,3
"B004","1994-12",12,1994,12,1,0,1,0,"facility",1,1,4
"B004","1995-01",13,1995,1,1,2,1,0,"facility",1,1,5
"B004","1995-02",14,1995,2,2,1,1,0,"facility",1,1,6
"B004","1995-03",15,1995,3,1,1,1,0,"facility",1,1,7
"B004","1995-04",16,1995,4,3,2,1,0,"facility",1,1,8
"B004","1995-05",17,1995,5,0,2,1,0,"facility",1,1,9
"B004","1995-06",18,1995,6,0,4,1,0,"facility",1,1,10
"B005","1994-01",1,1994,1,2,6,1,0,"facility",1,0,-7
"B005","1994-02",2,1994,2,4,1,1,0,"facility",1,0,-6
"B005","1994-03",3,1994,3,3,1,1,0,"facility",1,0,-5
"B005","1994-04",4,1994,4,5,0,1,0,"facility",1,0,-4
"B005","1994-05",5,1994,5,4,0,1,0,"facility",1,0,-3
"B005","1994-06",6,1994,6,2,1,1,0,"facility",1,0,-2
"B005","1994-07",7,1994,7,6,2,1,0,"facility",1,0,-1
"B005","1994-08",8,1994,8,2,2,1,0,"facility",1,1,0
"B005","1994-09",9,1994,9,4,3,1,0,"facility",1,1,1
"B005","1994-10",10,1994,10,4,1,1,0,"facility",1,1,2
"B005","1994-11",11,1994,11,6,1,1,0,"facility",1,1,3
"B005","1994-12",12,1994,12,1,0,1,0,"facility",1,1,4
"B005","1995-01",13,1995,1,0,1,1,0,"facility",1,1,5
"B005","1995-02",14,1995,2,2,1,1,0,"facility",1,1,6
"B005","1995-03",15,1995,3,5,0,1,0,"facility",1,1,7
"B005","1995-04",16,1995,4,2,2,1,0,"facility",1,1,8
"B005","1995-05",17,1995,5,2,2,1,0,"facility",1,1,9
"B005","1995-06",18,1995,6,8,1,1,0,"facility",1,1,10
"B006","1994-01",1,1994,1,4,2,1,0,"facility",0,0,-7
"B006","1994-02",2,1994,2,4,2,1,0,"facility",0,0,-6
"B006","1994-03",3,1994,3,2,0,1,0,"facility",0,0,-5
"B006","1994-04",4,1994,4,0,0,1,0,"facility",0,0,-4
"B006","1994-05",5,1994,5,5,3,1,0,"facility",0,0,-3
"B006","1994-06",6,1994,6,2,0,1,0,"facility",0,0,-2
"B006","1994-07",7,1994,7,1,0,1,0,"facility",0,0,-1
"B006","1994-08",8,1994,8,2,1,1,0,"facility",0,1,0
"B006","1994-09",9,1994,9,1,1,1,0,"facility",0,1,1
"B006","1994-10",10,1994,10,0,2,1,0,"facility",0,1,2
"B006","1994-11",11,1994,11,1,4,1,0,"facility",0,1,3
"B006","1994-12",12,1994,12,2,0,1,0,"facility",0,1,4
"B006","1995-01",13,1995,1,2,1,1,0,"facility",0,1,5
"B006","1995-02",14,1995,2,4,3,1,0,"facility",0,1,6
"B006","1995-03",15,1995,3,2,2,1,0,"facility",0,1,7
"B006","1995-04",16,1995,4,2,1,1,0,"facility",0,1,8
"B006","1995-05",17,1995,5,1,2,1,0,"facility",0,1,9
"B006","1995-06",18,1995,6,3,1,1,0,"facility",0,1,10
"B007","1994-01",1,1994,1,5,2,1,0,"facility",1,0,-7
"B007","1994-02",2,1994,2,2,4,1,0,"facility",1,0,-6
"B007","1994-03",3,1994,3,1,2,1,0,"facility",1,0,-5
"B007","1994-04",4,1994,4,3,1,1,0,"facility",1,0,-4
"B007","1994-05",5,1994,5,3,1,1,0,"facility",1,0,-3
"B007","1994-06",6,1994,6,1,1,1,0,"facility",1,0,-2
"B007","1994-07",7,1994,7,6,1,1,0,"facility",1,0,-1
"B007","1994-08",8,1994,8,3,6,1,0,"facility",1,1,0
"B007","1994-09",9,1994,9,0,1,1,0,"facility",1,1,1
"B007","1994-10",10,1994,10,0,1,1,0,"facility",1,1,2
"B007","1994-11",11,1994,11,0,2,1,0,"facility",1,1,3
"B007","1994-12",12,1994,12,0,5,1,0,"facility",1,1,4
"B007","1995-01",13,1995,1,1,3,1,0,"facility",1,1,5
"B007","1995-02",14,1995,2,1,2,1,0,"facility",1,1,6
"B007","1995-03",15,1995,3,3,4,1,0,"facility",1,1,7
"B007","1995-04",16,1995,4,2,1,1,0,"facility",1,1,8
"B007","1995-05",17,1995,5,0,4,1,0,"facility",1,1,9
"B007","1995-06",18,1995,6,2,3,1,0,"facility",1,1,10
"B008","1994-01",1,1994,1,6,0,1,0,"facility",1,0,-7
"B008","1994-02",2,1994,2,2,2,1,0,"facility",1,0,-6
"B008","1994-03",3,1994,3,2,1,1,0,"facility",1,0,-5
"B008","1994-04",4,1994,4,4,2,1,0,"facility",1,0,-4
"B008","1994-05",5,1994,5,2,1,1,0,"facility",1,0,-3
"B008","1994-06",6,1994,6,4,1,1,0,"facility",1,0,-2
"B008","1994-07",7,1994,7,6,0,1,0,"facility",1,0,-1
"B008","1994-08",8,1994,8,1,0,1,0,"facility",1,1,0
"B008","1994-09",9,1994,9,2,2,1,0,"facility",1,1,1
"B008","1994-10",10,1994,10,3,2,1,0,"facility",1,1,2
"B008","1994-11",11,1994,11,2,0,1,0,"facility",1,1,3
"B008","1994-12",12,1994,12,2,1,1,0,"facility",1,1,4
"B008","1995-01",13,1995,1,2,0,1,0,"facility",1,1,5
"B008","1995-02",14,1995,2,2,0,1,0,"facility",1,1,6
"B008","1995-03",15,1995,3,3,3,1,0,"facility",1,1,7
"B008","1995-04",16,1995,4,1,1,1,0,"facility",1,1,8
"B008","1995-05",17,1995,5,1,1,1,0,"facility",1,1,9
"B008","1995-06",18,1995,6,2,2,1,0,"facility",1,1,10
"B009","1994-01",1,1994,1,5,1,1,0,"facility",1,0,-7
"B009","1994-02",2,1994,2,1,4,1,0,"facility",1,0,-6
"B009","1994-03",3,1994,3,4,2,1,0,"facility",1,0,-5
"B009","1994-04",4,1994,4,3,3,1,0,"facility",1,0,-4
"B009","1994-05",5,1994,5,2,3,1,0,"facility",1,0,-3
"B009","1994-06",6,1994,6,3,0,1,0,"facility",1,0,-2
"B009","1994-07",7,1994,7,4,0,1,0,"facility",1,0,-1
"B009","1994-08",8,1994,8,2,4,1,0,"facility",1,1,0
"B009","1994-09",9,1994,9,1,1,1,0,"facility",1,1,1
"B009","1994-10",10,1994,10,2,3,1,0,"facility",1,1,2
"B009","1994-11",11,1994,11,3,1,1,0,"facility",1,1,3
"B009","1994-12",12,1994,12,4,1,1,0,"facility",1,1,4
"B009","1995-01",13,1995,1,3,3,1,0,"facility",1,1,5
"B009","1995-02",14,1995,2,0,0,1,0,"facility",1,1,6
"B009","1995-03",15,1995,3,7,3,1,0,"facility",1,1,7
"B009","1995-04",16,1995,4,2,0,1,0,"facility",1,1,8
"B009","1995-05",17,1995,5,1,1,1,0,"facility",1,1,9
"B009","1995-06",18,1995,6,4,4,1,0,"facility",1,1,10
"B010","1994-01",1,1994,1,2,4,1,0,"facility",1,0,-7
"B010","1994-02",2,1994,2,1,3,1,0,"facility",1,0,-6
"B010","1994-03",3,1994,3,5,3,1,0,"facility",1,0,-5
"B010","1994-04",4,1994,4,4,4,1,0,"facility",1,0,-4
"B010","1994-05",5,1994,5,4,0,1,0,"facility",1,0,-3
"B010","1994-06",6,1994,6,3,1,1,0,"facility",1,0,-2
"B010","1994-07",7,1994,7,0,1,1,0,"facility",1,0,-1
"B010","1994-08",8,1994,8,1,1,1,0,"facility",1,1,0
"B010","1994-09",9,1994,9,4,4,1,0,"facility",1,1,1
"B010","1994-10",10,1994,10,1,0,1,0,"facility",1,1,2
"B010","1994-11",11,1994,11,1,1,1,0,"facility",1,1,3
"B010","1994-12",12,1994,12,1,1,1,0,"facility",1,1,4
"B010","1995-01",13,1995,1,3,2,1,0,"facility",1,1,5
"B010","1995-02",14,1995,2,3,3,1,0,"facility",1,1,6
"B010","1995-03",15,1995,3,2,1,1,0,"facility",1,1,7
"B010","1995-04",16,1995,4,2,1,1,0,"facility",1,1,8
"B010","1995-05",17,1995,5,1,2,1,0,"facility",1,1,9
"B010","1995-06",18,1995,6,3,2,1,0,"facility",1,1,10
"B011","1994-01",1,1994,1,0,3,1,0,"facility",1,0,-7
"B011","1994-02",2,1994,2,5,5,1,0,"facility",1,0,-6
"B011","1994-03",3,1994,3,4,3,1,0,"facility",1,0,-5
"B011","1994-04",4,1994,4,4,0,1,0,"facility",1,0,-4
"B011","1994-05",5,1994,5,1,3,1,0,"facility",1,0,-3
"B011","1994-06",6,1994,6,1,2,1,0,"facility",1,0,-2
"B011","1994-07",7,1994,7,3,2,1,0,"facility",1,0,-1
"B011","1994-08",8,1994,8,3,3,1,0,"facility",1,1,0
"B011","1994-09",9,1994,9,3,2,1,0,"facility",1,1,1
"B011","1994-10",10,1994,10,6,4,1,0,"facility",1,1,2
"B011","1994-11",11,1994,11,3,2,1,0,"facility",1,1,3
"B011","1994-12",12,1994,12,2,4,1,0,"facility",1,1,4
"B011","1995-01",13,1995,1,4,1,1,0,"facility",1,1,5
"B011","1995-02",14,1995,2,4,4,1,0,"facility",1,1,6
"B011","1995-03",15,1995,3,5,0,1,0,"facility",1,1,7
"B011","1995-04",16,1995,4,2,1,1,0,"facility",1,1,8
"B011","1995-05",17,1995,5,3,4,1,0,"facility",1,1,9
"B011","1995-06",18,1995,6,2,1,1,0,"facility",1,1,10
"B012","1994-01",1,1994,1,1,4,1,0,"facility",1,0,-7
"B012","1994-02",2,1994,2,6,5,1,0,"facility",1,0,-6
"B012","1994-03",3,1994,3,2,2,1,0,"facility",1,0,-5
"B012","1994-04",4,1994,4,3,1,1,0,"facility",1,0,-4
"B012","1994-05",5,1994,5,5,2,1,0,"facility",1,0,-3
"B012","1994-06",6,1994,6,3,2,1,0,"facility",1,0,-2
"B012","1994-07",7,1994,7,2,2,1,0,"facility",1,0,-1
"B012","1994-08",8,1994,8,5,1,1,0,"facility",1,1,0
"B012","1994-09",9,1994,9,1,2,1,0,"facility",1,1,1
"B012","1994-10",10,1994,10,6,1,1,0,"facility",1,1,2
"B012","1994-11",11,1994,11,3,0,1,0,"facility",1,1,3
"B012","1994-12",12,1994,12,3,1,1,0,"facility",1,1,4
"B012","1995-01",13,1995,1,2,2,1,0,"facility",1,1,5
"B012","1995-02",14,1995,2,0,2,1,0,"facility",1,1,6
"B012","1995-03",15,1995,3,4,0,1,0,"facility",1,1,7
"B012","1995-04",16,1995,4,0,2,1,0,"facility",1,1,8
"B012","1995-05",17,1995,5,2,1,1,0,"facility",1,1,9
"B012","1995-06",18,1995,6,2,2,1,0,"facility",1,1,10
"B013","1994-01",1,1994,1,3,2,1,0,"facility",0,0,-7
"B013","1994-02",2,1994,2,6,0,1,0,"facility",0,0,-6
"B013","1994-03",3,1994,3,1,4,1,0,"facility",0,0,-5
"B013","1994-04",4,1994,4,3,0,1,0,"facility",0,0,-4
"B013","1994-05",5,1994,5,7,3,1,0,"facility",0,0,-3
"B013","1994-06",6,1994,6,4,0,1,0,"facility",0,0,-2
"B013","1994-07",7,1994,7,4,1,1,0,"facility",0,0,-1
"B013","1994-08",8,1994,8,0,3,1,0,"facility",0,1,0
"B013","1994-09",9,1994,9,5,1,1,0,"facility",0,1,1
"B013","1994-10",10,1994,10,4,1,1,0,"facility",0,1,2
"B013","1994-11",11,1994,11,3,0,1,0,"facility",0,1,3
"B013","1994-12",12,1994,12,3,2,1,0,"facility",0,1,4
"B013","1995-01",13,1995,1,3,1,1,0,"facility",0,1,5
"B013","1995-02",14,1995,2,0,2,1,0,"facility",0,1,6
"B013","1995-03",15,1995,3,3,1,1,0,"facility",0,1,7
"B013","1995-04",16,1995,4,2,0,1,0,"facility",0,1,8
"B013","1995-05",17,1995,5,2,4,1,0,"facility",0,1,9
"B013","1995-06",18,1995,6,3,0,1,0,"facility",0,1,10
"B014","1994-01",1,1994,1,4,0,1,0,"facility",0,0,-7
"B014","1994-02",2,1994,2,3,2,1,0,"facility",0,0,-6
"B014","1994-03",3,1994,3,2,0,1,0,"facility",0,0,-5
"B014","1994-04",4,1994,4,1,1,1,0,"facility",0,0,-4
"B014","1994-05",5,1994,5,2,1,1,0,"facility",0,0,-3
"B014","1994-06",6,1994,6,3,1,1,0,"facility",0,0,-2
"B014","1994-07",7,1994,7,1,1,1,0,"facility",0,0,-1
"B014","1994-08",8,1994,8,2,0,1,0,"facility",0,1,0
"B014","1994-09",9,1994,9,3,0,1,0,"facility",0,1,1
"B014","1994-10",10,1994,10,1,0,1,0,"facility",0,1,2
"B014","1994-11",11,1994,11,3,1,1,0,"facility",0,1,3
"B014","1994-12",12,1994,12,4,0,1,0,"facility",0,1,4
"B014","1995-01",13,1995,1,1,1,1,0,"facility",0,1,5
"B014","1995-02",14,1995,2,1,1,1,0,"facility",0,1,6
"B014","1995-03",15,1995,3,3,2,1,0,"facility",0,1,7
"B014","1995-04",16,1995,4,3,0,1,0,"facility",0,1,8
"B014","1995-05",17,1995,5,2,1,1,0,"facility",0,1,9
"B014","1995-06",18,1995,6,1,1,1,0,"facility",0,1,10
"B015","1994-01",1,1994,1,4,2,1,0,"facility",1,0,-7
"B015","1994-02",2,1994,2,4,0,1,0,"facility",1,0,-6
"B015","1994-03",3,1994,3,3,1,1,0,"facility",1,0,-5
"B015","1994-04",4,1994,4,4,1,1,0,"facility",1,0,-4
"B015","1994-05",5,1994,5,3,0,1,0,"facility",1,0,-3
"B015","1994-06",6,1994,6,2,2,1,0,"facility",1,0,-2
"B015","1994-07",7,1994,7,6,2,1,0,"facility",1,0,-1
"B015","1994-08",8,1994,8,1,3,1,0,"facility",1,1,0
"B015","1994-09",9,1994,9,3,0,1,0,"facility",1,1,1
"B015","1994-10",10,1994,10,2,1,1,0,"facility",1,1,2
"B015","1994-11",11,1994,11,1,2,1,0,"facility",1,1,3
"B015","1994-12",12,1994,12,1,0,1,0,"facility",1,1,4
"B015","1995-01",13,1995,1,1,0,1,0,"facility",1,1,5
"B015","1995-02",14,1995,2,0,2,1,0,"facility",1,1,6
"B015","1995-03",15,1995,3,1,1,1,0,"facility",1,1,7
"B015","1995-04",16,1995,4,0,1,1,0,"facility",1,1,8
"B015","1995-05",17,1995,5,3,2,1,0,"facility",1,1,9
"B015","1995-06",18,1995,6,3,2,1,0,"facility",1,1,10
"B016","1994-01",1,1994,1,2,3,1,0,"facility",0,0,-7
"B016","1994-02",2,1994,2,2,4,1,0,"facility",0,0,-6
"B016","1994-03",3,1994,3,1,1,1,0,"facility",0,0,-5
"B016","1994-04",4,1994,4,1,2,1,0,"facility",0,0,-4
"B016","1994-05",5,1994,5,2,0,1,0,"facility",0,0,-3
"B016","1994-06",6,1994,6,0,0,1,0,"facility",0,0,-2
"B016","1994-07",7,1994,7,0,1,1,0,"facility",0,0,-1
"B016","1994-08",8,1994,8,3,2,1,0,"facility",0,1,0
"B016","1994-09",9,1994,9,2,2,1,0,"facility",0,1,1
"B016","1994-10",10,1994,10,1,2,1,0,"facility",0,1,2
"B016","1994-11",11,1994,11,2,3,1,0,"facility",0,1,3
"B016","1994-12",12,1994,12,2,1,1,0,"facility",0,1,4
"B016","1995-01",13,1995,1,0,0,1,0,"facility",0,1,5
"B016","1995-02",14,1995,2,2,2,1,0,"facility",0,1,6
"B016","1995-03",15,1995,3,2,0,1,0,"facility",0,1,7
"B016","1995-04",16,1995,4,0,1,1,0,"facility",0,1,8
"B016","1995-05",17,1995,5,3,3,1,0,"facility",0,1,9
"B016","1995-06",18,1995,6,3,2,1,0,"facility",0,1,10
"B017","1994-01",1,1994,1,2,1,1,0,"facility",1,0,-7
"B017","1994-02",2,1994,2,2,1,1,0,"facility",1,0,-6
"B017","1994-03",3,1994,3,5,4,1,0,"facility",1,0,-5
"B017","1994-04",4,1994,4,4,2,1,0,"facility",1,0,-4
"B017","1994-05",5,1994,5,6,0,1,0,"facility",1,0,-3
"B017","1994-06",6,1994,6,1,4,1,0,"facility",1,0,-2
"B017","1994-07",7,1994,7,2,2,1,0,"facility",1,0,-1
"B017","1994-08",8,1994,8,2,1,1,0,"facility",1,1,0
"B017","1994-09",9,1994,9,0,2,1,0,"facility",1,1,1
"B017","1994-10",10,1994,10,1,1,1,0,"facility",1,1,2
"B017","1994-11",11,1994,11,2,1,1,0,"facility",1,1,3
"B017","1994-12",12,1994,12,2,1,1,0,"facility",1,1,4
"B017","1995-01",13,1995,1,2,0,1,0,"facility",1,1,5
"B017","1995-02",14,1995,2,0,4,1,0,"facility",1,1,6
"B017","1995-03",15,1995,3,4,1,1,0,"facility",1,1,7
"B017","1995-04",16,1995,4,2,0,1,0,"facility",1,1,8
"B017","1995-05",17,1995,5,4,2,1,0,"facility",1,1,9
"B017","1995-06",18,1995,6,1,3,1,0,"facility",1,1,10
"B018","1994-01",1,1994,1,5,1,1,0,"facility",0,0,-7
"B018","1994-02",2,1994,2,7,1,1,0,"facility",0,0,-6
"B018","1994-03",3,1994,3,5,7,1,0,"facility",0,0,-5
"B018","1994-04",4,1994,4,3,4,1,0,"facility",0,0,-4
"B018","1994-05",5,1994,5,6,2,1,0,"facility",0,0,-3
"B018","1994-06",6,1994,6,4,2,1,0,"facility",0,0,-2
"B018","1994-07",7,1994,7,2,2,1,0,"facility",0,0,-1
"B018","1994-08",8,1994,8,1,2,1,0,"facility",0,1,0
"B018","1994-09",9,1994,9,0,2,1,0,"facility",0,1,1
"B018","1994-10",10,1994,10,3,2,1,0,"facility",0,1,2
"B018","1994-11",11,1994,11,1,1,1,0,"facility",0,1,3
"B018","1994-12",12,1994,12,4,3,1,0,"facility",0,1,4
"B018","1995-01",13,1995,1,2,1,1,0,"facility",0,1,5
"B018","1995-02",14,1995,2,2,1,1,0,"facility",0,1,6
"B018","1995-03",15,1995,3,1,1,1,0,"facility",0,1,7
"B018","1995-04",16,1995,4,7,0,1,0,"facility",0,1,8
"B018","1995-05",17,1995,5,1,3,1,0,"facility",0,1,9
"B018","1995-06",18,1995,6,4,3,1,0,"facility",0,1,10
"B019","1994-01",1,1994,1,3,1,1,0,"facility",0,0,-7
"B019","1994-02",2,1994,2,3,3,1,0,"facility",0,0,-6
"B019","1994-03",3,1994,3,6,1,1,0,"facility",0,0,-5
"B019","1994-04",4,1994,4,5,2,1,0,"facility",0,0,-4
"B019","1994-05",5,1994,5,6,2,1,0,"facility",0,0,-3
"B019","1994-06",6,1994,6,2,2,1,0,"facility",0,0,-2
"B019","1994-07",7,1994,7,2,3,1,0,"facility",0,0,-1
"B019","1994-08",8,1994,8,1,2,1,0,"facility",0,1,0
"B019","1994-09",9,1994,9,3,3,1,0,"facility",0,1,1
"B019","1994-10",10,1994,10,2,2,1,0,"facility",0,1,2
"B019","1994-11",11,1994,11,2,1,1,0,"facility",0,1,3
"B019","1994-12",12,1994,12,1,2,1,0,"facility",0,1,4
"B019","1995-01",13,1995,1,4,1,1,0,"facility",0,1,5
"B019","1995-02",14,1995,2,3,0,1,0,"facility",0,1,6
"B019","1995-03",15,1995,3,4,0,1,0,"facility",0,1,7
"B019","1995-04",16,1995,4,0,1,1,0,"facility",0,1,8
"B019","1995-05",17,1995,5,2,4,1,0,"facility",0,1,9
"B019","1995-06",18,1995,6,5,2,1,0,"facility",0,1,10
"B020","1994-01",1,1994,1,2,0,1,0,"facility",1,0,-7
"B020","1994-02",2,1994,2,3,3,1,0,"facility",1,0,-6
"B020","1994-03",3,1994,3,7,5,1,0,"facility",1,0,-5
"B020","1994-04",4,1994,4,4,2,1,0,"facility",1,0,-4
"B020","1994-05",5,1994,5,1,1,1,0,"facility",1,0,-3
"B020","1994-06",6,1994,6,5,1,1,0,"facility",1,0,-2
"B020","1994-07",7,1994,7,6,0,1,0,"facility",1,0,-1
"B020","1994-08",8,1994,8,2,1,1,0,"facility",1,1,0
"B020","1994-09",9,1994,9,5,0,1,0,"facility",1,1,1
"B020","1994-10",10,1994,10,1,1,1,0,"facility",1,1,2
"B020","1994-11",11,1994,11,2,2,1,0,"facility",1,1,3
"B020","1994-12",12,1994,12,3,1,1,0,"facility",1,1,4
"B020","1995-01",13,1995,1,3,4,1,0,"facility",1,1,5
"B020","1995-02",14,1995,2,2,1,1,0,"facility",1,1,6
"B020","1995-03",15,1995,3,2,0,1,0,"facility",1,1,7
"B020","1995-04",16,1995,4,2,3,1,0,"facility",1,1,8
"B020","1995-05",17,1995,5,2,1,1,0,"facility",1,1,9
"B020","1995-06",18,1995,6,4,2,1,0,"facility",1,1,10
"B021","1994-01",1,1994,1,1,0,1,0,"facility",1,0,-7
"B021","1994-02",2,1994,2,5,1,1,0,"facility",1,0,-6
"B021","1994-03",3,1994,3,4,3,1,0,"facility",1,0,-5
"B021","1994-04",4,1994,4,5,2,1,0,"facility",1,0,-4
"B021","1994-05",5,1994,5,3,4,1,0,"facility",1,0,-3
"B021","1994-06",6,1994,6,4,1,1,0,"facility",1,0,-2
"B021","1994-07",7,1994,7,3,1,1,0,"facility",1,0,-1
"B021","1994-08",8,1994,8,3,1,1,0,"facility",1,1,0
"B021","1994-09",9,1994,9,0,1,1,0,"facility",1,1,1
"B021","1994-10",10,1994,10,5,1,1,0,"facility",1,1,2
"B021","1994-11",11,1994,11,4,1,1,0,"facility",1,1,3
"B021","1994-12",12,1994,12,1,1,1,0,"facility",1,1,4
"B021","1995-01",13,1995,1,4,0,1,0,"facility",1,1,5
"B021","1995-02",14,1995,2,1,3,1,0,"facility",1,1,6
"B021","1995-03",15,1995,3,2,0,1,0,"facility",1,1,7
"B021","1995-04",16,1995,4,1,1,1,0,"facility",1,1,8
"B021","1995-05",17,1995,5,2,0,1,0,"facility",1,1,9
"B021","1995-06",18,1995,6,1,2,1,0,"facility",1,1,10
"B022","1994-01",1,1994,1,5,2,1,0,"facility",0,0,-7
"B022","1994-02",2,1994,2,4,3,1,0,"facility",0,0,-6
"B022","1994-03",3,1994,3,3,4,1,0,"facility",0,0,-5
"B022","1994-04",4,1994,4,2,0,1,0,"facility",0,0,-4
"B022","1994-05",5,1994,5,6,1,1,0,"facility",0,0,-3
"B022","1994-06",6,1994,6,3,2,1,0,"facility",0,0,-2
"B022","1994-07",7,1994,7,3,0,1,0,"facility",0,0,-1
"B022","1994-08",8,1994,8,5,2,1,0,"facility",0,1,0
"B022","1994-09",9,1994,9,4,0,1,0,"facility",0,1,1
"B022","1994-10",10,1994,10,2,1,1,0,"facility",0,1,2
"B022","1994-11",11,1994,11,1,3,1,0,"facility",0,1,3
"B022","1994-12",12,1994,12,3,2,1,0,"facility",0,1,4
"B022","1995-01",13,1995,1,2,0,1,0,"facility",0,1,5
"B022","1995-02",14,1995,2,2,1,1,0,"facility",0,1,6
"B022","1995-03",15,1995,3,1,2,1,0,"facility",0,1,7
"B022","1995-04",16,1995,4,1,4,1,0,"facility",0,1,8
"B022","1995-05",17,1995,5,0,0,1,0,"facility",0,1,9
"B022","1995-06",18,1995,6,3,5,1,0,"facility",0,1,10
"B023","1994-01",1,1994,1,2,4,1,0,"facility",1,0,-7
"B023","1994-02",2,1994,2,3,0,1,0,"facility",1,0,-6
"B023","1994-03",3,1994,3,4,2,1,0,"facility",1,0,-5
"B023","1994-04",4,1994,4,4,1,1,0,"facility",1,0,-4
"B023","1994-05",5,1994,5,2,2,1,0,"facility",1,0,-3
"B023","1994-06",6,1994,6,2,0,1,0,"facility",1,0,-2
"B023","1994-07",7,1994,7,3,1,1,0,"facility",1,0,-1
"B023","1994-08",8,1994,8,1,1,1,0,"facility",1,1,0
"B023","1994-09",9,1994,9,2,0,1,0,"facility",1,1,1
"B023","1994-10",10,1994,10,0,1,1,0,"facility",1,1,2
"B023","1994-11",11,1994,11,3,2,1,0,"facility",1,1,3
"B023","1994-12",12,1994,12,3,1,1,0,"facility",1,1,4
"B023","1995-01",13,1995,1,1,3,1,0,"facility",1,1,5
"B023","1995-02",14,1995,2,2,4,1,0,"facility",1,1,6
"B023","1995-03",15,1995,3,2,1,1,0,"facility",1,1,7
"B023","1995-04",16,1995,4,1,2,1,0,"facility",1,1,8
"B023","1995-05",17,1995,5,3,0,1,0,"facility",1,1,9
"B023","1995-06",18,1995,6,0,1,1,0,"facility",1,1,10
"B024","1994-01",1,1994,1,3,1,1,0,"facility",1,0,-7
"B024","1994-02",2,1994,2,3,0,1,0,"facility",1,0,-6
"B024","1994-03",3,1994,3,4,3,1,0,"facility",1,0,-5
"B024","1994-04",4,1994,4,0,1,1,0,"facility",1,0,-4
"B024","1994-05",5,1994,5,5,0,1,0,"facility",1,0,-3
"B024","1994-06",6,1994,6,1,3,1,0,"facility",1,0,-2
"B024","1994-07",7,1994,7,5,1,1,0,"facility",1,0,-1
"B024","1994-08",8,1994,8,4,1,1,0,"facility",1,1,0
"B024","1994-09",9,1994,9,1,3,1,0,"facility",1,1,1
"B024","1994-10",10,1994,10,0,1,1,0,"facility",1,1,2
"B024","1994-11",11,1994,11,1,2,1,0,"facility",1,1,3
"B024","1994-12",12,1994,12,1,1,1,0,"facility",1,1,4
"B024","1995-01",13,1995,1,2,3,1,0,"facility",1,1,5
"B024","1995-02",14,1995,2,3,0,1,0,"facility",1,1,6
"B024","1995-03",15,1995,3,1,3,1,0,"facility",1,1,7
"B024","1995-04",16,1995,4,5,3,1,0,"facility",1,1,8
"B024","1995-05",17,1995,5,2,2,1,0,"facility",1,1,9
"B024","1995-06",18,1995,6,2,2,1,0,"facility",1,1,10
"B025","1994-01",1,1994,1,2,3,1,0,"facility",1,0,-7
"B025","1994-02",2,1994,2,0,2,1,0,"facility",1,0,-6
"B025","1994-03",3,1994,3,3,3,1,0,"facility",1,0,-5
"B025","1994-04",4,1994,4,0,1,1,0,"facility",1,0,-4
"B025","1994-05",5,1994,5,1,1,1,0,"facility",1,0,-3
"B025","1994-06",6,1994,6,4,4,1,0,"facility",1,0,-2
"B025","1994-07",7,1994,7,1,3,1,0,"facility",1,0,-1
"B025","1994-08",8,1994,8,3,2,1,0,"facility",1,1,0
"B025","1994-09",9,1994,9,2,1,1,0,"facility",1,1,1
"B025","1994-10",10,1994,10,0,1,1,0,"facility",1,1,2
"B025","1994-11",11,1994,11,1,1,1,0,"facility",1,1,3
"B025","1994-12",12,1994,12,1,3,1,0,"facility",1,1,4
"B025","1995-01",13,1995,1,2,0,1,0,"facility",1,1,5
"B025","1995-02",14,1995,2,3,6,1,0,"facility",1,1,6
"B025","1995-03",15,1995,3,1,0,1,0,"facility",1,1,7
"B025","1995-04",16,1995,4,2,3,1,0,"facility",1,1,8
"B025","1995-05",17,1995,5,3,1,1,0,"facility",1,1,9
"B025","1995-06",18,1995,6,2,1,1,0,"facility",1,1,10
"B026","1994-01",1,1994,1,4,2,1,0,"facility",0,0,-7
"B026","1994-02",2,1994,2,0,0,1,0,"facility",0,0,-6
"B026","1994-03",3,1994,3,2,1,1,0,"facility",0,0,-5
"B026","1994-04",4,1994,4,5,2,1,0,"facility",0,0,-4
"B026","1994-05",5,1994,5,2,2,1,0,"facility",0,0,-3
"B026","1994-06",6,1994,6,3,3,1,0,"facility",0,0,-2
"B026","1994-07",7,1994,7,1,1,1,0,"facility",0,0,-1
"B026","1994-08",8,1994,8,1,2,1,0,"facility",0,1,0
"B026","1994-09",9,1994,9,2,0,1,0,"facility",0,1,1
"B026","1994-10",10,1994,10,3,1,1,0,"facility",0,1,2
"B026","1994-11",11,1994,11,3,0,1,0,"facility",0,1,3
"B026","1994-12",12,1994,12,0,1,1,0,"facility",0,1,4
"B026","1995-01",13,1995,1,2,1,1,0,"facility",0,1,5
"B026","1995-02",14,1995,2,2,1,1,0,"facility",0,1,6
"B026","1995-03",15,1995,3,1,1,1,0,"facility",0,1,7
"B026","1995-04",16,1995,4,2,2,1,0,"facility",0,1,8
"B026","1995-05",17,1995,5,1,0,1,0,"facility",0,1,9
"B026","1995-06",18,1995,6,3,1,1,0,"facility",0,1,10
"B027","1994-01",1,1994,1,3,2,1,0,"facility",0,0,-7
"B027","1994-02",2,1994,2,1,1,1,0,"facility",0,0,-6
"B027","1994-03",3,1994,3,3,0,1,0,"facility",0,0,-5
"B027","1994-04",4,1994,4,3,0,1,0,"facility",0,0,-4
"B027","1994-05",5,1994,5,1,0,1,0,"facility",0,0,-3
"B027","1994-06",6,1994,6,1,0,1,0,"facility",0,0,-2
"B027","1994-07",7,1994,7,5,0,1,0,"facility",0,0,-1
"B027","1994-08",8,1994,8,3,0,1,0,"facility",0,1,0
"B027","1994-09",9,1994,9,0,2,1,0,"facility",0,1,1
"B027","1994-10",10,1994,10,0,1,1,0,"facility",0,1,2
"B027","1994-11",11,1994,11,0,0,1,0,"facility",0,1,3
"B027","1994-12",12,1994,12,1,1,1,0,"facility",0,1,4
"B027","1995-01",13,1995,1,1,0,1,0,"facility",0,1,5
"B027","1995-02",14,1995,2,4,4,1,0,"facility",0,1,6
"B027","1995-03",15,1995,3,1,1,1,0,"facility",0,1,7
"B027","1995-04",16,1995,4,2,2,1,0,"facility",0,1,8
"B027","1995-05",17,1995,5,0,0,1,0,"facility",0,1,9
"B027","1995-06",18,1995,6,1,2,1,0,"facility",0,1,10
"B028","1994-01",1,1994,1,3,4,1,0,"facility",1,0,-7
"B028","1994-02",2,1994,2,1,1,1,0,"facility",1,0,-6
"B028","1994-03",3,1994,3,2,0,1,0,"facility",1,0,-5
"B028","1994-04",4,1994,4,3,0,1,0,"facility",1,0,-4
"B028","1994-05",5,1994,5,4,1,1,0,"facility",1,0,-3
"B028","1994-06",6,1994,6,0,0,1,0,"facility",1,0,-2
"B028","1994-07",7,1994,7,5,0,1,0,"facility",1,0,-1
"B028","1994-08",8,1994,8,4,0,1,0,"facility",1,1,0
"B028","1994-09",9,1994,9,0,5,1,0,"facility",1,1,1
"B028","1994-10",10,1994,10,5,3,1,0,"facility",1,1,2
"B028","1994-11",11,1994,11,2,1,1,0,"facility",1,1,3
"B028","1994-12",12,1994,12,1,2,1,0,"facility",1,1,4
"B028","1995-01",13,1995,1,1,1,1,0,"facility",1,1,5
"B028","1995-02",14,1995,2,1,0,1,0,"facility",1,1,6
"B028","1995-03",15,1995,3,3,4,1,0,"facility",1,1,7
"B028","1995-04",16,1995,4,2,0,1,0,"facility",1,1,8
"B028","1995-05",17,1995,5,1,0,1,0,"facility",1,1,9
"B028","1995-06",18,1995,6,5,0,1,0,"facility",1,1,10
"B029","1994-01",1,1994,1,4,1,1,0,"facility",1,0,-7
"B029","1994-02",2,1994,2,7,3,1,0,"facility",1,0,-6
"B029","1994-03",3,1994,3,2,1,1,0,"facility",1,0,-5
"B029","1994-04",4,1994,4,2,1,1,0,"facility",1,0,-4
"B029","1994-05",5,1994,5,9,3,1,0,"facility",1,0,-3
"B029","1994-06",6,1994,6,3,1,1,0,"facility",1,0,-2
"B029","1994-07",7,1994,7,3,1,1,0,"facility",1,0,-1
"B029","1994-08",8,1994,8,1,0,1,0,"facility",1,1,0
"B029","1994-09",9,1994,9,3,2,1,0,"facility",1,1,1
"B029","1994-10",10,1994,10,0,0,1,0,"facility",1,1,2
"B029","1994-11",11,1994,11,4,0,1,0,"facility",1,1,3
"B029","1994-12",12,1994,12,1,1,1,0,"facility",1,1,4
"B029","1995-01",13,1995,1,3,2,1,0,"facility",1,1,5
"B029","1995-02",14,1995,2,0,2,1,0,"facility",1,1,6
"B029","1995-03",15,1995,3,0,4,1,0,"facility",1,1,7
"B029","1995-04",16,1995,4,5,1,1,0,"facility",1,1,8
"B029","1995-05",17,1995,5,4,0,1,0,"facility",1,1,9
"B029","1995-06",18,1995,6,3,1,1,0,"facility",1,1,10
"B030","1994-01",1,1994,1,1,1,1,0,"facility",1,0,-7
"B030","1994-02",2,1994,2,3,2,1,0,"facility",1,0,-6
"B030","1994-03",3,1994,3,4,0,1,0,"facility",1,0,-5
"B030","1994-04",4,1994,4,8,3,1,0,"facility",1,0,-4
"B030","1994-05",5,1994,5,5,2,1,0,"facility",1,0,-3
"B030","1994-06",6,1994,6,8,2,1,0,"facility",1,0,-2
"B030","1994-07",7,1994,7,5,2,1,0,"facility",1,0,-1
"B030","1994-08",8,1994,8,2,0,1,0,"facility",1,1,0
"B030","1994-09",9,1994,9,4,2,1,0,"facility",1,1,1
"B030","1994-10",10,1994,10,3,3,1,0,"facility",1,1,2
"B030","1994-11",11,1994,11,4,1,1,0,"facility",1,1,3
"B030","1994-12",12,1994,12,4,5,1,0,"facility",1,1,4
"B030","1995-01",13,1995,1,2,1,1,0,"facility",1,1,5
"B030","1995-02",14,1995,2,6,1,1,0,"facility",1,1,6
"B030","1995-03",15,1995,3,3,0,1,0,"facility",1,1,7
"B030","1995-04",16,1995,4,5,1,1,0,"facility",1,1,8
"B030","1995-05",17,1995,5,4,4,1,0,"facility",1,1,9
"B030","1995-06",18,1995,6,1,3,1,0,"facility",1,1,10
"B031","1994-01",1,1994,1,6,2,1,0,"facility",1,0,-7
"B031","1994-02",2,1994,2,3,0,1,0,"facility",1,0,-6
"B031","1994-03",3,1994,3,5,2,1,0,"facility",1,0,-5
"B031","1994-04",4,1994,4,1,2,1,0,"facility",1,0,-4
"B031","1994-05",5,1994,5,3,2,1,0,"facility",1,0,-3
"B031","1994-06",6,1994,6,8,0,1,0,"facility",1,0,-2
"B031","1994-07",7,1994,7,4,1,1,0,"facility",1,0,-1
"B031","1994-08",8,1994,8,1,2,1,0,"facility",1,1,0
"B031","1994-09",9,1994,9,4,1,1,0,"facility",1,1,1
"B031","1994-10",10,1994,10,0,1,1,0,"facility",1,1,2
"B031","1994-11",11,1994,11,1,0,1,0,"facility",1,1,3
"B031","1994-12",12,1994,12,1,1,1,0,"facility",1,1,4
"B031","1995-01",13,1995,1,1,3,1,0,"facility",1,1,5
"B031","1995-02",14,1995,2,3,0,1,0,"facility",1,1,6
"B031","1995-03",15,1995,3,2,1,1,0,"facility",1,1,7
"B031","1995-04",16,1995,4,3,3,1,0,"facility",1,1,8
"B031","1995-05",17,1995,5,0,3,1,0,"facility",1,1,9
"B031","1995-06",18,1995,6,2,4,1,0,"facility",1,1,10
"B032","1994-01",1,1994,1,2,1,1,0,"facility",1,0,-7
"B032","1994-02",2,1994,2,4,1,1,0,"facility",1,0,-6
"B032","1994-03",3,1994,3,0,0,1,0,"facility",1,0,-5
"B032","1994-04",4,1994,4,2,2,1,0,"facility",1,0,-4
"B032","1994-05",5,1994,5,2,0,1,0,"facility",1,0,-3
"B032","1994-06",6,1994,6,3,4,1,0,"facility",1,0,-2
"B032","1994-07",7,1994,7,4,1,1,0,"facility",1,0,-1
"B032","1994-08",8,1994,8,2,0,1,0,"facility",1,1,0
"B032","1994-09",9,1994,9,1,1,1,0,"facility",1,1,1
"B032","1994-10",10,1994,10,2,1,1,0,"facility",1,1,2
"B032","1994-11",11,1994,11,3,2,1,0,"facility",1,1,3
"B032","1994-12",12,1994,12,1,1,1,0,"facility",1,1,4
"B032","1995-01",13,1995,1,3,4,1,0,"facility",1,1,5
"B032","1995-02",14,1995,2,2,1,1,0,"facility",1,1,6
"B032","1995-03",15,1995,3,4,2,1,0,"facility",1,1,7
"B032","1995-04",16,1995,4,6,4,1,0,"facility",1,1,8
"B032","1995-05",17,1995,5,1,0,1,0,"facility",1,1,9
"B032","1995-06",18,1995,6,2,1,1,0,"facility",1,1,10
"B033","1994-01",1,1994,1,3,1,1,0,"facility",1,0,-7
"B033","1994-02",2,1994,2,2,2,1,0,"facility",1,0,-6
"B033","1994-03",3,1994,3,4,2,1,0,"facility",1,0,-5
"B033","1994-04",4,1994,4,3,2,1,0,"facility",1,0,-4
"B033","1994-05",5,1994,5,5,0,1,0,"facility",1,0,-3
"B033","1994-06",6,1994,6,6,0,1,0,"facility",1,0,-2
"B033","1994-07",7,1994,7,3,2,1,0,"facility",1,0,-1
"B033","1994-08",8,1994,8,2,3,1,0,"facility",1,1,0
"B033","1994-09",9,1994,9,1,3,1,0,"facility",1,1,1
"B033","1994-10",10,1994,10,2,4,1,0,"facility",1,1,2
"B033","1994-11",11,1994,11,3,0,1,0,"facility",1,1,3
"B033","1994-12",12,1994,12,4,1,1,0,"facility",1,1,4
"B033","1995-01",13,1995,1,6,1,1,0,"facility",1,1,5
"B033","1995-02",14,1995,2,3,1,1,0,"facility",1,1,6
"B033","1995-03",15,1995,3,1,1,1,0,"facility",1,1,7
"B033","1995-04",16,1995,4,3,2,1,0,"facility",1,1,8
"B033","1995-05",17,1995,5,5,3,1,0,"facility",1,1,9
"B033","1995-06",18,1995,6,6,1,1,0,"facility",1,1,10
"B034","1994-01",1,1994,1,1,2,1,0,"facility",1,0,-7
"B034","1994-02",2,1994,2,3,0,1,0,"facility",1,0,-6
"B034","1994-03",3,1994,3,6,3,1,0,"facility",1,0,-5
"B034","1994-04",4,1994,4,5,2,1,0,"facility",1,0,-4
"B034","1994-05",5,1994,5,2,2,1,0,"facility",1,0,-3
"B034","1994-06",6,1994,6,4,5,1,0,"facility",1,0,-2
"B034","1994-07",7,1994,7,4,0,1,0,"facility",1,0,-1
"B034","1994-08",8,1994,8,4,1,1,0,"facility",1,1,0
"B034","1994-09",9,1994,9,2,1,1,0,"facility",1,1,1
"B034","1994-10",10,1994,10,2,1,1,0,"facility",1,1,2
"B034","1994-11",11,1994,11,2,2,1,0,"facility",1,1,3
"B034","1994-12",12,1994,12,4,1,1,0,"facility",1,1,4
"B034","1995-01",13,1995,1,3,0,1,0,"facility",1,1,5
"B034","1995-02",14,1995,2,1,2,1,0,"facility",1,1,6
"B034","1995-03",15,1995,3,2,1,1,0,"facility",1,1,7
"B034","1995-04",16,1995,4,0,2,1,0,"facility",1,1,8
"B034","1995-05",17,1995,5,2,2,1,0,"facility",1,1,9
"B034","1995-06",18,1995,6,5,2,1,0,"facility",1,1,10
"B035","1994-01",1,1994,1,1,1,1,0,"facility",0,0,-7
"B035","1994-02",2,1994,2,2,1,1,0,"facility",0,0,-6
"B035","1994-03",3,1994,3,2,2,1,0,"facility",0,0,-5
"B035","1994-04",4,1994,4,3,1,1,0,"facility",0,0,-4
"B035","1994-05",5,1994,5,5,1,1,0,"facility",0,0,-3
"B035","1994-06",6,1994,6,3,2,1,0,"facility",0,0,-2
"B035","1994-07",7,1994,7,2,3,1,0,"facility",0,0,-1
"B035","1994-08",8,1994,8,2,1,1,0,"facility",0,1,0
"B035","1994-09",9,1994,9,1,3,1,0,"facility",0,1,1
"B035","1994-10",10,1994,10,1,3,1,0,"facility",0,1,2
"B035","1994-11",11,1994,11,2,1,1,0,"facility",0,1,3
"B035","1994-12",12,1994,12,1,3,1,0,"facility",0,1,4
"B035","1995-01",13,1995,1,2,0,1,0,"facility",0,1,5
"B035","1995-02",14,1995,2,2,1,1,0,"facility",0,1,6
"B035","1995-03",15,1995,3,1,1,1,0,"facility",0,1,7
"B035","1995-04",16,1995,4,1,3,1,0,"facility",0,1,8
"B035","1995-05",17,1995,5,2,2,1,0,"facility",0,1,9
"B035","1995-06",18,1995,6,1,1,1,0,"facility",0,1,10
"B036","1994-01",1,1994,1,2,3,1,0,"facility",1,0,-7
"B036","1994-02",2,1994,2,3,0,1,0,"facility",1,0,-6
"B036","1994-03",3,1994,3,7,2,1,0,"facility",1,0,-5
"B036","1994-04",4,1994,4,3,0,1,0,"facility",1,0,-4
"B036","1994-05",5,1994,5,6,2,1,0,"facility",1,0,-3
"B036","1994-06",6,1994,6,0,1,1,0,"facility",1,0,-2
"B036","1994-07",7,1994,7,0,2,1,0,"facility",1,0,-1
"B036","1994-08",8,1994,8,3,3,1,0,"facility",1,1,0
"B036","1994-09",9,1994,9,4,0,1,0,"facility",1,1,1
"B036","1994-10",10,1994,10,1,2,1,0,"facility",1,1,2
"B036","1994-11",11,1994,11,4,1,1,0,"facility",1,1,3
"B036","1994-12",12,1994,12,3,1,1,0,"facility",1,1,4
"B036","1995-01",13,1995,1,2,1,1,0,"facility",1,1,5
"B036","1995-02",14,1995,2,6,3,1,0,"facility",1,1,6
"B036","1995-03",15,1995,3,1,0,1,0,"facility",1,1,7
"B036","1995-04",16,1995,4,2,2,1,0,"facility",1,1,8
"B036","1995-05",17,1995,5,2,2,1,0,"facility",1,1,9
"B036","1995-06",18,1995,6,1,3,1,0,"facility",1,1,10
"B037","1994-01",1,1994,1,4,2,1,0,"facility",1,0,-7
"B037","1994-02",2,1994,2,1,2,1,0,"facility",1,0,-6
"B037","1994-03",3,1994,3,1,0,1,0,"facility",1,0,-5
"B037","1994-04",4,1994,4,2,4,1,0,"facility",1,0,-4
"B037","1994-05",5,1994,5,4,2,1,0,"facility",1,0,-3
"B037","1994-06",6,1994,6,0,0,1,0,"facility",1,0,-2
"B037","1994-07",7,1994,7,4,0,1,0,"facility",1,0,-1
"B037","1994-08",8,1994,8,2,2,1,0,"facility",1,1,0
"B037","1994-09",9,1994,9,1,1,1,0,"facility",1,1,1
"B037","1994-10",10,1994,10,2,2,1,0,"facility",1,1,2
"B037","1994-11",11,1994,11,3,1,1,0,"facility",1,1,3
"B037","1994-12",12,1994,12,0,1,1,0,"facility",1,1,4
"B037","1995-01",13,1995,1,1,0,1,0,"facility",1,1,5
"B037","1995-02",14,1995,2,3,1,1,0,"facility",1,1,6
"B037","1995-03",15,1995,3,1,4,1,0,"facility",1,1,7
"B037","1995-04",16,1995,4,2,1,1,0,"facility",1,1,8
"B037","1995-05",17,1995,5,1,0,1,0,"facility",1,1,9
"B037","1995-06",18,1995,6,0,2,1,0,"facility",1,1,10
"B038","1994-01",1,1994,1,3,1,1,0,"facility",0,0,-7
"B038","1994-02",2,1994,2,2,2,1,0,"facility",0,0,-6
"B038","1994-03",3,1994,3,3,1,1,0,"facility",0,0,-5
"B038","1994-04",4,1994,4,2,0,1,0,"facility",0,0,-4
"B038","1994-05",5,1994,5,0,1,1,0,"facility",0,0,-3
"B038","1994-06",6,1994,6,2,0,1,0,"facility",0,0,-2
"B038","1994-07",7,1994,7,3,2,1,0,"facility",0,0,-1
"B038","1994-08",8,1994,8,1,3,1,0,"facility",0,1,0
"B038","1994-09",9,1994,9,0,0,1,0,"facility",0,1,1
"B038","1994-10",10,1994,10,2,1,1,0,"facility",0,1,2
"B038","1994-11",11,1994,11,2,3,1,0,"facility",0,1,3
"B038","1994-12",12,1994,12,0,1,1,0,"facility",0,1,4
"B038","1995-01",13,1995,1,2,1,1,0,"facility",0,1,5
"B038","1995-02",14,1995,2,4,0,1,0,"facility",0,1,6
"B038","1995-03",15,1995,3,1,2,1,0,"facility",0,1,7
"B038","1995-04",16,1995,4,3,3,1,0,"facility",0,1,8
"B038","1995-05",17,1995,5,2,1,1,0,"facility",0,1,9
"B038","1995-06",18,1995,6,1,0,1,0,"facility",0,1,10
"B039","1994-01",1,1994,1,4,3,1,0,"facility",1,0,-7
"B039","1994-02",2,1994,2,1,2,1,0,"facility",1,0,-6
"B039","1994-03",3,1994,3,1,1,1,0,"facility",1,0,-5
"B039","1994-04",4,1994,4,2,1,1,0,"facility",1,0,-4
"B039","1994-05",5,1994,5,6,1,1,0,"facility",1,0,-3
"B039","1994-06",6,1994,6,2,0,1,0,"facility",1,0,-2
"B039","1994-07",7,1994,7,2,0,1,0,"facility",1,0,-1
"B039","1994-08",8,1994,8,1,0,1,0,"facility",1,1,0
"B039","1994-09",9,1994,9,1,0,1,0,"facility",1,1,1
"B039","1994-10",10,1994,10,2,0,1,0,"facility",1,1,2
"B039","1994-11",11,1994,11,3,2,1,0,"facility",1,1,3
"B039","1994-12",12,1994,12,2,0,1,0,"facility",1,1,4
"B039","1995-01",13,1995,1,5,5,1,0,"facility",1,1,5
"B039","1995-02",14,1995,2,1,1,1,0,"facility",1,1,6
"B039","1995-03",15,1995,3,4,0,1,0,"facility",1,1,7
"B039","1995-04",16,1995,4,4,0,1,0,"facility",1,1,8
"B039","1995-05",17,1995,5,2,2,1,0,"facility",1,1,9
"B039","1995-06",18,1995,6,0,2,1,0,"facility",1,1,10
"B040","1994-01",1,1994,1,5,1,1,0,"facility",1,0,-7
"B040","1994-02",2,1994,2,6,0,1,0,"facility",1,0,-6
"B040","1994-03",3,1994,3,3,1,1,0,"facility",1,0,-5
"B040","1994-04",4,1994,4,2,0,1,0,"facility",1,0,-4
"B040","1994-05",5,1994,5,1,3,1,0,"facility",1,0,-3
"B040","1994-06",6,1994,6,2,1,1,0,"facility",1,0,-2
"B040","1994-07",7,1994,7,3,1,1,0,"facility",1,0,-1
"B040","1994-08",8,1994,8,2,0,1,0,"facility",1,1,0
"B040","1994-09",9,1994,9,1,0,1,0,"facility",1,1,1
"B040","1994-10",10,1994,10,3,1,1,0,"facility",1,1,2
"B040","1994-11",11,1994,11,1,3,1,0,"facility",1,1,3
"B040","1994-12",12,1994,12,3,0,1,0,"facility",1,1,4
"B040","1995-01",13,1995,1,3,1,1,0,"facility",1,1,5
"B040","1995-02",14,1995,2,2,4,1,0,"facility",1,1,6
"B040","1995-03",15,1995,3,1,1,1,0,"facility",1,1,7
"B040","1995-04",16,1995,4,5,3,1,0,"facility",1,1,8
"B040","1995-05",17,1995,5,2,2,1,0,"facility",1,1,9
"B040","1995-06",18,1995,6,5,1,1,0,"facility",1,1,10
"B041","1994-01",1,1994,1,6,1,1,0,"facility",0,0,-7
"B041","1994-02",2,1994,2,2,4,1,0,"facility",0,0,-6
"B041","1994-03",3,1994,3,0,2,1,0,"facility",0,0,-5
"B041","1994-04",4,1994,4,5,0,1,0,"facility",0,0,-4
"B041","1994-05",5,1994,5,0,2,1,0,"facility",0,0,-3
"B041","1994-06",6,1994,6,3,1,1,0,"facility",0,0,-2
"B041","1994-07",7,1994,7,3,2,1,0,"facility",0,0,-1
"B041","1994-08",8,1994,8,1,1,1,0,"facility",0,1,0
"B041","1994-09",9,1994,9,1,1,1,0,"facility",0,1,1
"B041","1994-10",10,1994,10,0,2,1,0,"facility",0,1,2
"B041","1994-11",11,1994,11,0,2,1,0,"facility",0,1,3
"B041","1994-12",12,1994,12,4,2,1,0,"facility",0,1,4
"B041","1995-01",13,1995,1,1,2,1,0,"facility",0,1,5
"B041","1995-02",14,1995,2,3,1,1,0,"facility",0,1,6
"B041","1995-03",15,1995,3,1,1,1,0,"facility",0,1,7
"B041","1995-04",16,1995,4,1,1,1,0,"facility",0,1,8
"B041","1995-05",17,1995,5,1,1,1,0,"facility",0,1,9
"B041","1995-06",18,1995,6,2,1,1,0,"facility",0,1,10
"B042","1994-01",1,1994,1,2,0,1,0,"facility",0,0,-7
"B042","1994-02",2,1994,2,4,1,1,0,"facility",0,0,-6
"B042","1994-03",3,1994,3,3,2,1,0,"facility",0,0,-5
"B042","1994-04",4,1994,4,5,1,1,0,"facility",0,0,-4
"B042","1994-05",5,1994,5,5,2,1,0,"facility",0,0,-3
"B042","1994-06",6,1994,6,2,0,1,0,"facility",0,0,-2
"B042","1994-07",7,1994,7,3,1,1,0,"facility",0,0,-1
"B042","1994-08",8,1994,8,2,2,1,0,"facility",0,1,0
"B042","1994-09",9,1994,9,3,1,1,0,"facility",0,1,1
"B042","1994-10",10,1994,10,0,0,1,0,"facility",0,1,2
"B042","1994-11",11,1994,11,3,2,1,0,"facility",0,1,3
"B042","1994-12",12,1994,12,2,0,1,0,"facility",0,1,4
"B042","1995-01",13,1995,1,2,4,1,0,"facility",0,1,5
"B042","1995-02",14,1995,2,1,1,1,0,"facility",0,1,6
"B042","1995-03",15,1995,3,4,1,1,0,"facility",0,1,7
"B042","1995-04",16,1995,4,2,4,1,0,"facility",0,1,8
"B042","1995-05",17,1995,5,1,1,1,0,"facility",0,1,9
"B042","1995-06",18,1995,6,5,1,1,0,"facility",0,1,10
"B043","1994-01",1,1994,1,0,1,1,0,"facility",1,0,-7
"B043","1994-02",2,1994,2,2,2,1,0,"facility",1,0,-6
"B043","1994-03",3,1994,3,2,1,1,0,"facility",1,0,-5
"B043","1994-04",4,1994,4,3,0,1,0,"facility",1,0,-4
"B043","1994-05",5,1994,5,4,2,1,0,"facility",1,0,-3
"B043","1994-06",6,1994,6,4,1,1,0,"facility",1,0,-2
"B043","1994-07",7,1994,7,1,2,1,0,"facility",1,0,-1
"B043","1994-08",8,1994,8,5,0,1,0,"facility",1,1,0
"B043","1994-09",9,1994,9,0,1,1,0,"facility",1,1,1
"B043","1994-10",10,1994,10,3,0,1,0,"facility",1,1,2
"B043","1994-11",11,1994,11,1,0,1,0,"facility",1,1,3
"B043","1994-12",12,1994,12,2,1,1,0,"facility",1,1,4
"B043","1995-01",13,1995,1,1,1,1,0,"facility",1,1,5
"B043","1995-02",14,1995,2,0,2,1,0,"facility",1,1,6
"B043","1995-03",15,1995,3,0,2,1,0,"facility",1,1,7
"B043","1995-04",16,1995,4,0,0,1,0,"facility",1,1,8
"B043","1995-05",17,1995,5,2,2,1,0,"facility",1,1,9
"B043","1995-06",18,1995,6,2,2,1,0,"facility",1,1,10
"B044","1994-01",1,1994,1,1,0,1,0,"facility",0,0,-7
"B044","1994-02",2,1994,2,1,1,1,0,"facility",0,0,-6
"B044","1994-03",3,1994,3,4,1,1,0,"facility",0,0,-5
"B044","1994-04",4,1994,4,4,2,1,0,"facility",0,0,-4
"B044","1994-05",5,1994,5,2,0,1,0,"facility",0,0,-3
"B044","1994-06",6,1994,6,6,0,1,0,"facility",0,0,-2
"B044","1994-07",7,1994,7,7,3,1,0,"facility",0,0,-1
"B044","1994-08",8,1994,8,1,2,1,0,"facility",0,1,0
"B044","1994-09",9,1994,9,1,4,1,0,"facility",0,1,1
"B044","1994-10",10,1994,10,3,1,1,0,"facility",0,1,2
"B044","1994-11",11,1994,11,2,3,1,0,"facility",0,1,3
"B044","1994-12",12,1994,12,2,0,1,0,"facility",0,1,4
"B044","1995-01",13,1995,1,1,1,1,0,"facility",0,1,5
"B044","1995-02",14,1995,2,4,2,1,0,"facility",0,1,6
"B044","1995-03",15,1995,3,1,2,1,0,"facility",0,1,7
"B044","1995-04",16,1995,4,0,1,1,0,"facility",0,1,8
"B044","1995-05",17,1995,5,4,4,1,0,"facility",0,1,9
"B044","1995-06",18,1995,6,4,2,1,0,"facility",0,1,10
"B045","1994-01",1,1994,1,1,4,1,0,"facility",0,0,-7
"B045","1994-02",2,1994,2,3,3,1,0,"facility",0,0,-6
"B045","1994-03",3,1994,3,6,1,1,0,"facility",0,0,-5
"B045","1994-04",4,1994,4,3,3,1,0,"facility",0,0,-4
"B045","1994-05",5,1994,5,2,3,1,0,"facility",0,0,-3
"B045","1994-06",6,1994,6,12,0,1,0,"facility",0,0,-2
"B045","1994-07",7,1994,7,3,0,1,0,"facility",0,0,-1
"B045","1994-08",8,1994,8,6,4,1,0,"facility",0,1,0
"B045","1994-09",9,1994,9,3,3,1,0,"facility",0,1,1
"B045","1994-10",10,1994,10,0,1,1,0,"facility",0,1,2
"B045","1994-11",11,1994,11,1,3,1,0,"facility",0,1,3
"B045","1994-12",12,1994,12,1,0,1,0,"facility",0,1,4
"B045","1995-01",13,1995,1,1,0,1,0,"facility",0,1,5
"B045","1995-02",14,1995,2,1,1,1,0,"facility",0,1,6
"B045","1995-03",15,1995,3,0,1,1,0,"facility",0,1,7
"B045","1995-04",16,1995,4,3,1,1,0,"facility",0,1,8
"B045","1995-05",17,1995,5,3,1,1,0,"facility",0,1,9
"B045","1995-06",18,1995,6,4,3,1,0,"facility",0,1,10
"B046","1994-01",1,1994,1,4,0,1,0,"facility",1,0,-7
"B046","1994-02",2,1994,2,2,1,1,0,"facility",1,0,-6
"B046","1994-03",3,1994,3,4,1,1,0,"facility",1,0,-5
"B046","1994-04",4,1994,4,0,2,1,0,"facility",1,0,-4
"B046","1994-05",5,1994,5,5,1,1,0,"facility",1,0,-3
"B046","1994-06",6,1994,6,2,0,1,0,"facility",1,0,-2
"B046","1994-07",7,1994,7,1,1,1,0,"facility",1,0,-1
"B046","1994-08",8,1994,8,3,3,1,0,"facility",1,1,0
"B046","1994-09",9,1994,9,4,1,1,0,"facility",1,1,1
"B046","1994-10",10,1994,10,3,1,1,0,"facility",1,1,2
"B046","1994-11",11,1994,11,4,2,1,0,"facility",1,1,3
"B046","1994-12",12,1994,12,1,2,1,0,"facility",1,1,4
"B046","1995-01",13,1995,1,2,0,1,0,"facility",1,1,5
"B046","1995-02",14,1995,2,1,0,1,0,"facility",1,1,6
"B046","1995-03",15,1995,3,4,0,1,0,"facility",1,1,7
"B046","1995-04",16,1995,4,1,1,1,0,"facility",1,1,8
"B046","1995-05",17,1995,5,1,2,1,0,"facility",1,1,9
"B046","1995-06",18,1995,6,0,2,1,0,"facility",1,1,10
"B047","1994-01",1,1994,1,3,1,1,0,"facility",1,0,-7
"B047","1994-02",2,1994,2,3,3,1,0,"facility",1,0,-6
"B047","1994-03",3,1994,3,3,2,1,0,"facility",1,0,-5
"B047","1994-04",4,1994,4,1,1,1,0,"facility",1,0,-4
"B047","1994-05",5,1994,5,6,1,1,0,"facility",1,0,-3
"B047","1994-06",6,1994,6,2,3,1,0,"facility",1,0,-2
"B047","1994-07",7,1994,7,1,2,1,0,"facility",1,0,-1
"B047","1994-08",8,1994,8,1,2,1,0,"facility",1,1,0
"B047","1994-09",9,1994,9,3,1,1,0,"facility",1,1,1
"B047","1994-10",10,1994,10,0,2,1,0,"facility",1,1,2
"B047","1994-11",11,1994,11,1,0,1,0,"facility",1,1,3
"B047","1994-12",12,1994,12,2,0,1,0,"facility",1,1,4
"B047","1995-01",13,1995,1,0,2,1,0,"facility",1,1,5
"B047","1995-02",14,1995,2,2,2,1,0,"facility",1,1,6
"B047","1995-03",15,1995,3,0,1,1,0,"facility",1,1,7
"B047","1995-04",16,1995,4,2,3,1,0,"facility",1,1,8
"B047","1995-05",17,1995,5,2,0,1,0,"facility",1,1,9
"B047","1995-06",18,1995,6,3,3,1,0,"facility",1,1,10
"B048","1994-01",1,1994,1,3,6,1,0,"facility",1,0,-7
"B048","1994-02",2,1994,2,3,3,1,0,"facility",1,0,-6
"B048","1994-03",3,1994,3,2,2,1,0,"facility",1,0,-5
"B048","1994-04",4,1994,4,3,4,1,0,"facility",1,0,-4
"B048","1994-05",5,1994,5,6,2,1,0,"facility",1,0,-3
"B048","1994-06",6,1994,6,1,1,1,0,"facility",1,0,-2
"B048","1994-07",7,1994,7,3,1,1,0,"facility",1,0,-1
"B048","1994-08",8,1994,8,1,2,1,0,"facility",1,1,0
"B048","1994-09",9,1994,9,0,2,1,0,"facility",1,1,1
"B048","1994-10",10,1994,10,3,2,1,0,"facility",1,1,2
"B048","1994-11",11,1994,11,2,3,1,0,"facility",1,1,3
"B048","1994-12",12,1994,12,3,4,1,0,"facility",1,1,4
"B048","1995-01",13,1995,1,0,4,1,0,"facility",1,1,5
"B048","1995-02",14,1995,2,6,3,1,0,"facility",1,1,6
"B048","1995-03",15,1995,3,2,2,1,0,"facility",1,1,7
"B048","1995-04",16,1995,4,1,1,1,0,"facility",1,1,8
"B048","1995-05",17,1995,5,4,2,1,0,"facility",1,1,9
"B048","1995-06",18,1995,6,3,2,1,0,"facility",1,1,10
"B049","1994-01",1,1994,1,4,2,1,0,"facility",1,0,-7
"B049","1994-02",2,1994,2,4,1,1,0,"facility",1,0,-6
"B049","1994-03",3,1994,3,5,0,1,0,"facility",1,0,-5
"B049","1994-04",4,1994,4,3,0,1,0,"facility",1,0,-4
"B049","1994-05",5,1994,5,1,1,1,0,"facility",1,0,-3
"B049","1994-06",6,1994,6,3,1,1,0,"facility",1,0,-2
"B049","1994-07",7,1994,7,7,3,1,0,"facility",1,0,-1
"B049","1994-08",8,1994,8,4,3,1,0,"facility",1,1,0
"B049","1994-09",9,1994,9,4,1,1,0,"facility",1,1,1
"B049","1994-10",10,1994,10,3,1,1,0,"facility",1,1,2
"B049","1994-11",11,1994,11,1,1,1,0,"facility",1,1,3
"B049","1994-12",12,1994,12,1,1,1,0,"facility",1,1,4
"B049","1995-01",13,1995,1,4,5,1,0,"facility",1,1,5
"B049","1995-02",14,1995,2,4,2,1,0,"facility",1,1,6
"B049","1995-03",15,1995,3,4,0,1,0,"facility",1,1,7
"B049","1995-04",16,1995,4,1,0,1,0,"facility",1,1,8
"B049","1995-05",17,1995,5,4,2,1,0,"facility",1,1,9
"B049","1995-06",18,1995,6,1,2,1,0,"facility",1,1,10
"B050","1994-01",1,1994,1,0,1,1,0,"facility",1,0,-7
"B050","1994-02",2,1994,2,2,0,1,0,"facility",1,0,-6
"B050","1994-03",3,1994,3,3,1,1,0,"facility",1,0,-5
"B050","1994-04",4,1994,4,5,1,1,0,"facility",1,0,-4
"B050","1994-05",5,1994,5,5,5,1,0,"facility",1,0,-3
"B050","1994-06",6,1994,6,5,1,1,0,"facility",1,0,-2
"B050","1994-07",7,1994,7,3,3,1,0,"facility",1,0,-1
"B050","1994-08",8,1994,8,2,2,1,0,"facility",1,1,0
"B050","1994-09",9,1994,9,1,3,1,0,"facility",1,1,1
"B050","1994-10",10,1994,10,4,4,1,0,"facility",1,1,2
"B050","1994-11",11,1994,11,2,1,1,0,"facility",1,1,3
"B050","1994-12",12,1994,12,6,0,1,0,"facility",1,1,4
"B050","1995-01",13,1995,1,2,2,1,0,"facility",1,1,5
"B050","1995-02",14,1995,2,0,2,1,0,"facility",1,1,6
"B050","1995-03",15,1995,3,3,1,1,0,"facility",1,1,7
"B050","1995-04",16,1995,4,4,3,1,0,"facility",1,1,8
"B050","1995-05",17,1995,5,3,2,1,0,"facility",1,1,9
"B050","1995-06",18,1995,6,0,2,1,0,"facility",1,1,10
"B051","1994-01",1,1994,1,4,0,1,0,"facility",0,0,-7
"B051","1994-02",2,1994,2,6,1,1,0,"facility",0,0,-6
"B051","1994-03",3,1994,3,3,0,1,0,"facility",0,0,-5
"B051","1994-04",4,1994,4,3,1,1,0,"facility",0,0,-4
"B051","1994-05",5,1994,5,2,2,1,0,"facility",0,0,-3
"B051","1994-06",6,1994,6,5,1,1,0,"facility",0,0,-2
"B051","1994-07",7,1994,7,4,0,1,0,"facility",0,0,-1
"B051","1994-08",8,1994,8,1,2,1,0,"facility",0,1,0
"B051","1994-09",9,1994,9,1,2,1,0,"facility",0,1,1
"B051","1994-10",10,1994,10,1,0,1,0,"facility",0,1,2
"B051","1994-11",11,1994,11,2,3,1,0,"facility",0,1,3
"B051","1994-12",12,1994,12,3,3,1,0,"facility",0,1,4
"B051","1995-01",13,1995,1,2,3,1,0,"facility",0,1,5
"B051","1995-02",14,1995,2,4,1,1,0,"facility",0,1,6
"B051","1995-03",15,1995,3,1,3,1,0,"facility",0,1,7
"B051","1995-04",16,1995,4,1,2,1,0,"facility",0,1,8
"B051","1995-05",17,1995,5,0,0,1,0,"facility",0,1,9
"B051","1995-06",18,1995,6,0,4,1,0,"facility",0,1,10
"B052","1994-01",1,1994,1,10,3,1,0,"facility",1,0,-7
"B052","1994-02",2,1994,2,2,0,1,0,"facility",1,0,-6
"B052","1994-03",3,1994,3,6,3,1,0,"facility",1,0,-5
"B052","1994-04",4,1994,4,1,1,1,0,"facility",1,0,-4
"B052","1994-05",5,1994,5,3,3,1,0,"facility",1,0,-3
"B052","1994-06",6,1994,6,6,0,1,0,"facility",1,0,-2
"B052","1994-07",7,1994,7,2,2,1,0,"facility",1,0,-1
"B052","1994-08",8,1994,8,1,3,1,0,"facility",1,1,0
"B052","1994-09",9,1994,9,3,3,1,0,"facility",1,1,1
"B052","1994-10",10,1994,10,3,1,1,0,"facility",1,1,2
"B052","1994-11",11,1994,11,2,1,1,0,"facility",1,1,3
"B052","1994-12",12,1994,12,1,0,1,0,"facility",1,1,4
"B052","1995-01",13,1995,1,3,3,1,0,"facility",1,1,5
"B052","1995-02",14,1995,2,2,4,1,0,"facility",1,1,6
"B052","1995-03",15,1995,3,2,2,1,0,"facility",1,1,7
"B052","1995-04",16,1995,4,4,1,1,0,"facility",1,1,8
"B052","1995-05",17,1995,5,1,3,1,0,"facility",1,1,9
"B052","1995-06",18,1995,6,1,2,1,0,"facility",1,1,10
"B053","1994-01",1,1994,1,5,1,1,0,"facility",0,0,-7
"B053","1994-02",2,1994,2,2,1,1,0,"facility",0,0,-6
"B053","1994-03",3,1994,3,3,1,1,0,"facility",0,0,-5
"B053","1994-04",4,1994,4,3,1,1,0,"facility",0,0,-4
"B053","1994-05",5,1994,5,4,0,1,0,"facility",0,0,-3
"B053","1994-06",6,1994,6,4,2,1,0,"facility",0,0,-2
"B053","1994-07",7,1994,7,1,1,1,0,"facility",0,0,-1
"B053","1994-08",8,1994,8,8,5,1,0,"facility",0,1,0
"B053","1994-09",9,1994,9,6,1,1,0,"facility",0,1,1
"B053","1994-10",10,1994,10,4,3,1,0,"facility",0,1,2
"B053","1994-11",11,1994,11,1,3,1,0,"facility",0,1,3
"B053","1994-12",12,1994,12,7,3,1,0,"facility",0,1,4
"B053","1995-01",13,1995,1,1,0,1,0,"facility",0,1,5
"B053","1995-02",14,1995,2,5,1,1,0,"facility",0,1,6
"B053","1995-03",15,1995,3,2,2,1,0,"facility",0,1,7
"B053","1995-04",16,1995,4,2,2,1,0,"facility",0,1,8
"B053","1995-05",17,1995,5,3,1,1,0,"facility",0,1,9
"B053","1995-06",18,1995,6,3,1,1,0,"facility",0,1,10
"B054","1994-01",1,1994,1,2,1,1,0,"facility",0,0,-7
"B054","1994-02",2,1994,2,2,1,1,0,"facility",0,0,-6
"B054","1994-03",3,1994,3,7,1,1,0,"facility",0,0,-5
"B054","1994-04",4,1994,4,3,0,1,0,"facility",0,0,-4
"B054","1994-05",5,1994,5,2,2,1,0,"facility",0,0,-3
"B054","1994-06",6,1994,6,5,3,1,0,"facility",0,0,-2
"B054","1994-07",7,1994,7,4,0,1,0,"facility",0,0,-1
"B054","1994-08",8,1994,8,2,2,1,0,"facility",0,1,0
"B054","1994-09",9,1994,9,3,1,1,0,"facility",0,1,1
"B054","1994-10",10,1994,10,2,1,1,0,"facility",0,1,2
"B054","1994-11",11,1994,11,1,0,1,0,"facility",0,1,3
"B054","1994-12",12,1994,12,1,1,1,0,"facility",0,1,4
"B054","1995-01",13,1995,1,2,0,1,0,"facility",0,1,5
"B054","1995-02",14,1995,2,2,1,1,0,"facility",0,1,6
"B054","1995-03",15,1995,3,1,1,1,0,"facility",0,1,7
"B054","1995-04",16,1995,4,1,0,1,0,"facility",0,1,8
"B054","1995-05",17,1995,5,1,0,1,0,"facility",0,1,9
"B054","1995-06",18,1995,6,2,2,1,0,"facility",0,1,10
"B055","1994-01",1,1994,1,7,1,1,0,"facility",1,0,-7
"B055","1994-02",2,1994,2,4,1,1,0,"facility",1,0,-6
"B055","1994-03",3,1994,3,2,2,1,0,"facility",1,0,-5
"B055","1994-04",4,1994,4,4,3,1,0,"facility",1,0,-4
"B055","1994-05",5,1994,5,0,3,1,0,"facility",1,0,-3
"B055","1994-06",6,1994,6,6,1,1,0,"facility",1,0,-2
"B055","1994-07",7,1994,7,4,1,1,0,"facility",1,0,-1
"B055","1994-08",8,1994,8,3,2,1,0,"facility",1,1,0
"B055","1994-09",9,1994,9,2,0,1,0,"facility",1,1,1
"B055","1994-10",10,1994,10,2,1,1,0,"facility",1,1,2
"B055","1994-11",11,1994,11,3,0,1,0,"facility",1,1,3
"B055","1994-12",12,1994,12,1,3,1,0,"facility",1,1,4
"B055","1995-01",13,1995,1,6,1,1,0,"facility",1,1,5
"B055","1995-02",14,1995,2,5,4,1,0,"facility",1,1,6
"B055","1995-03",15,1995,3,3,2,1,0,"facility",1,1,7
"B055","1995-04",16,1995,4,2,1,1,0,"facility",1,1,8
"B055","1995-05",17,1995,5,3,3,1,0,"facility",1,1,9
"B055","1995-06",18,1995,6,1,0,1,0,"facility",1,1,10
"B056","1994-01",1,1994,1,4,2,1,0,"facility",1,0,-7
"B056","1994-02",2,1994,2,2,1,1,0,"facility",1,0,-6
"B056","1994-03",3,1994,3,3,3,1,0,"facility",1,0,-5
"B056","1994-04",4,1994,4,0,2,1,0,"facility",1,0,-4
"B056","1994-05",5,1994,5,4,4,1,0,"facility",1,0,-3
"B056","1994-06",6,1994,6,1,4,1,0,"facility",1,0,-2
"B056","1994-07",7,1994,7,3,0,1,0,"facility",1,0,-1
"B056","1994-08",8,1994,8,2,5,1,0,"facility",1,1,0
"B056","1994-09",9,1994,9,2,0,1,0,"facility",1,1,1
"B056","1994-10",10,1994,10,2,0,1,0,"facility",1,1,2
"B056","1994-11",11,1994,11,0,2,1,0,"facility",1,1,3
"B056","1994-12",12,1994,12,4,5,1,0,"facility",1,1,4
"B056","1995-01",13,1995,1,1,1,1,0,"facility",1,1,5
"B056","1995-02",14,1995,2,0,3,1,0,"facility",1,1,6
"B056","1995-03",15,1995,3,2,3,1,0,"facility",1,1,7
"B056","1995-04",16,1995,4,0,0,1,0,"facility",1,1,8
"B056","1995-05",17,1995,5,2,1,1,0,"facility",1,1,9
"B056","1995-06",18,1995,6,0,4,1,0,"facility",1,1,10
"B057","1994-01",1,1994,1,4,0,1,0,"facility",1,0,-7
"B057","1994-02",2,1994,2,2,0,1,0,"facility",1,0,-6
"B057","1994-03",3,1994,3,3,3,1,0,"facility",1,0,-5
"B057","1994-04",4,1994,4,2,1,1,0,"facility",1,0,-4
"B057","1994-05",5,1994,5,1,0,1,0,"facility",1,0,-3
"B057","1994-06",6,1994,6,1,1,1,0,"facility",1,0,-2
"B057","1994-07",7,1994,7,3,3,1,0,"facility",1,0,-1
"B057","1994-08",8,1994,8,4,3,1,0,"facility",1,1,0
"B057","1994-09",9,1994,9,1,2,1,0,"facility",1,1,1
"B057","1994-10",10,1994,10,4,3,1,0,"facility",1,1,2
"B057","1994-11",11,1994,11,1,1,1,0,"facility",1,1,3
"B057","1994-12",12,1994,12,2,2,1,0,"facility",1,1,4
"B057","1995-01",13,1995,1,0,0,1,0,"facility",1,1,5
"B057","1995-02",14,1995,2,3,1,1,0,"facility",1,1,6
"B057","1995-03",15,1995,3,2,2,1,0,"facility",1,1,7
"B057","1995-04",16,1995,4,1,2,1,0,"facility",1,1,8
"B057","1995-05",17,1995,5,2,4,1,0,"facility",1,1,9
"B057","1995-06",18,1995,6,1,1,1,0,"facility",1,1,10
"B058","1994-01",1,1994,1,4,1,1,0,"facility",0,0,-7
"B058","1994-02",2,1994,2,4,4,1,0,"facility",0,0,-6
"B058","1994-03",3,1994,3,3,1,1,0,"facility",0,0,-5
"B058","1994-04",4,1994,4,1,0,1,0,"facility",0,0,-4
"B058","1994-05",5,1994,5,7,1,1,0,"facility",0,0,-3
"B058","1994-06",6,1994,6,5,1,1,0,"facility",0,0,-2
"B058","1994-07",7,1994,7,2,2,1,0,"facility",0,0,-1
"B058","1994-08",8,1994,8,1,1,1,0,"facility",0,1,0
"B058","1994-09",9,1994,9,1,0,1,0,"facility",0,1,1
"B058","1994-10",10,1994,10,4,3,1,0,"facility",0,1,2
"B058","1994-11",11,1994,11,2,1,1,0,"facility",0,1,3
"B058","1994-12",12,1994,12,4,1,1,0,"facility",0,1,4
"B058","1995-01",13,1995,1,2,0,1,0,"facility",0,1,5
"B058","1995-02",14,1995,2,4,2,1,0,"facility",0,1,6
"B058","1995-03",15,1995,3,3,1,1,0,"facility",0,1,7
"B058","1995-04",16,1995,4,2,2,1,0,"facility",0,1,8
"B058","1995-05",17,1995,5,4,1,1,0,"facility",0,1,9
"B058","1995-06",18,1995,6,2,1,1,0,"facility",0,1,10
"B059","1994-01",1,1994,1,2,2,1,0,"facility",0,0,-7
"B059","1994-02",2,1994,2,3,1,1,0,"facility",0,0,-6
"B059","1994-03",3,1994,3,1,0,1,0,"facility",0,0,-5
"B059","1994-04",4,1994,4,0,0,1,0,"facility",0,0,-4
"B059","1994-05",5,1994,5,1,5,1,0,"facility",0,0,-3
"B059","1994-06",6,1994,6,1,0,1,0,"facility",0,0,-2
"B059","1994-07",7,1994,7,1,1,1,0,"facility",0,0,-1
"B059","1994-08",8,1994,8,0,2,1,0,"facility",0,1,0
"B059","1994-09",9,1994,9,0,1,1,0,"facility",0,1,1
"B059","1994-10",10,1994,10,2,0,1,0,"facility",0,1,2
"B059","1994-11",11,1994,11,1,2,1,0,"facility",0,1,3
"B059","1994-12",12,1994,12,0,2,1,0,"facility",0,1,4
"B059","1995-01",13,1995,1,0,1,1,0,"facility",0,1,5
"B059","1995-02",14,1995,2,3,1,1,0,"facility",0,1,6
"B059","1995-03",15,1995,3,0,1,1,0,"facility",0,1,7
"B059","1995-04",16,1995,4,3,1,1,0,"facility",0,1,8
"B059","1995-05",17,1995,5,0,0,1,0,"facility",0,1,9
"B059","1995-06",18,1995,6,2,1,1,0,"facility",0,1,10
"B060","1994-01",1,1994,1,1,0,1,0,"facility",0,0,-7
"B060","1994-02",2,1994,2,3,2,1,0,"facility",0,0,-6
"B060","1994-03",3,1994,3,3,3,1,0,"facility",0,0,-5
"B060","1994-04",4,1994,4,3,1,1,0,"facility",0,0,-4
"B060","1994-05",5,1994,5,1,2,1,0,"facility",0,0,-3
"B060","1994-06",6,1994,6,1,1,1,0,"facility",0,0,-2
"B060","1994-07",7,1994,7,2,0,1,0,"facility",0,0,-1
"B060","1994-08",8,1994,8,2,1,1,0,"facility",0,1,0
"B060","1994-09",9,1994,9,6,2,1,0,"facility",0,1,1
"B060","1994-10",10,1994,10,5,2,1,0,"facility",0,1,2
"B060","1994-11",11,1994,11,2,0,1,0,"facility",0,1,3
"B060","1994-12",12,1994,12,1,1,1,0,"facility",0,1,4
"B060","1995-01",13,1995,1,2,0,1,0,"facility",0,1,5
"B060","1995-02",14,1995,2,2,3,1,0,"facility",0,1,6
"B060","1995-03",15,1995,3,1,3,1,0,"facility",0,1,7
"B060","1995-04",16,1995,4,4,0,1,0,"facility",0,1,8
"B060","1995-05",17,1995,5,4,1,1,0,"facility",0,1,9
"B060","1995-06",18,1995,6,2,1,1,0,"facility",0,1,10
"B061","1994-01",1,1994,1,3,4,0,1,"adjacent",1,0,-7
"B061","1994-02",2,1994,2,1,2,0,1,"adjacent",1,0,-6
"B061","1994-03",3,1994,3,1,2,0,1,"adjacent",1,0,-5
"B061","1994-04",4,1994,4,3,0,0,1,"adjacent",1,0,-4
"B061","1994-05",5,1994,5,2,0,0,1,"adjacent",1,0,-3
"B061","1994-06",6,1994,6,1,4,0,1,"adjacent",1,0,-2
"B061","1994-07",7,1994,7,5,4,0,1,"adjacent",1,0,-1
"B061","1994-08",8,1994,8,2,2,0,1,"adjacent",1,1,0
"B061","1994-09",9,1994,9,2,1,0,1,"adjacent",1,1,1
"B061","1994-10",10,1994,10,1,1,0,1,"adjacent",1,1,2
"B061","1994-11",11,1994,11,0,2,0,1,"adjacent",1,1,3
"B061","1994-12",12,1994,12,2,0,0,1,"adjacent",1,1,4
"B061","1995-01",13,1995,1,3,0,0,1,"adjacent",1,1,5
"B061","1995-02",14,1995,2,4,1,0,1,"adjacent",1,1,6
"B061","1995-03",15,1995,3,4,3,0,1,"adjacent",1,1,7
"B061","1995-04",16,1995,4,11,1,0,1,"adjacent",1,1,8
"B061","1995-05",17,1995,5,3,3,0,1,"adjacent",1,1,9
"B061","1995-06",18,1995,6,3,1,0,1,"adjacent",1,1,10
"B062","1994-01",1,1994,1,0,3,0,1,"adjacent",1,0,-7
"B062","1994-02",2,1994,2,3,2,0,1,"adjacent",1,0,-6
"B062","1994-03",3,1994,3,6,3,0,1,"adjacent",1,0,-5
"B062","1994-04",4,1994,4,8,1,0,1,"adjacent",1,0,-4
"B062","1994-05",5,1994,5,0,1,0,1,"adjacent",1,0,-3
"B062","1994-06",6,1994,6,4,2,0,1,"adjacent",1,0,-2
"B062","1994-07",7,1994,7,4,3,0,1,"adjacent",1,0,-1
"B062","1994-08",8,1994,8,3,1,0,1,"adjacent",1,1,0
"B062","1994-09",9,1994,9,6,0,0,1,"adjacent",1,1,1
"B062","1994-10",10,1994,10,2,1,0,1,"adjacent",1,1,2
"B062","1994-11",11,1994,11,0,1,0,1,"adjacent",1,1,3
"B062","1994-12",12,1994,12,0,3,0,1,"adjacent",1,1,4
"B062","1995-01",13,1995,1,9,1,0,1,"adjacent",1,1,5
"B062","1995-02",14,1995,2,2,4,0,1,"adjacent",1,1,6
"B062","1995-03",15,1995,3,6,1,0,1,"adjacent",1,1,7
"B062","1995-04",16,1995,4,3,2,0,1,"adjacent",1,1,8
"B062","1995-05",17,1995,5,3,2,0,1,"adjacent",1,1,9
"B062","1995-06",18,1995,6,4,0,0,1,"adjacent",1,1,10
"B063","1994-01",1,1994,1,5,1,0,1,"adjacent",1,0,-7
"B063","1994-02",2,1994,2,3,0,0,1,"adjacent",1,0,-6
"B063","1994-03",3,1994,3,1,3,0,1,"adjacent",1,0,-5
"B063","1994-04",4,1994,4,4,2,0,1,"adjacent",1,0,-4
"B063","1994-05",5,1994,5,2,3,0,1,"adjacent",1,0,-3
"B063","1994-06",6,1994,6,1,0,0,1,"adjacent",1,0,-2
"B063","1994-07",7,1994,7,2,2,0,1,"adjacent",1,0,-1
"B063","1994-08",8,1994,8,4,0,0,1,"adjacent",1,1,0
"B063","1994-09",9,1994,9,5,4,0,1,"adjacent",1,1,1
"B063","1994-10",10,1994,10,5,1,0,1,"adjacent",1,1,2
"B063","1994-11",11,1994,11,2,3,0,1,"adjacent",1,1,3
"B063","1994-12",12,1994,12,3,1,0,1,"adjacent",1,1,4
"B063","1995-01",13,1995,1,2,3,0,1,"adjacent",1,1,5
"B063","1995-02",14,1995,2,2,1,0,1,"adjacent",1,1,6
"B063","1995-03",15,1995,3,3,1,0,1,"adjacent",1,1,7
"B063","1995-04",16,1995,4,5,0,0,1,"adjacent",1,1,8
"B063","1995-05",17,1995,5,2,2,0,1,"adjacent",1,1,9
"B063","1995-06",18,1995,6,1,1,0,1,"adjacent",1,1,10
"B064","1994-01",1,1994,1,2,2,0,1,"adjacent",1,0,-7
"B064","1994-02",2,1994,2,4,2,0,1,"adjacent",1,0,-6
"B064","1994-03",3,1994,3,4,0,0,1,"adjacent",1,0,-5
"B064","1994-04",4,1994,4,4,1,0,1,"adjacent",1,0,-4
"B064","1994-05",5,1994,5,3,0,0,1,"adjacent",1,0,-3
"B064","1994-06",6,1994,6,1,2,0,1,"adjacent",1,0,-2
"B064","1994-07",7,1994,7,1,0,0,1,"adjacent",1,0,-1
"B064","1994-08",8,1994,8,6,2,0,1,"adjacent",1,1,0
"B064","1994-09",9,1994,9,2,4,0,1,"adjacent",1,1,1
"B064","1994-10",10,1994,10,10,0,0,1,"adjacent",1,1,2
"B064","1994-11",11,1994,11,1,3,0,1,"adjacent",1,1,3
"B064","1994-12",12,1994,12,1,2,0,1,"adjacent",1,1,4
"B064","1995-01",13,1995,1,3,1,0,1,"adjacent",1,1,5
"B064","1995-02",14,1995,2,1,1,0,1,"adjacent",1,1,6
"B064","1995-03",15,1995,3,5,2,0,1,"adjacent",1,1,7
"B064","1995-04",16,1995,4,4,2,0,1,"adjacent",1,1,8
"B064","1995-05",17,1995,5,7,1,0,1,"adjacent",1,1,9
"B064","1995-06",18,1995,6,3,3,0,1,"adjacent",1,1,10
"B065","1994-01",1,1994,1,3,1,0,1,"adjacent",1,0,-7
"B065","1994-02",2,1994,2,2,0,0,1,"adjacent",1,0,-6
"B065","1994-03",3,1994,3,4,2,0,1,"adjacent",1,0,-5
"B065","1994-04",4,1994,4,0,0,0,1,"adjacent",1,0,-4
"B065","1994-05",5,1994,5,2,0,0,1,"adjacent",1,0,-3
"B065","1994-06",6,1994,6,1,1,0,1,"adjacent",1,0,-2
"B065","1994-07",7,1994,7,3,2,0,1,"adjacent",1,0,-1
"B065","1994-08",8,1994,8,3,0,0,1,"adjacent",1,1,0
"B065","1994-09",9,1994,9,1,1,0,1,"adjacent",1,1,1
"B065","1994-10",10,1994,10,2,0,0,1,"adjacent",1,1,2
"B065","1994-11",11,1994,11,1,2,0,1,"adjacent",1,1,3
"B065","1994-12",12,1994,12,0,2,0,1,"adjacent",1,1,4
"B065","1995-01",13,1995,1,3,1,0,1,"adjacent",1,1,5
"B065","1995-02",14,1995,2,2,2,0,1,"adjacent",1,1,6
"B065","1995-03",15,1995,3,2,1,0,1,"adjacent",1,1,7
"B065","1995-04",16,1995,4,4,2,0,1,"adjacent",1,1,8
"B065","1995-05",17,1995,5,5,2,0,1,"adjacent",1,1,9
"B065","1995-06",18,1995,6,1,2,0,1,"adjacent",1,1,10
"B066","1994-01",1,1994,1,3,0,0,1,"adjacent",0,0,-7
"B066","1994-02",2,1994,2,3,2,0,1,"adjacent",0,0,-6
"B066","1994-03",3,1994,3,3,2,0,1,"adjacent",0,0,-5
"B066","1994-04",4,1994,4,6,2,0,1,"adjacent",0,0,-4
"B066","1994-05",5,1994,5,4,1,0,1,"adjacent",0,0,-3
"B066","1994-06",6,1994,6,3,0,0,1,"adjacent",0,0,-2
"B066","1994-07",7,1994,7,1,1,0,1,"adjacent",0,0,-1
"B066","1994-08",8,1994,8,8,0,0,1,"adjacent",0,1,0
"B066","1994-09",9,1994,9,2,2,0,1,"adjacent",0,1,1
"B066","1994-10",10,1994,10,2,3,0,1,"adjacent",0,1,2
"B066","1994-11",11,1994,11,1,0,0,1,"adjacent",0,1,3
"B066","1994-12",12,1994,12,1,3,0,1,"adjacent",0,1,4
"B066","1995-01",13,1995,1,1,4,0,1,"adjacent",0,1,5
"B066","1995-02",14,1995,2,5,1,0,1,"adjacent",0,1,6
"B066","1995-03",15,1995,3,3,1,0,1,"adjacent",0,1,7
"B066","1995-04",16,1995,4,2,3,0,1,"adjacent",0,1,8
"B066","1995-05",17,1995,5,4,1,0,1,"adjacent",0,1,9
"B066","1995-06",18,1995,6,2,3,0,1,"adjacent",0,1,10
"B067","1994-01",1,1994,1,4,3,0,1,"adjacent",1,0,-7
"B067","1994-02",2,1994,2,4,1,0,1,"adjacent",1,0,-6
"B067","1994-03",3,1994,3,5,3,0,1,"adjacent",1,0,-5
"B067","1994-04",4,1994,4,2,5,0,1,"adjacent",1,0,-4
"B067","1994-05",5,1994,5,2,4,0,1,"adjacent",1,0,-3
"B067","1994-06",6,1994,6,5,1,0,1,"adjacent",1,0,-2
"B067","1994-07",7,1994,7,2,1,0,1,"adjacent",1,0,-1
"B067","1994-08",8,1994,8,4,4,0,1,"adjacent",1,1,0
"B067","1994-09",9,1994,9,1,2,0,1,"adjacent",1,1,1
"B067","1994-10",10,1994,10,3,1,0,1,"adjacent",1,1,2
"B067","1994-11",11,1994,11,2,1,0,1,"adjacent",1,1,3
"B067","1994-12",12,1994,12,2,0,0,1,"adjacent",1,1,4
"B067","1995-01",13,1995,1,2,0,0,1,"adjacent",1,1,5
"B067","1995-02",14,1995,2,2,1,0,1,"adjacent",1,1,6
"B067","1995-03",15,1995,3,4,2,0,1,"adjacent",1,1,7
"B067","1995-04",16,1995,4,2,2,0,1,"adjacent",1,1,8
"B067","1995-05",17,1995,5,3,4,0,1,"adjacent",1,1,9
"B067","1995-06",18,1995,6,5,0,0,1,"adjacent",1,1,10
"B068","1994-01",1,1994,1,2,0,0,1,"adjacent",0,0,-7
"B068","1994-02",2,1994,2,3,0,0,1,"adjacent",0,0,-6
"B068","1994-03",3,1994,3,2,0,0,1,"adjacent",0,0,-5
"B068","1994-04",4,1994,4,1,0,0,1,"adjacent",0,0,-4
"B068","1994-05",5,1994,5,4,0,0,1,"adjacent",0,0,-3
"B068","1994-06",6,1994,6,1,1,0,1,"adjacent",0,0,-2
"B068","1994-07",7,1994,7,2,4,0,1,"adjacent",0,0,-1
"B068","1994-08",8,1994,8,1,0,0,1,"adjacent",0,1,0
"B068","1994-09",9,1994,9,0,2,0,1,"adjacent",0,1,1
"B068","1994-10",10,1994,10,3,1,0,1,"adjacent",0,1,2
"B068","1994-11",11,1994,11,1,1,0,1,"adjacent",0,1,3
"B068","1994-12",12,1994,12,4,1,0,1,"adjacent",0,1,4
"B068","1995-01",13,1995,1,0,0,0,1,"adjacent",0,1,5
"B068","1995-02",14,1995,2,3,2,0,1,"adjacent",0,1,6
"B068","1995-03",15,1995,3,1,1,0,1,"adjacent",0,1,7
"B068","1995-04",16,1995,4,3,1,0,1,"adjacent",0,1,8
"B068","1995-05",17,1995,5,1,4,0,1,"adjacent",0,1,9
"B068","1995-06",18,1995,6,0,2,0,1,"adjacent",0,1,10
"B069","1994-01",1,1994,1,4,0,0,1,"adjacent",1,0,-7
"B069","1994-02",2,1994,2,1,3,0,1,"adjacent",1,0,-6
"B069","1994-03",3,1994,3,7,1,0,1,"adjacent",1,0,-5
"B069","1994-04",4,1994,4,4,1,0,1,"adjacent",1,0,-4
"B069","1994-05",5,1994,5,0,3,0,1,"adjacent",1,0,-3
"B069","1994-06",6,1994,6,1,2,0,1,"adjacent",1,0,-2
"B069","1994-07",7,1994,7,2,3,0,1,"adjacent",1,0,-1
"B069","1994-08",8,1994,8,7,2,0,1,"adjacent",1,1,0
"B069","1994-09",9,1994,9,2,1,0,1,"adjacent",1,1,1
"B069","1994-10",10,1994,10,1,1,0,1,"adjacent",1,1,2
"B069","1994-11",11,1994,11,2,3,0,1,"adjacent",1,1,3
"B069","1994-12",12,1994,12,4,1,0,1,"adjacent",1,1,4
"B069","1995-01",13,1995,1,1,2,0,1,"adjacent",1,1,5
"B069","1995-02",14,1995,2,1,0,0,1,"adjacent",1,1,6
"B069","1995-03",15,1995,3,2,3,0,1,"adjacent",1,1,7
"B069","1995-04",16,1995,4,4,2,0,1,"adjacent",1,1,8
"B069","1995-05",17,1995,5,5,3,0,1,"adjacent",1,1,9
"B069","1995-06",18,1995,6,4,0,0,1,"adjacent",1,1,10
"B070","1994-01",1,1994,1,3,5,0,1,"adjacent",0,0,-7
"B070","1994-02",2,1994,2,4,2,0,1,"adjacent",0,0,-6
"B070","1994-03",3,1994,3,3,0,0,1,"adjacent",0,0,-5
"B070","1994-04",4,1994,4,5,2,0,1,"adjacent",0,0,-4
"B070","1994-05",5,1994,5,3,2,0,1,"adjacent",0,0,-3
"B070","1994-06",6,1994,6,4,4,0,1,"adjacent",0,0,-2
"B070","1994-07",7,1994,7,4,3,0,1,"adjacent",0,0,-1
"B070","1994-08",8,1994,8,1,4,0,1,"adjacent",0,1,0
"B070","1994-09",9,1994,9,4,1,0,1,"adjacent",0,1,1
"B070","1994-10",10,1994,10,1,1,0,1,"adjacent",0,1,2
"B070","1994-11",11,1994,11,2,3,0,1,"adjacent",0,1,3
"B070","1994-12",12,1994,12,4,1,0,1,"adjacent",0,1,4
"B070","1995-01",13,1995,1,3,1,0,1,"adjacent",0,1,5
"B070","1995-02",14,1995,2,2,2,0,1,"adjacent",0,1,6
"B070","1995-03",15,1995,3,5,3,0,1,"adjacent",0,1,7
"B070","1995-04",16,1995,4,4,3,0,1,"adjacent",0,1,8
"B070","1995-05",17,1995,5,5,0,0,1,"adjacent",0,1,9
"B070","1995-06",18,1995,6,3,1,0,1,"adjacent",0,1,10
"B071","1994-01",1,1994,1,3,2,0,1,"adjacent",0,0,-7
"B071","1994-02",2,1994,2,4,1,0,1,"adjacent",0,0,-6
"B071","1994-03",3,1994,3,2,0,0,1,"adjacent",0,0,-5
"B071","1994-04",4,1994,4,4,2,0,1,"adjacent",0,0,-4
"B071","1994-05",5,1994,5,1,1,0,1,"adjacent",0,0,-3
"B071","1994-06",6,1994,6,1,2,0,1,"adjacent",0,0,-2
"B071","1994-07",7,1994,7,4,0,0,1,"adjacent",0,0,-1
"B071","1994-08",8,1994,8,0,1,0,1,"adjacent",0,1,0
"B071","1994-09",9,1994,9,2,2,0,1,"adjacent",0,1,1
"B071","1994-10",10,1994,10,2,1,0,1,"adjacent",0,1,2
"B071","1994-11",11,1994,11,3,3,0,1,"adjacent",0,1,3
"B071","1994-12",12,1994,12,3,1,0,1,"adjacent",0,1,4
"B071","1995-01",13,1995,1,4,2,0,1,"adjacent",0,1,5
"B071","1995-02",14,1995,2,1,5,0,1,"adjacent",0,1,6
"B071","1995-03",15,1995,3,1,0,0,1,"adjacent",0,1,7
"B071","1995-04",16,1995,4,4,1,0,1,"adjacent",0,1,8
"B071","1995-05",17,1995,5,3,0,0,1,"adjacent",0,1,9
"B071","1995-06",18,1995,6,3,1,0,1,"adjacent",0,1,10
"B072","1994-01",1,1994,1,2,0,0,1,"adjacent",0,0,-7
"B072","1994-02",2,1994,2,5,0,0,1,"adjacent",0,0,-6
"B072","1994-03",3,1994,3,2,1,0,1,"adjacent",0,0,-5
"B072","1994-04",4,1994,4,2,3,0,1,"adjacent",0,0,-4
"B072","1994-05",5,1994,5,4,0,0,1,"adjacent",0,0,-3
"B072","1994-06",6,1994,6,3,0,0,1,"adjacent",0,0,-2
"B072","1994-07",7,1994,7,1,0,0,1,"adjacent",0,0,-1
"B072","1994-08",8,1994,8,1,1,0,1,"adjacent",0,1,0
"B072","1994-09",9,1994,9,2,3,0,1,"adjacent",0,1,1
"B072","1994-10",10,1994,10,3,1,0,1,"adjacent",0,1,2
"B072","1994-11",11,1994,11,0,4,0,1,"adjacent",0,1,3
"B072","1994-12",12,1994,12,1,0,0,1,"adjacent",0,1,4
"B072","1995-01",13,1995,1,2,1,0,1,"adjacent",0,1,5
"B072","1995-02",14,1995,2,3,3,0,1,"adjacent",0,1,6
"B072","1995-03",15,1995,3,5,0,0,1,"adjacent",0,1,7
"B072","1995-04",16,1995,4,3,3,0,1,"adjacent",0,1,8
"B072","1995-05",17,1995,5,1,0,0,1,"adjacent",0,1,9
"B072","1995-06",18,1995,6,5,0,0,1,"adjacent",0,1,10
"B073","1994-01",1,1994,1,2,0,0,1,"adjacent",1,0,-7
"B073","1994-02",2,1994,2,4,4,0,1,"adjacent",1,0,-6
"B073","1994-03",3,1994,3,6,1,0,1,"adjacent",1,0,-5
"B073","1994-04",4,1994,4,1,1,0,1,"adjacent",1,0,-4
"B073","1994-05",5,1994,5,4,3,0,1,"adjacent",1,0,-3
"B073","1994-06",6,1994,6,5,2,0,1,"adjacent",1,0,-2
"B073","1994-07",7,1994,7,4,2,0,1,"adjacent",1,0,-1
"B073","1994-08",8,1994,8,1,2,0,1,"adjacent",1,1,0
"B073","1994-09",9,1994,9,2,4,0,1,"adjacent",1,1,1
"B073","1994-10",10,1994,10,2,3,0,1,"adjacent",1,1,2
"B073","1994-11",11,1994,11,2,0,0,1,"adjacent",1,1,3
"B073","1994-12",12,1994,12,1,2,0,1,"adjacent",1,1,4
"B073","1995-01",13,1995,1,2,0,0,1,"adjacent",1,1,5
"B073","1995-02",14,1995,2,2,2,0,1,"adjacent",1,1,6
"B073","1995-03",15,1995,3,3,3,0,1,"adjacent",1,1,7
"B073","1995-04",16,1995,4,6,2,0,1,"adjacent",1,1,8
"B073","1995-05",17,1995,5,2,1,0,1,"adjacent",1,1,9
"B073","1995-06",18,1995,6,5,1,0,1,"adjacent",1,1,10
"B074","1994-01",1,1994,1,3,0,0,1,"adjacent",0,0,-7
"B074","1994-02",2,1994,2,2,0,0,1,"adjacent",0,0,-6
"B074","1994-03",3,1994,3,1,3,0,1,"adjacent",0,0,-5
"B074","1994-04",4,1994,4,2,1,0,1,"adjacent",0,0,-4
"B074","1994-05",5,1994,5,5,3,0,1,"adjacent",0,0,-3
"B074","1994-06",6,1994,6,4,2,0,1,"adjacent",0,0,-2
"B074","1994-07",7,1994,7,1,1,0,1,"adjacent",0,0,-1
"B074","1994-08",8,1994,8,4,1,0,1,"adjacent",0,1,0
"B074","1994-09",9,1994,9,4,1,0,1,"adjacent",0,1,1
"B074","1994-10",10,1994,10,2,1,0,1,"adjacent",0,1,2
"B074","1994-11",11,1994,11,5,4,0,1,"adjacent",0,1,3
"B074","1994-12",12,1994,12,3,1,0,1,"adjacent",0,1,4
"B074","1995-01",13,1995,1,2,2,0,1,"adjacent",0,1,5
"B074","1995-02",14,1995,2,4,2,0,1,"adjacent",0,1,6
"B074","1995-03",15,1995,3,3,2,0,1,"adjacent",0,1,7
"B074","1995-04",16,1995,4,1,3,0,1,"adjacent",0,1,8
"B074","1995-05",17,1995,5,3,0,0,1,"adjacent",0,1,9
"B074","1995-06",18,1995,6,5,0,0,1,"adjacent",0,1,10
"B075","1994-01",1,1994,1,1,1,0,1,"adjacent",0,0,-7
"B075","1994-02",2,1994,2,4,0,0,1,"adjacent",0,0,-6
"B075","1994-03",3,1994,3,1,3,0,1,"adjacent",0,0,-5
"B075","1994-04",4,1994,4,3,1,0,1,"adjacent",0,0,-4
"B075","1994-05",5,1994,5,3,1,0,1,"adjacent",0,0,-3
"B075","1994-06",6,1994,6,0,2,0,1,"adjacent",0,0,-2
"B075","1994-07",7,1994,7,4,0,0,1,"adjacent",0,0,-1
"B075","1994-08",8,1994,8,3,2,0,1,"adjacent",0,1,0
"B075","1994-09",9,1994,9,3,2,0,1,"adjacent",0,1,1
"B075","1994-10",10,1994,10,0,3,0,1,"adjacent",0,1,2
"B075","1994-11",11,1994,11,3,3,0,1,"adjacent",0,1,3
"B075","1994-12",12,1994,12,5,2,0,1,"adjacent",0,1,4
"B075","1995-01",13,1995,1,2,3,0,1,"adjacent",0,1,5
"B075","1995-02",14,1995,2,4,3,0,1,"adjacent",0,1,6
"B075","1995-03",15,1995,3,4,3,0,1,"adjacent",0,1,7
"B075","1995-04",16,1995,4,3,3,0,1,"adjacent",0,1,8
"B075","1995-05",17,1995,5,4,2,0,1,"adjacent",0,1,9
"B075","1995-06",18,1995,6,2,1,0,1,"adjacent",0,1,10
"B076","1994-01",1,1994,1,4,1,0,1,"adjacent",0,0,-7
"B076","1994-02",2,1994,2,3,4,0,1,"adjacent",0,0,-6
"B076","1994-03",3,1994,3,3,3,0,1,"adjacent",0,0,-5
"B076","1994-04",4,1994,4,2,3,0,1,"adjacent",0,0,-4
"B076","1994-05",5,1994,5,2,1,0,1,"adjacent",0,0,-3
"B076","1994-06",6,1994,6,2,0,0,1,"adjacent",0,0,-2
"B076","1994-07",7,1994,7,1,2,0,1,"adjacent",0,0,-1
"B076","1994-08",8,1994,8,0,1,0,1,"adjacent",0,1,0
"B076","1994-09",9,1994,9,1,0,0,1,"adjacent",0,1,1
"B076","1994-10",10,1994,10,3,2,0,1,"adjacent",0,1,2
"B076","1994-11",11,1994,11,2,3,0,1,"adjacent",0,1,3
"B076","1994-12",12,1994,12,2,1,0,1,"adjacent",0,1,4
"B076","1995-01",13,1995,1,1,3,0,1,"adjacent",0,1,5
"B076","1995-02",14,1995,2,2,0,0,1,"adjacent",0,1,6
"B076","1995-03",15,1995,3,0,1,0,1,"adjacent",0,1,7
"B076","1995-04",16,1995,4,4,0,0,1,"adjacent",0,1,8
"B076","1995-05",17,1995,5,2,2,0,1,"adjacent",0,1,9
"B076","1995-06",18,1995,6,2,1,0,1,"adjacent",0,1,10
"B077","1994-01",1,1994,1,3,2,0,1,"adjacent",0,0,-7
"B077","1994-02",2,1994,2,2,0,0,1,"adjacent",0,0,-6
"B077","1994-03",3,1994,3,2,1,0,1,"adjacent",0,0,-5
"B077","1994-04",4,1994,4,4,1,0,1,"adjacent",0,0,-4
"B077","1994-05",5,1994,5,4,2,0,1,"adjacent",0,0,-3
"B077","1994-06",6,1994,6,3,3,0,1,"adjacent",0,0,-2
"B077","1994-07",7,1994,7,4,2,0,1,"adjacent",0,0,-1
"B077","1994-08",8,1994,8,1,2,0,1,"adjacent",0,1,0
"B077","1994-09",9,1994,9,2,3,0,1,"adjacent",0,1,1
"B077","1994-10",10,1994,10,0,0,0,1,"adjacent",0,1,2
"B077","1994-11",11,1994,11,4,2,0,1,"adjacent",0,1,3
"B077","1994-12",12,1994,12,5,2,0,1,"adjacent",0,1,4
"B077","1995-01",13,1995,1,1,2,0,1,"adjacent",0,1,5
"B077","1995-02",14,1995,2,3,2,0,1,"adjacent",0,1,6
"B077","1995-03",15,1995,3,2,4,0,1,"adjacent",0,1,7
"B077","1995-04",16,1995,4,3,3,0,1,"adjacent",0,1,8
"B077","1995-05",17,1995,5,1,0,0,1,"adjacent",0,1,9
"B077","1995-06",18,1995,6,6,2,0,1,"adjacent",0,1,10
"B078","1994-01",1,1994,1,4,0,0,1,"adjacent",1,0,-7
"B078","1994-02",2,1994,2,5,2,0,1,"adjacent",1,0,-6
"B078","1994-03",3,1994,3,3,1,0,1,"adjacent",1,0,-5
"B078","1994-04",4,1994,4,5,3,0,1,"adjacent",1,0,-4
"B078","1994-05",5,1994,5,3,0,0,1,"adjacent",1,0,-3
"B078","1994-06",6,1994,6,3,0,0,1,"adjacent",1,0,-2
"B078","1994-07",7,1994,7,4,1,0,1,"adjacent",1,0,-1
"B078","1994-08",8,1994,8,3,2,0,1,"adjacent",1,1,0
"B078","1994-09",9,1994,9,3,1,0,1,"adjacent",1,1,1
"B078","1994-10",10,1994,10,3,1,0,1,"adjacent",1,1,2
"B078","1994-11",11,1994,11,3,3,0,1,"adjacent",1,1,3
"B078","1994-12",12,1994,12,5,0,0,1,"adjacent",1,1,4
"B078","1995-01",13,1995,1,1,1,0,1,"adjacent",1,1,5
"B078","1995-02",14,1995,2,3,0,0,1,"adjacent",1,1,6
"B078","1995-03",15,1995,3,2,1,0,1,"adjacent",1,1,7
"B078","1995-04",16,1995,4,5,1,0,1,"adjacent",1,1,8
"B078","1995-05",17,1995,5,4,0,0,1,"adjacent",1,1,9
"B078","1995-06",18,1995,6,2,2,0,1,"adjacent",1,1,10
"B079","1994-01",1,1994,1,3,2,0,1,"adjacent",1,0,-7
"B079","1994-02",2,1994,2,1,3,0,1,"adjacent",1,0,-6
"B079","1994-03",3,1994,3,5,1,0,1,"adjacent",1,0,-5
"B079","1994-04",4,1994,4,1,3,0,1,"adjacent",1,0,-4
"B079","1994-05",5,1994,5,3,2,0,1,"adjacent",1,0,-3
"B079","1994-06",6,1994,6,2,1,0,1,"adjacent",1,0,-2
"B079","1994-07",7,1994,7,2,1,0,1,"adjacent",1,0,-1
"B079","1994-08",8,1994,8,3,1,0,1,"adjacent",1,1,0
"B079","1994-09",9,1994,9,2,2,0,1,"adjacent",1,1,1
"B079","1994-10",10,1994,10,1,0,0,1,"adjacent",1,1,2
"B079","1994-11",11,1994,11,2,0,0,1,"adjacent",1,1,3
"B079","1994-12",12,1994,12,3,0,0,1,"adjacent",1,1,4
"B079","1995-01",13,1995,1,0,1,0,1,"adjacent",1,1,5
"B079","1995-02",14,1995,2,4,1,0,1,"adjacent",1,1,6
"B079","1995-03",15,1995,3,0,1,0,1,"adjacent",1,1,7
"B079","1995-04",16,1995,4,4,0,0,1,"adjacent",1,1,8
"B079","1995-05",17,1995,5,4,2,0,1,"adjacent",1,1,9
"B079","1995-06",18,1995,6,2,3,0,1,"adjacent",1,1,10
"B080","1994-01",1,1994,1,6,4,0,1,"adjacent",1,0,-7
"B080","1994-02",2,1994,2,0,0,0,1,"adjacent",1,0,-6
"B080","1994-03",3,1994,3,3,6,0,1,"adjacent",1,0,-5
"B080","1994-04",4,1994,4,4,3,0,1,"adjacent",1,0,-4
"B080","1994-05",5,1994,5,3,1,0,1,"adjacent",1,0,-3
"B080","1994-06",6,1994,6,3,1,0,1,"adjacent",1,0,-2
"B080","1994-07",7,1994,7,2,0,0,1,"adjacent",1,0,-1
"B080","1994-08",8,1994,8,3,0,0,1,"adjacent",1,1,0
"B080","1994-09",9,1994,9,4,3,0,1,"adjacent",1,1,1
"B080","1994-10",10,1994,10,1,1,0,1,"adjacent",1,1,2
"B080","1994-11",11,1994,11,3,3,0,1,"adjacent",1,1,3
"B080","1994-12",12,1994,12,4,2,0,1,"adjacent",1,1,4
"B080","1995-01",13,1995,1,5,2,0,1,"adjacent",1,1,5
"B080","1995-02",14,1995,2,4,0,0,1,"adjacent",1,1,6
"B080","1995-03",15,1995,3,3,4,0,1,"adjacent",1,1,7
"B080","1995-04",16,1995,4,4,1,0,1,"adjacent",1,1,8
"B080","1995-05",17,1995,5,2,5,0,1,"adjacent",1,1,9
"B080","1995-06",18,1995,6,1,4,0,1,"adjacent",1,1,10
"B081","1994-01",1,1994,1,6,2,0,1,"adjacent",1,0,-7
"B081","1994-02",2,1994,2,1,1,0,1,"adjacent",1,0,-6
"B081","1994-03",3,1994,3,2,1,0,1,"adjacent",1,0,-5
"B081","1994-04",4,1994,4,3,0,0,1,"adjacent",1,0,-4
"B081","1994-05",5,1994,5,1,1,0,1,"adjacent",1,0,-3
"B081","1994-06",6,1994,6,1,3,0,1,"adjacent",1,0,-2
"B081","1994-07",7,1994,7,5,2,0,1,"adjacent",1,0,-1
"B081","1994-08",8,1994,8,1,0,0,1,"adjacent",1,1,0
"B081","1994-09",9,1994,9,2,1,0,1,"adjacent",1,1,1
"B081","1994-10",10,1994,10,1,2,0,1,"adjacent",1,1,2
"B081","1994-11",11,1994,11,3,4,0,1,"adjacent",1,1,3
"B081","1994-12",12,1994,12,2,3,0,1,"adjacent",1,1,4
"B081","1995-01",13,1995,1,3,1,0,1,"adjacent",1,1,5
"B081","1995-02",14,1995,2,5,3,0,1,"adjacent",1,1,6
"B081","1995-03",15,1995,3,1,0,0,1,"adjacent",1,1,7
"B081","1995-04",16,1995,4,0,3,0,1,"adjacent",1,1,8
"B081","1995-05",17,1995,5,4,2,0,1,"adjacent",1,1,9
"B081","1995-06",18,1995,6,2,3,0,1,"adjacent",1,1,10
"B082","1994-01",1,1994,1,5,2,0,1,"adjacent",0,0,-7
"B082","1994-02",2,1994,2,1,1,0,1,"adjacent",0,0,-6
"B082","1994-03",3,1994,3,4,0,0,1,"adjacent",0,0,-5
"B082","1994-04",4,1994,4,2,0,0,1,"adjacent",0,0,-4
"B082","1994-05",5,1994,5,3,1,0,1,"adjacent",0,0,-3
"B082","1994-06",6,1994,6,3,1,0,1,"adjacent",0,0,-2
"B082","1994-07",7,1994,7,4,1,0,1,"adjacent",0,0,-1
"B082","1994-08",8,1994,8,1,2,0,1,"adjacent",0,1,0
"B082","1994-09",9,1994,9,6,1,0,1,"adjacent",0,1,1
"B082","1994-10",10,1994,10,2,3,0,1,"adjacent",0,1,2
"B082","1994-11",11,1994,11,4,2,0,1,"adjacent",0,1,3
"B082","1994-12",12,1994,12,3,1,0,1,"adjacent",0,1,4
"B082","1995-01",13,1995,1,2,0,0,1,"adjacent",0,1,5
"B082","1995-02",14,1995,2,1,1,0,1,"adjacent",0,1,6
"B082","1995-03",15,1995,3,1,0,0,1,"adjacent",0,1,7
"B082","1995-04",16,1995,4,7,0,0,1,"adjacent",0,1,8
"B082","1995-05",17,1995,5,1,4,0,1,"adjacent",0,1,9
"B082","1995-06",18,1995,6,1,1,0,1,"adjacent",0,1,10
"B083","1994-01",1,1994,1,3,1,0,1,"adjacent",0,0,-7
"B083","1994-02",2,1994,2,3,2,0,1,"adjacent",0,0,-6
"B083","1994-03",3,1994,3,5,3,0,1,"adjacent",0,0,-5
"B083","1994-04",4,1994,4,4,2,0,1,"adjacent",0,0,-4
"B083","1994-05",5,1994,5,3,1,0,1,"adjacent",0,0,-3
"B083","1994-06",6,1994,6,5,0,0,1,"adjacent",0,0,-2
"B083","1994-07",7,1994,7,2,4,0,1,"adjacent",0,0,-1
"B083","1994-08",8,1994,8,1,2,0,1,"adjacent",0,1,0
"B083","1994-09",9,1994,9,3,3,0,1,"adjacent",0,1,1
"B083","1994-10",10,1994,10,2,0,0,1,"adjacent",0,1,2
"B083","1994-11",11,1994,11,2,1,0,1,"adjacent",0,1,3
"B083","1994-12",12,1994,12,2,1,0,1,"adjacent",0,1,4
"B083","1995-01",13,1995,1,7,0,0,1,"adjacent",0,1,5
"B083","1995-02",14,1995,2,1,0,0,1,"adjacent",0,1,6
"B083","1995-03",15,1995,3,2,5,0,1,"adjacent",0,1,7
"B083","1995-04",16,1995,4,5,1,0,1,"adjacent",0,1,8
"B083","1995-05",17,1995,5,1,2,0,1,"adjacent",0,1,9
"B083","1995-06",18,1995,6,4,0,0,1,"adjacent",0,1,10
"B084","1994-01",1,1994,1,3,1,0,1,"adjacent",0,0,-7
"B084","1994-02",2,1994,2,4,0,0,1,"adjacent",0,0,-6
"B084","1994-03",3,1994,3,5,0,0,1,"adjacent",0,0,-5
"B084","1994-04",4,1994,4,5,1,0,1,"adjacent",0,0,-4
"B084","1994-05",5,1994,5,3,2,0,1,"adjacent",0,0,-3
"B084","1994-06",6,1994,6,2,0,0,1,"adjacent",0,0,-2
"B084","1994-07",7,1994,7,2,1,0,1,"adjacent",0,0,-1
"B084","1994-08",8,1994,8,4,1,0,1,"adjacent",0,1,0
"B084","1994-09",9,1994,9,2,2,0,1,"adjacent",0,1,1
"B084","1994-10",10,1994,10,3,1,0,1,"adjacent",0,1,2
"B084","1994-11",11,1994,11,4,2,0,1,"adjacent",0,1,3
"B084","1994-12",12,1994,12,1,0,0,1,"adjacent",0,1,4
"B084","1995-01",13,1995,1,1,1,0,1,"adjacent",0,1,5
"B084","1995-02",14,1995,2,4,2,0,1,"adjacent",0,1,6
"B084","1995-03",15,1995,3,6,0,0,1,"adjacent",0,1,7
"B084","1995-04",16,1995,4,3,2,0,1,"adjacent",0,1,8
"B084","1995-05",17,1995,5,6,2,0,1,"adjacent",0,1,9
"B084","1995-06",18,1995,6,4,0,0,1,"adjacent",0,1,10
"B085","1994-01",1,1994,1,3,1,0,1,"adjacent",1,0,-7
"B085","1994-02",2,1994,2,4,2,0,1,"adjacent",1,0,-6
"B085","1994-03",3,1994,3,2,1,0,1,"adjacent",1,0,-5
"B085","1994-04",4,1994,4,5,2,0,1,"adjacent",1,0,-4
"B085","1994-05",5,1994,5,3,1,0,1,"adjacent",1,0,-3
"B085","1994-06",6,1994,6,2,2,0,1,"adjacent",1,0,-2
"B085","1994-07",7,1994,7,3,1,0,1,"adjacent",1,0,-1
"B085","1994-08",8,1994,8,1,1,0,1,"adjacent",1,1,0
"B085","1994-09",9,1994,9,3,1,0,1,"adjacent",1,1,1
"B085","1994-10",10,1994,10,1,0,0,1,"adjacent",1,1,2
"B085","1994-11",11,1994,11,1,1,0,1,"adjacent",1,1,3
"B085","1994-12",12,1994,12,8,0,0,1,"adjacent",1,1,4
"B085","1995-01",13,1995,1,2,2,0,1,"adjacent",1,1,5
"B085","1995-02",14,1995,2,2,0,0,1,"adjacent",1,1,6
"B085","1995-03",15,1995,3,0,1,0,1,"adjacent",1,1,7
"B085","1995-04",16,1995,4,5,0,0,1,"adjacent",1,1,8
"B085","1995-05",17,1995,5,3,0,0,1,"adjacent",1,1,9
"B085","1995-06",18,1995,6,0,0,0,1,"adjacent",1,1,10
"B086","1994-01",1,1994,1,2,3,0,1,"adjacent",0,0,-7
"B086","1994-02",2,1994,2,5,0,0,1,"adjacent",0,0,-6
"B086","1994-03",3,1994,3,5,1,0,1,"adjacent",0,0,-5
"B086","1994-04",4,1994,4,2,0,0,1,"adjacent",0,0,-4
"B086","1994-05",5,1994,5,2,2,0,1,"adjacent",0,0,-3
"B086","1994-06",6,1994,6,3,0,0,1,"adjacent",0,0,-2
"B086","1994-07",7,1994,7,4,1,0,1,"adjacent",0,0,-1
"B086","1994-08",8,1994,8,6,3,0,1,"adjacent",0,1,0
"B086","1994-09",9,1994,9,2,1,0,1,"adjacent",0,1,1
"B086","1994-10",10,1994,10,4,1,0,1,"adjacent",0,1,2
"B086","1994-11",11,1994,11,2,1,0,1,"adjacent",0,1,3
"B086","1994-12",12,1994,12,4,1,0,1,"adjacent",0,1,4
"B086","1995-01",13,1995,1,7,2,0,1,"adjacent",0,1,5
"B086","1995-02",14,1995,2,3,2,0,1,"adjacent",0,1,6
"B086","1995-03",15,1995,3,5,3,0,1,"adjacent",0,1,7
"B086","1995-04",16,1995,4,3,2,0,1,"adjacent",0,1,8
"B086","1995-05",17,1995,5,4,3,0,1,"adjacent",0,1,9
"B086","1995-06",18,1995,6,4,3,0,1,"adjacent",0,1,10
"B087","1994-01",1,1994,1,4,1,0,1,"adjacent",0,0,-7
"B087","1994-02",2,1994,2,2,2,0,1,"adjacent",0,0,-6
"B087","1994-03",3,1994,3,1,1,0,1,"adjacent",0,0,-5
"B087","1994-04",4,1994,4,1,3,0,1,"adjacent",0,0,-4
"B087","1994-05",5,1994,5,4,1,0,1,"adjacent",0,0,-3
"B087","1994-06",6,1994,6,4,1,0,1,"adjacent",0,0,-2
"B087","1994-07",7,1994,7,3,3,0,1,"adjacent",0,0,-1
"B087","1994-08",8,1994,8,4,1,0,1,"adjacent",0,1,0
"B087","1994-09",9,1994,9,1,1,0,1,"adjacent",0,1,1
"B087","1994-10",10,1994,10,5,2,0,1,"adjacent",0,1,2
"B087","1994-11",11,1994,11,2,1,0,1,"adjacent",0,1,3
"B087","1994-12",12,1994,12,3,2,0,1,"adjacent",0,1,4
"B087","1995-01",13,1995,1,2,1,0,1,"adjacent",0,1,5
"B087","1995-02",14,1995,2,6,0,0,1,"adjacent",0,1,6
"B087","1995-03",15,1995,3,2,2,0,1,"adjacent",0,1,7
"B087","1995-04",16,1995,4,4,4,0,1,"adjacent",0,1,8
"B087","1995-05",17,1995,5,1,2,0,1,"adjacent",0,1,9
"B087","1995-06",18,1995,6,6,0,0,1,"adjacent",0,1,10
"B088","1994-01",1,1994,1,3,1,0,1,"adjacent",0,0,-7
"B088","1994-02",2,1994,2,4,3,0,1,"adjacent",0,0,-6
"B088","1994-03",3,1994,3,7,3,0,1,"adjacent",0,0,-5
"B088","1994-04",4,1994,4,4,2,0,1,"adjacent",0,0,-4
"B088","1994-05",5,1994,5,3,1,0,1,"adjacent",0,0,-3
"B088","1994-06",6,1994,6,2,2,0,1,"adjacent",0,0,-2
"B088","1994-07",7,1994,7,3,4,0,1,"adjacent",0,0,-1
"B088","1994-08",8,1994,8,0,2,0,1,"adjacent",0,1,0
"B088","1994-09",9,1994,9,4,3,0,1,"adjacent",0,1,1
"B088","1994-10",10,1994,10,2,3,0,1,"adjacent",0,1,2
"B088","1994-11",11,1994,11,1,2,0,1,"adjacent",0,1,3
"B088","1994-12",12,1994,12,1,0,0,1,"adjacent",0,1,4
"B088","1995-01",13,1995,1,1,1,0,1,"adjacent",0,1,5
"B088","1995-02",14,1995,2,6,2,0,1,"adjacent",0,1,6
"B088","1995-03",15,1995,3,2,2,0,1,"adjacent",0,1,7
"B088","1995-04",16,1995,4,4,3,0,1,"adjacent",0,1,8
"B088","1995-05",17,1995,5,2,1,0,1,"adjacent",0,1,9
"B088","1995-06",18,1995,6,2,5,0,1,"adjacent",0,1,10
"B089","1994-01",1,1994,1,6,3,0,1,"adjacent",0,0,-7
"B089","1994-02",2,1994,2,2,2,0,1,"adjacent",0,0,-6
"B089","1994-03",3,1994,3,1,1,0,1,"adjacent",0,0,-5
"B089","1994-04",4,1994,4,4,3,0,1,"adjacent",0,0,-4
"B089","1994-05",5,1994,5,2,3,0,1,"adjacent",0,0,-3
"B089","1994-06",6,1994,6,4,2,0,1,"adjacent",0,0,-2
"B089","1994-07",7,1994,7,6,4,0,1,"adjacent",0,0,-1
"B089","1994-08",8,1994,8,3,1,0,1,"adjacent",0,1,0
"B089","1994-09",9,1994,9,2,0,0,1,"adjacent",0,1,1
"B089","1994-10",10,1994,10,4,0,0,1,"adjacent",0,1,2
"B089","1994-11",11,1994,11,7,2,0,1,"adjacent",0,1,3
"B089","1994-12",12,1994,12,6,1,0,1,"adjacent",0,1,4
"B089","1995-01",13,1995,1,1,1,0,1,"adjacent",0,1,5
"B089","1995-02",14,1995,2,2,4,0,1,"adjacent",0,1,6
"B089","1995-03",15,1995,3,1,0,0,1,"adjacent",0,1,7
"B089","1995-04",16,1995,4,6,3,0,1,"adjacent",0,1,8
"B089","1995-05",17,1995,5,4,0,0,1,"adjacent",0,1,9
"B089","1995-06",18,1995,6,2,0,0,1,"adjacent",0,1,10
"B090","1994-01",1,1994,1,2,0,0,1,"adjacent",0,0,-7
"B090","1994-02",2,1994,2,1,0,0,1,"adjacent",0,0,-6
"B090","1994-03",3,1994,3,2,0,0,1,"adjacent",0,0,-5
"B090","1994-04",4,1994,4,0,2,0,1,"adjacent",0,0,-4
"B090","1994-05",5,1994,5,1,0,0,1,"adjacent",0,0,-3
"B090","1994-06",6,1994,6,1,2,0,1,"adjacent",0,0,-2
"B090","1994-07",7,1994,7,0,1,0,1,"adjacent",0,0,-1
"B090","1994-08",8,1994,8,4,0,0,1,"adjacent",0,1,0
"B090","1994-09",9,1994,9,0,1,0,1,"adjacent",0,1,1
"B090","1994-10",10,1994,10,4,1,0,1,"adjacent",0,1,2
"B090","1994-11",11,1994,11,1,2,0,1,"adjacent",0,1,3
"B090","1994-12",12,1994,12,2,1,0,1,"adjacent",0,1,4
"B090","1995-01",13,1995,1,1,2,0,1,"adjacent",0,1,5
"B090","1995-02",14,1995,2,4,0,0,1,"adjacent",0,1,6
"B090","1995-03",15,1995,3,1,4,0,1,"adjacent",0,1,7
"B090","1995-04",16,1995,4,1,1,0,1,"adjacent",0,1,8
"B090","1995-05",17,1995,5,2,1,0,1,"adjacent",0,1,9
"B090","1995-06",18,1995,6,1,0,0,1,"adjacent",0,1,10
"B091","1994-01",1,1994,1,2,2,0,1,"adjacent",0,0,-7
"B091","1994-02",2,1994,2,6,1,0,1,"adjacent",0,0,-6
"B091","1994-03",3,1994,3,5,0,0,1,"adjacent",0,0,-5
"B091","1994-04",4,1994,4,4,1,0,1,"adjacent",0,0,-4
"B091","1994-05",5,1994,5,1,1,0,1,"adjacent",0,0,-3
"B091","1994-06",6,1994,6,1,0,0,1,"adjacent",0,0,-2
"B091","1994-07",7,1994,7,3,2,0,1,"adjacent",0,0,-1
"B091","1994-08",8,1994,8,5,3,0,1,"adjacent",0,1,0
"B091","1994-09",9,1994,9,1,1,0,1,"adjacent",0,1,1
"B091","1994-10",10,1994,10,5,1,0,1,"adjacent",0,1,2
"B091","1994-11",11,1994,11,3,2,0,1,"adjacent",0,1,3
"B091","1994-12",12,1994,12,3,2,0,1,"adjacent",0,1,4
"B091","1995-01",13,1995,1,2,0,0,1,"adjacent",0,1,5
"B091","1995-02",14,1995,2,6,4,0,1,"adjacent",0,1,6
"B091","1995-03",15,1995,3,1,4,0,1,"adjacent",0,1,7
"B091","1995-04",16,1995,4,2,1,0,1,"adjacent",0,1,8
"B091","1995-05",17,1995,5,4,1,0,1,"adjacent",0,1,9
"B091","1995-06",18,1995,6,2,1,0,1,"adjacent",0,1,10
"B092","1994-01",1,1994,1,2,4,0,1,"adjacent",1,0,-7
"B092","1994-02",2,1994,2,1,2,0,1,"adjacent",1,0,-6
"B092","1994-03",3,1994,3,6,1,0,1,"adjacent",1,0,-5
"B092","1994-04",4,1994,4,3,4,0,1,"adjacent",1,0,-4
"B092","1994-05",5,1994,5,3,0,0,1,"adjacent",1,0,-3
"B092","1994-06",6,1994,6,5,4,0,1,"adjacent",1,0,-2
"B092","1994-07",7,1994,7,4,0,0,1,"adjacent",1,0,-1
"B092","1994-08",8,1994,8,2,3,0,1,"adjacent",1,1,0
"B092","1994-09",9,1994,9,5,5,0,1,"adjacent",1,1,1
"B092","1994-10",10,1994,10,2,3,0,1,"adjacent",1,1,2
"B092","1994-11",11,1994,11,4,1,0,1,"adjacent",1,1,3
"B092","1994-12",12,1994,12,4,1,0,1,"adjacent",1,1,4
"B092","1995-01",13,1995,1,7,2,0,1,"adjacent",1,1,5
"B092","1995-02",14,1995,2,4,3,0,1,"adjacent",1,1,6
"B092","1995-03",15,1995,3,1,1,0,1,"adjacent",1,1,7
"B092","1995-04",16,1995,4,3,2,0,1,"adjacent",1,1,8
"B092","1995-05",17,1995,5,4,3,0,1,"adjacent",1,1,9
"B092","1995-06",18,1995,6,3,1,0,1,"adjacent",1,1,10
"B093","1994-01",1,1994,1,2,0,0,1,"adjacent",1,0,-7
"B093","1994-02",2,1994,2,7,2,0,1,"adjacent",1,0,-6
"B093","1994-03",3,1994,3,2,1,0,1,"adjacent",1,0,-5
"B093","1994-04",4,1994,4,3,3,0,1,"adjacent",1,0,-4
"B093","1994-05",5,1994,5,4,1,0,1,"adjacent",1,0,-3
"B093","1994-06",6,1994,6,2,1,0,1,"adjacent",1,0,-2
"B093","1994-07",7,1994,7,3,1,0,1,"adjacent",1,0,-1
"B093","1994-08",8,1994,8,1,3,0,1,"adjacent",1,1,0
"B093","1994-09",9,1994,9,1,1,0,1,"adjacent",1,1,1
"B093","1994-10",10,1994,10,4,1,0,1,"adjacent",1,1,2
"B093","1994-11",11,1994,11,3,1,0,1,"adjacent",1,1,3
"B093","1994-12",12,1994,12,3,1,0,1,"adjacent",1,1,4
"B093","1995-01",13,1995,1,1,0,0,1,"adjacent",1,1,5
"B093","1995-02",14,1995,2,3,0,0,1,"adjacent",1,1,6
"B093","1995-03",15,1995,3,2,3,0,1,"adjacent",1,1,7
"B093","1995-04",16,1995,4,3,4,0,1,"adjacent",1,1,8
"B093","1995-05",17,1995,5,2,2,0,1,"adjacent",1,1,9
"B093","1995-06",18,1995,6,4,3,0,1,"adjacent",1,1,10
"B094","1994-01",1,1994,1,2,2,0,1,"adjacent",0,0,-7
"B094","1994-02",2,1994,2,5,2,0,1,"adjacent",0,0,-6
"B094","1994-03",3,1994,3,3,3,0,1,"adjacent",0,0,-5
"B094","1994-04",4,1994,4,2,1,0,1,"adjacent",0,0,-4
"B094","1994-05",5,1994,5,4,1,0,1,"adjacent",0,0,-3
"B094","1994-06",6,1994,6,2,2,0,1,"adjacent",0,0,-2
"B094","1994-07",7,1994,7,4,0,0,1,"adjacent",0,0,-1
"B094","1994-08",8,1994,8,0,3,0,1,"adjacent",0,1,0
"B094","1994-09",9,1994,9,2,0,0,1,"adjacent",0,1,1
"B094","1994-10",10,1994,10,2,1,0,1,"adjacent",0,1,2
"B094","1994-11",11,1994,11,2,3,0,1,"adjacent",0,1,3
"B094","1994-12",12,1994,12,6,2,0,1,"adjacent",0,1,4
"B094","1995-01",13,1995,1,5,3,0,1,"adjacent",0,1,5
"B094","1995-02",14,1995,2,2,3,0,1,"adjacent",0,1,6
"B094","1995-03",15,1995,3,5,0,0,1,"adjacent",0,1,7
"B094","1995-04",16,1995,4,2,1,0,1,"adjacent",0,1,8
"B094","1995-05",17,1995,5,2,1,0,1,"adjacent",0,1,9
"B094","1995-06",18,1995,6,1,0,0,1,"adjacent",0,1,10
"B095","1994-01",1,1994,1,3,1,0,1,"adjacent",0,0,-7
"B095","1994-02",2,1994,2,1,0,0,1,"adjacent",0,0,-6
"B095","1994-03",3,1994,3,5,0,0,1,"adjacent",0,0,-5
"B095","1994-04",4,1994,4,2,1,0,1,"adjacent",0,0,-4
"B095","1994-05",5,1994,5,1,2,0,1,"adjacent",0,0,-3
"B095","1994-06",6,1994,6,4,0,0,1,"adjacent",0,0,-2
"B095","1994-07",7,1994,7,4,1,0,1,"adjacent",0,0,-1
"B095","1994-08",8,1994,8,1,1,0,1,"adjacent",0,1,0
"B095","1994-09",9,1994,9,1,1,0,1,"adjacent",0,1,1
"B095","1994-10",10,1994,10,1,3,0,1,"adjacent",0,1,2
"B095","1994-11",11,1994,11,0,2,0,1,"adjacent",0,1,3
"B095","1994-12",12,1994,12,5,1,0,1,"adjacent",0,1,4
"B095","1995-01",13,1995,1,2,2,0,1,"adjacent",0,1,5
"B095","1995-02",14,1995,2,2,0,0,1,"adjacent",0,1,6
"B095","1995-03",15,1995,3,5,2,0,1,"adjacent",0,1,7
"B095","1995-04",16,1995,4,3,2,0,1,"adjacent",0,1,8
"B095","1995-05",17,1995,5,4,0,0,1,"adjacent",0,1,9
"B095","1995-06",18,1995,6,1,1,0,1,"adjacent",0,1,10
"B096","1994-01",1,1994,1,0,1,0,1,"adjacent",0,0,-7
"B096","1994-02",2,1994,2,3,2,0,1,"adjacent",0,0,-6
"B096","1994-03",3,1994,3,2,2,0,1,"adjacent",0,0,-5
"B096","1994-04",4,1994,4,0,2,0,1,"adjacent",0,0,-4
"B096","1994-05",5,1994,5,1,2,0,1,"adjacent",0,0,-3
"B096","1994-06",6,1994,6,1,0,0,1,"adjacent",0,0,-2
"B096","1994-07",7,1994,7,1,1,0,1,"adjacent",0,0,-1
"B096","1994-08",8,1994,8,2,0,0,1,"adjacent",0,1,0
"B096","1994-09",9,1994,9,4,5,0,1,"adjacent",0,1,1
"B096","1994-10",10,1994,10,1,0,0,1,"adjacent",0,1,2
"B096","1994-11",11,1994,11,1,2,0,1,"adjacent",0,1,3
"B096","1994-12",12,1994,12,0,2,0,1,"adjacent",0,1,4
"B096","1995-01",13,1995,1,2,1,0,1,"adjacent",0,1,5
"B096","1995-02",14,1995,2,3,3,0,1,"adjacent",0,1,6
"B096","1995-03",15,1995,3,4,0,0,1,"adjacent",0,1,7
"B096","1995-04",16,1995,4,2,1,0,1,"adjacent",0,1,8
"B096","1995-05",17,1995,5,2,1,0,1,"adjacent",0,1,9
"B096","1995-06",18,1995,6,0,1,0,1,"adjacent",0,1,10
"B097","1994-01",1,1994,1,2,3,0,1,"adjacent",1,0,-7
"B097","1994-02",2,1994,2,3,2,0,1,"adjacent",1,0,-6
"B097","1994-03",3,1994,3,2,2,0,1,"adjacent",1,0,-5
"B097","1994-04",4,1994,4,6,1,0,1,"adjacent",1,0,-4
"B097","1994-05",5,1994,5,5,1,0,1,"adjacent",1,0,-3
"B097","1994-06",6,1994,6,2,2,0,1,"adjacent",1,0,-2
"B097","1994-07",7,1994,7,2,0,0,1,"adjacent",1,0,-1
"B097","1994-08",8,1994,8,4,1,0,1,"adjacent",1,1,0
"B097","1994-09",9,1994,9,3,1,0,1,"adjacent",1,1,1
"B097","1994-10",10,1994,10,4,3,0,1,"adjacent",1,1,2
"B097","1994-11",11,1994,11,2,2,0,1,"adjacent",1,1,3
"B097","1994-12",12,1994,12,4,0,0,1,"adjacent",1,1,4
"B097","1995-01",13,1995,1,4,5,0,1,"adjacent",1,1,5
"B097","1995-02",14,1995,2,0,1,0,1,"adjacent",1,1,6
"B097","1995-03",15,1995,3,0,4,0,1,"adjacent",1,1,7
"B097","1995-04",16,1995,4,2,1,0,1,"adjacent",1,1,8
"B097","1995-05",17,1995,5,5,3,0,1,"adjacent",1,1,9
"B097","1995-06",18,1995,6,3,2,0,1,"adjacent",1,1,10
"B098","1994-01",1,1994,1,3,0,0,1,"adjacent",0,0,-7
"B098","1994-02",2,1994,2,5,1,0,1,"adjacent",0,0,-6
"B098","1994-03",3,1994,3,3,2,0,1,"adjacent",0,0,-5
"B098","1994-04",4,1994,4,1,2,0,1,"adjacent",0,0,-4
"B098","1994-05",5,1994,5,1,1,0,1,"adjacent",0,0,-3
"B098","1994-06",6,1994,6,4,1,0,1,"adjacent",0,0,-2
"B098","1994-07",7,1994,7,3,3,0,1,"adjacent",0,0,-1
"B098","1994-08",8,1994,8,2,1,0,1,"adjacent",0,1,0
"B098","1994-09",9,1994,9,4,1,0,1,"adjacent",0,1,1
"B098","1994-10",10,1994,10,4,4,0,1,"adjacent",0,1,2
"B098","1994-11",11,1994,11,2,1,0,1,"adjacent",0,1,3
"B098","1994-12",12,1994,12,1,0,0,1,"adjacent",0,1,4
"B098","1995-01",13,1995,1,2,1,0,1,"adjacent",0,1,5
"B098","1995-02",14,1995,2,1,3,0,1,"adjacent",0,1,6
"B098","1995-03",15,1995,3,4,4,0,1,"adjacent",0,1,7
"B098","1995-04",16,1995,4,3,6,0,1,"adjacent",0,1,8
"B098","1995-05",17,1995,5,4,0,0,1,"adjacent",0,1,9
"B098","1995-06",18,1995,6,4,4,0,1,"adjacent",0,1,10
"B099","1994-01",1,1994,1,3,1,0,1,"adjacent",1,0,-7
"B099","1994-02",2,1994,2,3,3,0,1,"adjacent",1,0,-6
"B099","1994-03",3,1994,3,3,1,0,1,"adjacent",1,0,-5
"B099","1994-04",4,1994,4,2,0,0,1,"adjacent",1,0,-4
"B099","1994-05",5,1994,5,2,1,0,1,"adjacent",1,0,-3
"B099","1994-06",6,1994,6,4,0,0,1,"adjacent",1,0,-2
"B099","1994-07",7,1994,7,3,1,0,1,"adjacent",1,0,-1
"B099","1994-08",8,1994,8,4,1,0,1,"adjacent",1,1,0
"B099","1994-09",9,1994,9,1,0,0,1,"adjacent",1,1,1
"B099","1994-10",10,1994,10,1,4,0,1,"adjacent",1,1,2
"B099","1994-11",11,1994,11,1,3,0,1,"adjacent",1,1,3
"B099","1994-12",12,1994,12,4,2,0,1,"adjacent",1,1,4
"B099","1995-01",13,1995,1,1,0,0,1,"adjacent",1,1,5
"B099","1995-02",14,1995,2,2,1,0,1,"adjacent",1,1,6
"B099","1995-03",15,1995,3,6,2,0,1,"adjacent",1,1,7
"B099","1995-04",16,1995,4,1,0,0,1,"adjacent",1,1,8
"B099","1995-05",17,1995,5,4,4,0,1,"adjacent",1,1,9
"B099","1995-06",18,1995,6,6,1,0,1,"adjacent",1,1,10
"B100","1994-01",1,1994,1,0,2,0,1,"adjacent",1,0,-7
"B100","1994-02",2,1994,2,3,1,0,1,"adjacent",1,0,-6
"B100","1994-03",3,1994,3,5,1,0,1,"adjacent",1,0,-5
"B100","1994-04",4,1994,4,2,1,0,1,"adjacent",1,0,-4
"B100","1994-05",5,1994,5,2,2,0,1,"adjacent",1,0,-3
"B100","1994-06",6,1994,6,5,0,0,1,"adjacent",1,0,-2
"B100","1994-07",7,1994,7,3,1,0,1,"adjacent",1,0,-1
"B100","1994-08",8,1994,8,1,0,0,1,"adjacent",1,1,0
"B100","1994-09",9,1994,9,6,0,0,1,"adjacent",1,1,1
"B100","1994-10",10,1994,10,5,0,0,1,"adjacent",1,1,2
"B100","1994-11",11,1994,11,2,0,0,1,"adjacent",1,1,3
"B100","1994-12",12,1994,12,1,1,0,1,"adjacent",1,1,4
"B100","1995-01",13,1995,1,1,2,0,1,"adjacent",1,1,5
"B100","1995-02",14,1995,2,0,0,0,1,"adjacent",1,1,6
"B100","1995-03",15,1995,3,2,1,0,1,"adjacent",1,1,7
"B100","1995-04",16,1995,4,3,1,0,1,"adjacent",1,1,8
"B100","1995-05",17,1995,5,1,0,0,1,"adjacent",1,1,9
"B100","1995-06",18,1995,6,3,2,0,1,"adjacent",1,1,10
"B101","1994-01",1,1994,1,4,1,0,1,"adjacent",1,0,-7
"B101","1994-02",2,1994,2,0,3,0,1,"adjacent",1,0,-6
"B101","1994-03",3,1994,3,1,3,0,1,"adjacent",1,0,-5
"B101","1994-04",4,1994,4,4,4,0,1,"adjacent",1,0,-4
"B101","1994-05",5,1994,5,5,0,0,1,"adjacent",1,0,-3
"B101","1994-06",6,1994,6,3,4,0,1,"adjacent",1,0,-2
"B101","1994-07",7,1994,7,6,2,0,1,"adjacent",1,0,-1
"B101","1994-08",8,1994,8,4,2,0,1,"adjacent",1,1,0
"B101","1994-09",9,1994,9,1,1,0,1,"adjacent",1,1,1
"B101","1994-10",10,1994,10,4,4,0,1,"adjacent",1,1,2
"B101","1994-11",11,1994,11,4,0,0,1,"adjacent",1,1,3
"B101","1994-12",12,1994,12,0,0,0,1,"adjacent",1,1,4
"B101","1995-01",13,1995,1,4,0,0,1,"adjacent",1,1,5
"B101","1995-02",14,1995,2,2,2,0,1,"adjacent",1,1,6
"B101","1995-03",15,1995,3,3,3,0,1,"adjacent",1,1,7
"B101","1995-04",16,1995,4,2,1,0,1,"adjacent",1,1,8
"B101","1995-05",17,1995,5,5,2,0,1,"adjacent",1,1,9
"B101","1995-06",18,1995,6,2,2,0,1,"adjacent",1,1,10
"B102","1994-01",1,1994,1,3,2,0,1,"adjacent",1,0,-7
"B102","1994-02",2,1994,2,7,0,0,1,"adjacent",1,0,-6
"B102","1994-03",3,1994,3,2,0,0,1,"adjacent",1,0,-5
"B102","1994-04",4,1994,4,4,1,0,1,"adjacent",1,0,-4
"B102","1994-05",5,1994,5,4,3,0,1,"adjacent",1,0,-3
"B102","1994-06",6,1994,6,4,4,0,1,"adjacent",1,0,-2
"B102","1994-07",7,1994,7,0,2,0,1,"adjacent",1,0,-1
"B102","1994-08",8,1994,8,3,1,0,1,"adjacent",1,1,0
"B102","1994-09",9,1994,9,2,3,0,1,"adjacent",1,1,1
"B102","1994-10",10,1994,10,1,4,0,1,"adjacent",1,1,2
"B102","1994-11",11,1994,11,1,0,0,1,"adjacent",1,1,3
"B102","1994-12",12,1994,12,5,1,0,1,"adjacent",1,1,4
"B102","1995-01",13,1995,1,4,3,0,1,"adjacent",1,1,5
"B102","1995-02",14,1995,2,2,2,0,1,"adjacent",1,1,6
"B102","1995-03",15,1995,3,4,3,0,1,"adjacent",1,1,7
"B102","1995-04",16,1995,4,1,1,0,1,"adjacent",1,1,8
"B102","1995-05",17,1995,5,2,5,0,1,"adjacent",1,1,9
"B102","1995-06",18,1995,6,7,2,0,1,"adjacent",1,1,10
"B103","1994-01",1,1994,1,5,2,0,1,"adjacent",1,0,-7
"B103","1994-02",2,1994,2,4,5,0,1,"adjacent",1,0,-6
"B103","1994-03",3,1994,3,4,5,0,1,"adjacent",1,0,-5
"B103","1994-04",4,1994,4,7,2,0,1,"adjacent",1,0,-4
"B103","1994-05",5,1994,5,3,0,0,1,"adjacent",1,0,-3
"B103","1994-06",6,1994,6,1,1,0,1,"adjacent",1,0,-2
"B103","1994-07",7,1994,7,1,0,0,1,"adjacent",1,0,-1
"B103","1994-08",8,1994,8,1,2,0,1,"adjacent",1,1,0
"B103","1994-09",9,1994,9,3,4,0,1,"adjacent",1,1,1
"B103","1994-10",10,1994,10,4,4,0,1,"adjacent",1,1,2
"B103","1994-11",11,1994,11,7,1,0,1,"adjacent",1,1,3
"B103","1994-12",12,1994,12,3,3,0,1,"adjacent",1,1,4
"B103","1995-01",13,1995,1,8,2,0,1,"adjacent",1,1,5
"B103","1995-02",14,1995,2,2,3,0,1,"adjacent",1,1,6
"B103","1995-03",15,1995,3,3,1,0,1,"adjacent",1,1,7
"B103","1995-04",16,1995,4,0,2,0,1,"adjacent",1,1,8
"B103","1995-05",17,1995,5,6,1,0,1,"adjacent",1,1,9
"B103","1995-06",18,1995,6,5,1,0,1,"adjacent",1,1,10
"B104","1994-01",1,1994,1,2,2,0,1,"adjacent",0,0,-7
"B104","1994-02",2,1994,2,7,2,0,1,"adjacent",0,0,-6
"B104","1994-03",3,1994,3,3,0,0,1,"adjacent",0,0,-5
"B104","1994-04",4,1994,4,3,3,0,1,"adjacent",0,0,-4
"B104","1994-05",5,1994,5,2,1,0,1,"adjacent",0,0,-3
"B104","1994-06",6,1994,6,4,1,0,1,"adjacent",0,0,-2
"B104","1994-07",7,1994,7,5,2,0,1,"adjacent",0,0,-1
"B104","1994-08",8,1994,8,2,1,0,1,"adjacent",0,1,0
"B104","1994-09",9,1994,9,2,1,0,1,"adjacent",0,1,1
"B104","1994-10",10,1994,10,2,0,0,1,"adjacent",0,1,2
"B104","1994-11",11,1994,11,1,2,0,1,"adjacent",0,1,3
"B104","1994-12",12,1994,12,5,0,0,1,"adjacent",0,1,4
"B104","1995-01",13,1995,1,1,1,0,1,"adjacent",0,1,5
"B104","1995-02",14,1995,2,4,3,0,1,"adjacent",0,1,6
"B104","1995-03",15,1995,3,3,2,0,1,"adjacent",0,1,7
"B104","1995-04",16,1995,4,3,1,0,1,"adjacent",0,1,8
"B104","1995-05",17,1995,5,1,0,0,1,"adjacent",0,1,9
"B104","1995-06",18,1995,6,2,0,0,1,"adjacent",0,1,10
"B105","1994-01",1,1994,1,1,2,0,1,"adjacent",1,0,-7
"B105","1994-02",2,1994,2,4,2,0,1,"adjacent",1,0,-6
"B105","1994-03",3,1994,3,4,2,0,1,"adjacent",1,0,-5
"B105","1994-04",4,1994,4,5,2,0,1,"adjacent",1,0,-4
"B105","1994-05",5,1994,5,4,0,0,1,"adjacent",1,0,-3
"B105","1994-06",6,1994,6,5,2,0,1,"adjacent",1,0,-2
"B105","1994-07",7,1994,7,2,0,0,1,"adjacent",1,0,-1
"B105","1994-08",8,1994,8,1,1,0,1,"adjacent",1,1,0
"B105","1994-09",9,1994,9,5,2,0,1,"adjacent",1,1,1
"B105","1994-10",10,1994,10,0,0,0,1,"adjacent",1,1,2
"B105","1994-11",11,1994,11,6,1,0,1,"adjacent",1,1,3
"B105","1994-12",12,1994,12,5,1,0,1,"adjacent",1,1,4
"B105","1995-01",13,1995,1,5,1,0,1,"adjacent",1,1,5
"B105","1995-02",14,1995,2,3,0,0,1,"adjacent",1,1,6
"B105","1995-03",15,1995,3,1,3,0,1,"adjacent",1,1,7
"B105","1995-04",16,1995,4,3,2,0,1,"adjacent",1,1,8
"B105","1995-05",17,1995,5,1,1,0,1,"adjacent",1,1,9
"B105","1995-06",18,1995,6,4,1,0,1,"adjacent",1,1,10
"B106","1994-01",1,1994,1,3,1,0,1,"adjacent",0,0,-7
"B106","1994-02",2,1994,2,3,3,0,1,"adjacent",0,0,-6
"B106","1994-03",3,1994,3,5,2,0,1,"adjacent",0,0,-5
"B106","1994-04",4,1994,4,0,0,0,1,"adjacent",0,0,-4
"B106","1994-05",5,1994,5,1,0,0,1,"adjacent",0,0,-3
"B106","1994-06",6,1994,6,2,1,0,1,"adjacent",0,0,-2
"B106","1994-07",7,1994,7,2,2,0,1,"adjacent",0,0,-1
"B106","1994-08",8,1994,8,2,2,0,1,"adjacent",0,1,0
"B106","1994-09",9,1994,9,6,0,0,1,"adjacent",0,1,1
"B106","1994-10",10,1994,10,1,2,0,1,"adjacent",0,1,2
"B106","1994-11",11,1994,11,4,1,0,1,"adjacent",0,1,3
"B106","1994-12",12,1994,12,3,0,0,1,"adjacent",0,1,4
"B106","1995-01",13,1995,1,4,2,0,1,"adjacent",0,1,5
"B106","1995-02",14,1995,2,1,3,0,1,"adjacent",0,1,6
"B106","1995-03",15,1995,3,3,2,0,1,"adjacent",0,1,7
"B106","1995-04",16,1995,4,2,3,0,1,"adjacent",0,1,8
"B106","1995-05",17,1995,5,4,0,0,1,"adjacent",0,1,9
"B106","1995-06",18,1995,6,3,1,0,1,"adjacent",0,1,10
"B107","1994-01",1,1994,1,3,2,0,1,"adjacent",1,0,-7
"B107","1994-02",2,1994,2,3,1,0,1,"adjacent",1,0,-6
"B107","1994-03",3,1994,3,0,1,0,1,"adjacent",1,0,-5
"B107","1994-04",4,1994,4,1,0,0,1,"adjacent",1,0,-4
"B107","1994-05",5,1994,5,2,0,0,1,"adjacent",1,0,-3
"B107","1994-06",6,1994,6,4,3,0,1,"adjacent",1,0,-2
"B107","1994-07",7,1994,7,1,0,0,1,"adjacent",1,0,-1
"B107","1994-08",8,1994,8,0,4,0,1,"adjacent",1,1,0
"B107","1994-09",9,1994,9,2,1,0,1,"adjacent",1,1,1
"B107","1994-10",10,1994,10,3,0,0,1,"adjacent",1,1,2
"B107","1994-11",11,1994,11,3,3,0,1,"adjacent",1,1,3
"B107","1994-12",12,1994,12,3,2,0,1,"adjacent",1,1,4
"B107","1995-01",13,1995,1,3,0,0,1,"adjacent",1,1,5
"B107","1995-02",14,1995,2,0,2,0,1,"adjacent",1,1,6
"B107","1995-03",15,1995,3,1,2,0,1,"adjacent",1,1,7
"B107","1995-04",16,1995,4,2,2,0,1,"adjacent",1,1,8
"B107","1995-05",17,1995,5,3,4,0,1,"adjacent",1,1,9
"B107","1995-06",18,1995,6,1,1,0,1,"adjacent",1,1,10
"B108","1994-01",1,1994,1,1,4,0,1,"adjacent",1,0,-7
"B108","1994-02",2,1994,2,2,1,0,1,"adjacent",1,0,-6
"B108","1994-03",3,1994,3,1,6,0,1,"adjacent",1,0,-5
"B108","1994-04",4,1994,4,1,3,0,1,"adjacent",1,0,-4
"B108","1994-05",5,1994,5,1,1,0,1,"adjacent",1,0,-3
"B108","1994-06",6,1994,6,5,2,0,1,"adjacent",1,0,-2
"B108","1994-07",7,1994,7,3,2,0,1,"adjacent",1,0,-1
"B108","1994-08",8,1994,8,6,0,0,1,"adjacent",1,1,0
"B108","1994-09",9,1994,9,4,1,0,1,"adjacent",1,1,1
"B108","1994-10",10,1994,10,1,0,0,1,"adjacent",1,1,2
"B108","1994-11",11,1994,11,2,3,0,1,"adjacent",1,1,3
"B108","1994-12",12,1994,12,2,4,0,1,"adjacent",1,1,4
"B108","1995-01",13,1995,1,3,1,0,1,"adjacent",1,1,5
"B108","1995-02",14,1995,2,2,1,0,1,"adjacent",1,1,6
"B108","1995-03",15,1995,3,6,3,0,1,"adjacent",1,1,7
"B108","1995-04",16,1995,4,2,0,0,1,"adjacent",1,1,8
"B108","1995-05",17,1995,5,2,2,0,1,"adjacent",1,1,9
"B108","1995-06",18,1995,6,0,2,0,1,"adjacent",1,1,10
"B109","1994-01",1,1994,1,5,0,0,1,"adjacent",0,0,-7
"B109","1994-02",2,1994,2,4,1,0,1,"adjacent",0,0,-6
"B109","1994-03",3,1994,3,2,1,0,1,"adjacent",0,0,-5
"B109","1994-04",4,1994,4,0,1,0,1,"adjacent",0,0,-4
"B109","1994-05",5,1994,5,3,0,0,1,"adjacent",0,0,-3
"B109","1994-06",6,1994,6,0,1,0,1,"adjacent",0,0,-2
"B109","1994-07",7,1994,7,1,2,0,1,"adjacent",0,0,-1
"B109","1994-08",8,1994,8,1,1,0,1,"adjacent",0,1,0
"B109","1994-09",9,1994,9,0,1,0,1,"adjacent",0,1,1
"B109","1994-10",10,1994,10,4,3,0,1,"adjacent",0,1,2
"B109","1994-11",11,1994,11,6,2,0,1,"adjacent",0,1,3
"B109","1994-12",12,1994,12,4,1,0,1,"adjacent",0,1,4
"B109","1995-01",13,1995,1,3,0,0,1,"adjacent",0,1,5
"B109","1995-02",14,1995,2,0,0,0,1,"adjacent",0,1,6
"B109","1995-03",15,1995,3,5,2,0,1,"adjacent",0,1,7
"B109","1995-04",16,1995,4,1,1,0,1,"adjacent",0,1,8
"B109","1995-05",17,1995,5,1,1,0,1,"adjacent",0,1,9
"B109","1995-06",18,1995,6,0,1,0,1,"adjacent",0,1,10
"B110","1994-01",1,1994,1,3,1,0,1,"adjacent",0,0,-7
"B110","1994-02",2,1994,2,3,1,0,1,"adjacent",0,0,-6
"B110","1994-03",3,1994,3,2,3,0,1,"adjacent",0,0,-5
"B110","1994-04",4,1994,4,5,3,0,1,"adjacent",0,0,-4
"B110","1994-05",5,1994,5,3,3,0,1,"adjacent",0,0,-3
"B110","1994-06",6,1994,6,2,3,0,1,"adjacent",0,0,-2
"B110","1994-07",7,1994,7,0,1,0,1,"adjacent",0,0,-1
"B110","1994-08",8,1994,8,2,1,0,1,"adjacent",0,1,0
"B110","1994-09",9,1994,9,3,0,0,1,"adjacent",0,1,1
"B110","1994-10",10,1994,10,2,1,0,1,"adjacent",0,1,2
"B110","1994-11",11,1994,11,2,1,0,1,"adjacent",0,1,3
"B110","1994-12",12,1994,12,3,1,0,1,"adjacent",0,1,4
"B110","1995-01",13,1995,1,2,1,0,1,"adjacent",0,1,5
"B110","1995-02",14,1995,2,2,1,0,1,"adjacent",0,1,6
"B110","1995-03",15,1995,3,3,3,0,1,"adjacent",0,1,7
"B110","1995-04",16,1995,4,3,3,0,1,"adjacent",0,1,8
"B110","1995-05",17,1995,5,4,1,0,1,"adjacent",0,1,9
"B110","1995-06",18,1995,6,5,0,0,1,"adjacent",0,1,10
"B111","1994-01",1,1994,1,3,0,0,1,"adjacent",0,0,-7
"B111","1994-02",2,1994,2,2,3,0,1,"adjacent",0,0,-6
"B111","1994-03",3,1994,3,4,2,0,1,"adjacent",0,0,-5
"B111","1994-04",4,1994,4,6,2,0,1,"adjacent",0,0,-4
"B111","1994-05",5,1994,5,1,0,0,1,"adjacent",0,0,-3
"B111","1994-06",6,1994,6,1,1,0,1,"adjacent",0,0,-2
"B111","1994-07",7,1994,7,1,1,0,1,"adjacent",0,0,-1
"B111","1994-08",8,1994,8,0,0,0,1,"adjacent",0,1,0
"B111","1994-09",9,1994,9,2,0,0,1,"adjacent",0,1,1
"B111","1994-10",10,1994,10,5,1,0,1,"adjacent",0,1,2
"B111","1994-11",11,1994,11,2,0,0,1,"adjacent",0,1,3
"B111","1994-12",12,1994,12,1,3,0,1,"adjacent",0,1,4
"B111","1995-01",13,1995,1,4,1,0,1,"adjacent",0,1,5
"B111","1995-02",14,1995,2,2,1,0,1,"adjacent",0,1,6
"B111","1995-03",15,1995,3,3,1,0,1,"adjacent",0,1,7
"B111","1995-04",16,1995,4,1,3,0,1,"adjacent",0,1,8
"B111","1995-05",17,1995,5,4,1,0,1,"adjacent",0,1,9
"B111","1995-06",18,1995,6,1,0,0,1,"adjacent",0,1,10
"B112","1994-01",1,1994,1,1,3,0,1,"adjacent",0,0,-7
"B112","1994-02",2,1994,2,1,0,0,1,"adjacent",0,0,-6
"B112","1994-03",3,1994,3,1,4,0,1,"adjacent",0,0,-5
"B112","1994-04",4,1994,4,2,0,0,1,"adjacent",0,0,-4
"B112","1994-05",5,1994,5,4,2,0,1,"adjacent",0,0,-3
"B112","1994-06",6,1994,6,4,1,0,1,"adjacent",0,0,-2
"B112","1994-07",7,1994,7,1,1,0,1,"adjacent",0,0,-1
"B112","1994-08",8,1994,8,2,4,0,1,"adjacent",0,1,0
"B112","1994-09",9,1994,9,2,3,0,1,"adjacent",0,1,1
"B112","1994-10",10,1994,10,3,0,0,1,"adjacent",0,1,2
"B112","1994-11",11,1994,11,4,2,0,1,"adjacent",0,1,3
"B112","1994-12",12,1994,12,2,2,0,1,"adjacent",0,1,4
"B112","1995-01",13,1995,1,4,0,0,1,"adjacent",0,1,5
"B112","1995-02",14,1995,2,3,3,0,1,"adjacent",0,1,6
"B112","1995-03",15,1995,3,1,1,0,1,"adjacent",0,1,7
"B112","1995-04",16,1995,4,4,0,0,1,"adjacent",0,1,8
"B112","1995-05",17,1995,5,6,4,0,1,"adjacent",0,1,9
"B112","1995-06",18,1995,6,6,0,0,1,"adjacent",0,1,10
"B113","1994-01",1,1994,1,1,0,0,1,"adjacent",1,0,-7
"B113","1994-02",2,1994,2,5,1,0,1,"adjacent",1,0,-6
"B113","1994-03",3,1994,3,2,1,0,1,"adjacent",1,0,-5
"B113","1994-04",4,1994,4,0,6,0,1,"adjacent",1,0,-4
"B113","1994-05",5,1994,5,2,2,0,1,"adjacent",1,0,-3
"B113","1994-06",6,1994,6,2,2,0,1,"adjacent",1,0,-2
"B113","1994-07",7,1994,7,3,0,0,1,"adjacent",1,0,-1
"B113","1994-08",8,1994,8,2,4,0,1,"adjacent",1,1,0
"B113","1994-09",9,1994,9,2,2,0,1,"adjacent",1,1,1
"B113","1994-10",10,1994,10,3,1,0,1,"adjacent",1,1,2
"B113","1994-11",11,1994,11,2,5,0,1,"adjacent",1,1,3
"B113","1994-12",12,1994,12,3,0,0,1,"adjacent",1,1,4
"B113","1995-01",13,1995,1,4,3,0,1,"adjacent",1,1,5
"B113","1995-02",14,1995,2,3,1,0,1,"adjacent",1,1,6
"B113","1995-03",15,1995,3,1,3,0,1,"adjacent",1,1,7
"B113","1995-04",16,1995,4,2,0,0,1,"adjacent",1,1,8
"B113","1995-05",17,1995,5,3,1,0,1,"adjacent",1,1,9
"B113","1995-06",18,1995,6,5,0,0,1,"adjacent",1,1,10
"B114","1994-01",1,1994,1,4,1,0,1,"adjacent",1,0,-7
"B114","1994-02",2,1994,2,0,1,0,1,"adjacent",1,0,-6
"B114","1994-03",3,1994,3,1,1,0,1,"adjacent",1,0,-5
"B114","1994-04",4,1994,4,3,0,0,1,"adjacent",1,0,-4
"B114","1994-05",5,1994,5,1,1,0,1,"adjacent",1,0,-3
"B114","1994-06",6,1994,6,1,1,0,1,"adjacent",1,0,-2
"B114","1994-07",7,1994,7,0,0,0,1,"adjacent",1,0,-1
"B114","1994-08",8,1994,8,1,0,0,1,"adjacent",1,1,0
"B114","1994-09",9,1994,9,3,1,0,1,"adjacent",1,1,1
"B114","1994-10",10,1994,10,0,2,0,1,"adjacent",1,1,2
"B114","1994-11",11,1994,11,2,2,0,1,"adjacent",1,1,3
"B114","1994-12",12,1994,12,0,2,0,1,"adjacent",1,1,4
"B114","1995-01",13,1995,1,2,3,0,1,"adjacent",1,1,5
"B114","1995-02",14,1995,2,3,1,0,1,"adjacent",1,1,6
"B114","1995-03",15,1995,3,4,4,0,1,"adjacent",1,1,7
"B114","1995-04",16,1995,4,1,3,0,1,"adjacent",1,1,8
"B114","1995-05",17,1995,5,2,1,0,1,"adjacent",1,1,9
"B114","1995-06",18,1995,6,2,3,0,1,"adjacent",1,1,10
"B115","1994-01",1,1994,1,3,1,0,1,"adjacent",0,0,-7
"B115","1994-02",2,1994,2,4,1,0,1,"adjacent",0,0,-6
"B115","1994-03",3,1994,3,0,1,0,1,"adjacent",0,0,-5
"B115","1994-04",4,1994,4,3,0,0,1,"adjacent",0,0,-4
"B115","1994-05",5,1994,5,1,0,0,1,"adjacent",0,0,-3
"B115","1994-06",6,1994,6,1,0,0,1,"adjacent",0,0,-2
"B115","1994-07",7,1994,7,1,2,0,1,"adjacent",0,0,-1
"B115","1994-08",8,1994,8,3,1,0,1,"adjacent",0,1,0
"B115","1994-09",9,1994,9,1,2,0,1,"adjacent",0,1,1
"B115","1994-10",10,1994,10,0,1,0,1,"adjacent",0,1,2
"B115","1994-11",11,1994,11,0,0,0,1,"adjacent",0,1,3
"B115","1994-12",12,1994,12,0,2,0,1,"adjacent",0,1,4
"B115","1995-01",13,1995,1,0,1,0,1,"adjacent",0,1,5
"B115","1995-02",14,1995,2,3,0,0,1,"adjacent",0,1,6
"B115","1995-03",15,1995,3,5,0,0,1,"adjacent",0,1,7
"B115","1995-04",16,1995,4,1,2,0,1,"adjacent",0,1,8
"B115","1995-05",17,1995,5,3,1,0,1,"adjacent",0,1,9
"B115","1995-06",18,1995,6,2,0,0,1,"adjacent",0,1,10
"B116","1994-01",1,1994,1,4,0,0,1,"adjacent",0,0,-7
"B116","1994-02",2,1994,2,2,1,0,1,"adjacent",0,0,-6
"B116","1994-03",3,1994,3,3,1,0,1,"adjacent",0,0,-5
"B116","1994-04",4,1994,4,2,1,0,1,"adjacent",0,0,-4
"B116","1994-05",5,1994,5,4,1,0,1,"adjacent",0,0,-3
"B116","1994-06",6,1994,6,0,3,0,1,"adjacent",0,0,-2
"B116","1994-07",7,1994,7,0,0,0,1,"adjacent",0,0,-1
"B116","1994-08",8,1994,8,1,1,0,1,"adjacent",0,1,0
"B116","1994-09",9,1994,9,0,0,0,1,"adjacent",0,1,1
"B116","1994-10",10,1994,10,1,2,0,1,"adjacent",0,1,2
"B116","1994-11",11,1994,11,3,2,0,1,"adjacent",0,1,3
"B116","1994-12",12,1994,12,4,0,0,1,"adjacent",0,1,4
"B116","1995-01",13,1995,1,1,3,0,1,"adjacent",0,1,5
"B116","1995-02",14,1995,2,3,0,0,1,"adjacent",0,1,6
"B116","1995-03",15,1995,3,3,0,0,1,"adjacent",0,1,7
"B116","1995-04",16,1995,4,0,1,0,1,"adjacent",0,1,8
"B116","1995-05",17,1995,5,0,1,0,1,"adjacent",0,1,9
"B116","1995-06",18,1995,6,5,1,0,1,"adjacent",0,1,10
"B117","1994-01",1,1994,1,6,3,0,1,"adjacent",1,0,-7
"B117","1994-02",2,1994,2,3,2,0,1,"adjacent",1,0,-6
"B117","1994-03",3,1994,3,2,0,0,1,"adjacent",1,0,-5
"B117","1994-04",4,1994,4,2,3,0,1,"adjacent",1,0,-4
"B117","1994-05",5,1994,5,3,1,0,1,"adjacent",1,0,-3
"B117","1994-06",6,1994,6,2,0,0,1,"adjacent",1,0,-2
"B117","1994-07",7,1994,7,7,1,0,1,"adjacent",1,0,-1
"B117","1994-08",8,1994,8,3,1,0,1,"adjacent",1,1,0
"B117","1994-09",9,1994,9,3,4,0,1,"adjacent",1,1,1
"B117","1994-10",10,1994,10,1,1,0,1,"adjacent",1,1,2
"B117","1994-11",11,1994,11,1,1,0,1,"adjacent",1,1,3
"B117","1994-12",12,1994,12,2,5,0,1,"adjacent",1,1,4
"B117","1995-01",13,1995,1,6,5,0,1,"adjacent",1,1,5
"B117","1995-02",14,1995,2,6,0,0,1,"adjacent",1,1,6
"B117","1995-03",15,1995,3,3,2,0,1,"adjacent",1,1,7
"B117","1995-04",16,1995,4,3,2,0,1,"adjacent",1,1,8
"B117","1995-05",17,1995,5,2,3,0,1,"adjacent",1,1,9
"B117","1995-06",18,1995,6,1,2,0,1,"adjacent",1,1,10
"B118","1994-01",1,1994,1,6,3,0,1,"adjacent",0,0,-7
"B118","1994-02",2,1994,2,3,2,0,1,"adjacent",0,0,-6
"B118","1994-03",3,1994,3,6,0,0,1,"adjacent",0,0,-5
"B118","1994-04",4,1994,4,0,3,0,1,"adjacent",0,0,-4
"B118","1994-05",5,1994,5,2,0,0,1,"adjacent",0,0,-3
"B118","1994-06",6,1994,6,4,1,0,1,"adjacent",0,0,-2
"B118","1994-07",7,1994,7,3,0,0,1,"adjacent",0,0,-1
"B118","1994-08",8,1994,8,3,0,0,1,"adjacent",0,1,0
"B118","1994-09",9,1994,9,5,1,0,1,"adjacent",0,1,1
"B118","1994-10",10,1994,10,1,0,0,1,"adjacent",0,1,2
"B118","1994-11",11,1994,11,3,1,0,1,"adjacent",0,1,3
"B118","1994-12",12,1994,12,3,1,0,1,"adjacent",0,1,4
"B118","1995-01",13,1995,1,3,3,0,1,"adjacent",0,1,5
"B118","1995-02",14,1995,2,2,2,0,1,"adjacent",0,1,6
"B118","1995-03",15,1995,3,5,1,0,1,"adjacent",0,1,7
"B118","1995-04",16,1995,4,1,2,0,1,"adjacent",0,1,8
"B118","1995-05",17,1995,5,2,2,0,1,"adjacent",0,1,9
"B118","1995-06",18,1995,6,4,1,0,1,"adjacent",0,1,10
"B119","1994-01",1,1994,1,0,1,0,1,"adjacent",1,0,-7
"B119","1994-02",2,1994,2,2,5,0,1,"adjacent",1,0,-6
"B119","1994-03",3,1994,3,6,2,0,1,"adjacent",1,0,-5
"B119","1994-04",4,1994,4,1,1,0,1,"adjacent",1,0,-4
"B119","1994-05",5,1994,5,4,2,0,1,"adjacent",1,0,-3
"B119","1994-06",6,1994,6,5,1,0,1,"adjacent",1,0,-2
"B119","1994-07",7,1994,7,3,1,0,1,"adjacent",1,0,-1
"B119","1994-08",8,1994,8,3,3,0,1,"adjacent",1,1,0
"B119","1994-09",9,1994,9,3,0,0,1,"adjacent",1,1,1
"B119","1994-10",10,1994,10,2,2,0,1,"adjacent",1,1,2
"B119","1994-11",11,1994,11,3,2,0,1,"adjacent",1,1,3
"B119","1994-12",12,1994,12,2,1,0,1,"adjacent",1,1,4
"B119","1995-01",13,1995,1,4,1,0,1,"adjacent",1,1,5
"B119","1995-02",14,1995,2,6,1,0,1,"adjacent",1,1,6
"B119","1995-03",15,1995,3,7,1,0,1,"adjacent",1,1,7
"B119","1995-04",16,1995,4,3,1,0,1,"adjacent",1,1,8
"B119","1995-05",17,1995,5,6,2,0,1,"adjacent",1,1,9
"B119","1995-06",18,1995,6,1,2,0,1,"adjacent",1,1,10
"B120","1994-01",1,1994,1,4,2,0,1,"adjacent",0,0,-7
"B120","1994-02",2,1994,2,3,1,0,1,"adjacent",0,0,-6
"B120","1994-03",3,1994,3,5,0,0,1,"adjacent",0,0,-5
"B120","1994-04",4,1994,4,2,4,0,1,"adjacent",0,0,-4
"B120","1994-05",5,1994,5,3,0,0,1,"adjacent",0,0,-3
"B120","1994-06",6,1994,6,2,0,0,1,"adjacent",0,0,-2
"B120","1994-07",7,1994,7,3,1,0,1,"adjacent",0,0,-1
"B120","1994-08",8,1994,8,3,2,0,1,"adjacent",0,1,0
"B120","1994-09",9,1994,9,2,1,0,1,"adjacent",0,1,1
"B120","1994-10",10,1994,10,3,1,0,1,"adjacent",0,1,2
"B120","1994-11",11,1994,11,2,0,0,1,"adjacent",0,1,3
"B120","1994-12",12,1994,12,3,2,0,1,"adjacent",0,1,4
"B120","1995-01",13,1995,1,2,2,0,1,"adjacent",0,1,5
"B120","1995-02",14,1995,2,4,3,0,1,"adjacent",0,1,6
"B120","1995-03",15,1995,3,1,1,0,1,"adjacent",0,1,7
"B120","1995-04",16,1995,4,1,2,0,1,"adjacent",0,1,8
"B120","1995-05",17,1995,5,3,1,0,1,"adjacent",0,1,9
"B120","1995-06",18,1995,6,1,1,0,1,"adjacent",0,1,10
"B121","1994-01",1,1994,1,2,3,0,0,"other",1,0,-7
"B121","1994-02",2,1994,2,3,2,0,0,"other",1,0,-6
"B121","1994-03",3,1994,3,3,0,0,0,"other",1,0,-5
"B121","1994-04",4,1994,4,3,3,0,0,"other",1,0,-4
"B121","1994-05",5,1994,5,3,2,0,0,"other",1,0,-3
"B121","1994-06",6,1994,6,5,0,0,0,"other",1,0,-2
"B121","1994-07",7,1994,7,2,1,0,0,"other",1,0,-1
"B121","1994-08",8,1994,8,3,2,0,0,"other",1,1,0
"B121","1994-09",9,1994,9,2,1,0,0,"other",1,1,1
"B121","1994-10",10,1994,10,2,1,0,0,"other",1,1,2
"B121","1994-11",11,1994,11,2,3,0,0,"other",1,1,3
"B121","1994-12",12,1994,12,3,1,0,0,"other",1,1,4
"B121","1995-01",13,1995,1,8,2,0,0,"other",1,1,5
"B121","1995-02",14,1995,2,3,1,0,0,"other",1,1,6
"B121","1995-03",15,1995,3,1,3,0,0,"other",1,1,7
"B121","1995-04",16,1995,4,4,2,0,0,"other",1,1,8
"B121","1995-05",17,1995,5,3,4,0,0,"other",1,1,9
"B121","1995-06",18,1995,6,2,0,0,0,"other",1,1,10
"B122","1994-01",1,1994,1,2,4,0,0,"other",1,0,-7
"B122","1994-02",2,1994,2,3,5,0,0,"other",1,0,-6
"B122","1994-03",3,1994,3,3,3,0,0,"other",1,0,-5
"B122","1994-04",4,1994,4,3,1,0,0,"other",1,0,-4
"B122","1994-05",5,1994,5,5,2,0,0,"other",1,0,-3
"B122","1994-06",6,1994,6,5,2,0,0,"other",1,0,-2
"B122","1994-07",7,1994,7,2,2,0,0,"other",1,0,-1
"B122","1994-08",8,1994,8,3,2,0,0,"other",1,1,0
"B122","1994-09",9,1994,9,4,1,0,0,"other",1,1,1
"B122","1994-10",10,1994,10,2,1,0,0,"other",1,1,2
"B122","1994-11",11,1994,11,5,1,0,0,"other",1,1,3
"B122","1994-12",12,1994,12,3,1,0,0,"other",1,1,4
"B122","1995-01",13,1995,1,6,3,0,0,"other",1,1,5
"B122","1995-02",14,1995,2,4,2,0,0,"other",1,1,6
"B122","1995-03",15,1995,3,5,4,0,0,"other",1,1,7
"B122","1995-04",16,1995,4,7,1,0,0,"other",1,1,8
"B122","1995-05",17,1995,5,3,2,0,0,"other",1,1,9
"B122","1995-06",18,1995,6,4,1,0,0,"other",1,1,10
"B123","1994-01",1,1994,1,5,1,0,0,"other",1,0,-7
"B123","1994-02",2,1994,2,5,2,0,0,"other",1,0,-6
"B123","1994-03",3,1994,3,5,3,0,0,"other",1,0,-5
"B123","1994-04",4,1994,4,2,2,0,0,"other",1,0,-4
"B123","1994-05",5,1994,5,1,2,0,0,"other",1,0,-3
"B123","1994-06",6,1994,6,3,0,0,0,"other",1,0,-2
"B123","1994-07",7,1994,7,5,1,0,0,"other",1,0,-1
"B123","1994-08",8,1994,8,4,1,0,0,"other",1,1,0
"B123","1994-09",9,1994,9,2,1,0,0,"other",1,1,1
"B123","1994-10",10,1994,10,4,1,0,0,"other",1,1,2
"B123","1994-11",11,1994,11,5,2,0,0,"other",1,1,3
"B123","1994-12",12,1994,12,3,2,0,0,"other",1,1,4
"B123","1995-01",13,1995,1,1,7,0,0,"other",1,1,5
"B123","1995-02",14,1995,2,3,0,0,0,"other",1,1,6
"B123","1995-03",15,1995,3,7,0,0,0,"other",1,1,7
"B123","1995-04",16,1995,4,2,5,0,0,"other",1,1,8
"B123","1995-05",17,1995,5,4,2,0,0,"other",1,1,9
"B123","1995-06",18,1995,6,3,0,0,0,"other",1,1,10
"B124","1994-01",1,1994,1,1,3,0,0,"other",0,0,-7
"B124","1994-02",2,1994,2,2,2,0,0,"other",0,0,-6
"B124","1994-03",3,1994,3,2,1,0,0,"other",0,0,-5
"B124","1994-04",4,1994,4,2,2,0,0,"other",0,0,-4
"B124","1994-05",5,1994,5,0,0,0,0,"other",0,0,-3
"B124","1994-06",6,1994,6,2,0,0,0,"other",0,0,-2
"B124","1994-07",7,1994,7,2,0,0,0,"other",0,0,-1
"B124","1994-08",8,1994,8,1,0,0,0,"other",0,1,0
"B124","1994-09",9,1994,9,0,1,0,0,"other",0,1,1
"B124","1994-10",10,1994,10,1,1,0,0,"other",0,1,2
"B124","1994-11",11,1994,11,1,2,0,0,"other",0,1,3
"B124","1994-12",12,1994,12,4,4,0,0,"other",0,1,4
"B124","1995-01",13,1995,1,0,1,0,0,"other",0,1,5
"B124","1995-02",14,1995,2,3,2,0,0,"other",0,1,6
"B124","1995-03",15,1995,3,2,0,0,0,"other",0,1,7
"B124","1995-04",16,1995,4,2,1,0,0,"other",0,1,8
"B124","1995-05",17,1995,5,1,2,0,0,"other",0,1,9
"B124","1995-06",18,1995,6,2,0,0,0,"other",0,1,10
"B125","1994-01",1,1994,1,5,0,0,0,"other",1,0,-7
"B125","1994-02",2,1994,2,3,1,0,0,"other",1,0,-6
"B125","1994-03",3,1994,3,2,2,0,0,"other",1,0,-5
"B125","1994-04",4,1994,4,4,1,0,0,"other",1,0,-4
"B125","1994-05",5,1994,5,2,0,0,0,"other",1,0,-3
"B125","1994-06",6,1994,6,0,4,0,0,"other",1,0,-2
"B125","1994-07",7,1994,7,3,1,0,0,"other",1,0,-1
"B125","1994-08",8,1994,8,0,0,0,0,"other",1,1,0
"B125","1994-09",9,1994,9,1,1,0,0,"other",1,1,1
"B125","1994-10",10,1994,10,1,2,0,0,"other",1,1,2
"B125","1994-11",11,1994,11,0,1,0,0,"other",1,1,3
"B125","1994-12",12,1994,12,2,2,0,0,"other",1,1,4
"B125","1995-01",13,1995,1,1,4,0,0,"other",1,1,5
"B125","1995-02",14,1995,2,2,0,0,0,"other",1,1,6
"B125","1995-03",15,1995,3,4,0,0,0,"other",1,1,7
"B125","1995-04",16,1995,4,1,1,0,0,"other",1,1,8
"B125","1995-05",17,1995,5,4,3,0,0,"other",1,1,9
"B125","1995-06",18,1995,6,3,1,0,0,"other",1,1,10
"B126","1994-01",1,1994,1,3,1,0,0,"other",0,0,-7
"B126","1994-02",2,1994,2,1,0,0,0,"other",0,0,-6
"B126","1994-03",3,1994,3,1,0,0,0,"other",0,0,-5
"B126","1994-04",4,1994,4,1,0,0,0,"other",0,0,-4
"B126","1994-05",5,1994,5,1,3,0,0,"other",0,0,-3
"B126","1994-06",6,1994,6,2,0,0,0,"other",0,0,-2
"B126","1994-07",7,1994,7,1,1,0,0,"other",0,0,-1
"B126","1994-08",8,1994,8,1,2,0,0,"other",0,1,0
"B126","1994-09",9,1994,9,1,0,0,0,"other",0,1,1
"B126","1994-10",10,1994,10,1,4,0,0,"other",0,1,2
"B126","1994-11",11,1994,11,0,0,0,0,"other",0,1,3
"B126","1994-12",12,1994,12,0,0,0,0,"other",0,1,4
"B126","1995-01",13,1995,1,0,3,0,0,"other",0,1,5
"B126","1995-02",14,1995,2,0,0,0,0,"other",0,1,6
"B126","1995-03",15,1995,3,2,1,0,0,"other",0,1,7
"B126","1995-04",16,1995,4,2,1,0,0,"other",0,1,8
"B126","1995-05",17,1995,5,1,1,0,0,"other",0,1,9
"B126","1995-06",18,1995,6,2,1,0,0,"other",0,1,10
"B127","1994-01",1,1994,1,2,1,0,0,"other",1,0,-7
"B127","1994-02",2,1994,2,7,3,0,0,"other",1,0,-6
"B127","1994-03",3,1994,3,4,2,0,0,"other",1,0,-5
"B127","1994-04",4,1994,4,1,0,0,0,"other",1,0,-4
"B127","1994-05",5,1994,5,5,2,0,0,"other",1,0,-3
"B127","1994-06",6,1994,6,3,3,0,0,"other",1,0,-2
"B127","1994-07",7,1994,7,7,1,0,0,"other",1,0,-1
"B127","1994-08",8,1994,8,1,3,0,0,"other",1,1,0
"B127","1994-09",9,1994,9,1,2,0,0,"other",1,1,1
"B127","1994-10",10,1994,10,0,1,0,0,"other",1,1,2
"B127","1994-11",11,1994,11,2,3,0,0,"other",1,1,3
"B127","1994-12",12,1994,12,0,4,0,0,"other",1,1,4
"B127","1995-01",13,1995,1,2,0,0,0,"other",1,1,5
"B127","1995-02",14,1995,2,3,1,0,0,"other",1,1,6
"B127","1995-03",15,1995,3,3,0,0,0,"other",1,1,7
"B127","1995-04",16,1995,4,3,0,0,0,"other",1,1,8
"B127","1995-05",17,1995,5,1,1,0,0,"other",1,1,9
"B127","1995-06",18,1995,6,2,2,0,0,"other",1,1,10
"B128","1994-01",1,1994,1,1,0,0,0,"other",0,0,-7
"B128","1994-02",2,1994,2,1,1,0,0,"other",0,0,-6
"B128","1994-03",3,1994,3,0,1,0,0,"other",0,0,-5
"B128","1994-04",4,1994,4,2,1,0,0,"other",0,0,-4
"B128","1994-05",5,1994,5,4,2,0,0,"other",0,0,-3
"B128","1994-06",6,1994,6,1,0,0,0,"other",0,0,-2
"B128","1994-07",7,1994,7,2,2,0,0,"other",0,0,-1
"B128","1994-08",8,1994,8,1,2,0,0,"other",0,1,0
"B128","1994-09",9,1994,9,4,1,0,0,"other",0,1,1
"B128","1994-10",10,1994,10,2,1,0,0,"other",0,1,2
"B128","1994-11",11,1994,11,2,5,0,0,"other",0,1,3
"B128","1994-12",12,1994,12,2,1,0,0,"other",0,1,4
"B128","1995-01",13,1995,1,4,0,0,0,"other",0,1,5
"B128","1995-02",14,1995,2,1,2,0,0,"other",0,1,6
"B128","1995-03",15,1995,3,4,1,0,0,"other",0,1,7
"B128","1995-04",16,1995,4,2,2,0,0,"other",0,1,8
"B128","1995-05",17,1995,5,3,1,0,0,"other",0,1,9
"B128","1995-06",18,1995,6,3,3,0,0,"other",0,1,10
"B129","1994-01",1,1994,1,2,6,0,0,"other",0,0,-7
"B129","1994-02",2,1994,2,3,1,0,0,"other",0,0,-6
"B129","1994-03",3,1994,3,3,0,0,0,"other",0,0,-5
"B129","1994-04",4,1994,4,8,0,0,0,"other",0,0,-4
"B129","1994-05",5,1994,5,1,3,0,0,"other",0,0,-3
"B129","1994-06",6,1994,6,2,0,0,0,"other",0,0,-2
"B129","1994-07",7,1994,7,7,1,0,0,"other",0,0,-1
"B129","1994-08",8,1994,8,3,2,0,0,"other",0,1,0
"B129","1994-09",9,1994,9,3,2,0,0,"other",0,1,1
"B129","1994-10",10,1994,10,1,1,0,0,"other",0,1,2
"B129","1994-11",11,1994,11,3,1,0,0,"other",0,1,3
"B129","1994-12",12,1994,12,3,2,0,0,"other",0,1,4
"B129","1995-01",13,1995,1,4,0,0,0,"other",0,1,5
"B129","1995-02",14,1995,2,1,2,0,0,"other",0,1,6
"B129","1995-03",15,1995,3,4,1,0,0,"other",0,1,7
"B129","1995-04",16,1995,4,2,3,0,0,"other",0,1,8
"B129","1995-05",17,1995,5,4,5,0,0,"other",0,1,9
"B129","1995-06",18,1995,6,3,2,0,0,"other",0,1,10
"B130","1994-01",1,1994,1,4,2,0,0,"other",0,0,-7
"B130","1994-02",2,1994,2,3,1,0,0,"other",0,0,-6
"B130","1994-03",3,1994,3,2,1,0,0,"other",0,0,-5
"B130","1994-04",4,1994,4,0,2,0,0,"other",0,0,-4
"B130","1994-05",5,1994,5,3,1,0,0,"other",0,0,-3
"B130","1994-06",6,1994,6,2,2,0,0,"other",0,0,-2
"B130","1994-07",7,1994,7,2,2,0,0,"other",0,0,-1
"B130","1994-08",8,1994,8,2,2,0,0,"other",0,1,0
"B130","1994-09",9,1994,9,1,4,0,0,"other",0,1,1
"B130","1994-10",10,1994,10,3,2,0,0,"other",0,1,2
"B130","1994-11",11,1994,11,0,2,0,0,"other",0,1,3
"B130","1994-12",12,1994,12,2,1,0,0,"other",0,1,4
"B130","1995-01",13,1995,1,2,4,0,0,"other",0,1,5
"B130","1995-02",14,1995,2,2,3,0,0,"other",0,1,6
"B130","1995-03",15,1995,3,4,0,0,0,"other",0,1,7
"B130","1995-04",16,1995,4,2,0,0,0,"other",0,1,8
"B130","1995-05",17,1995,5,3,2,0,0,"other",0,1,9
"B130","1995-06",18,1995,6,3,3,0,0,"other",0,1,10
"B131","1994-01",1,1994,1,2,3,0,0,"other",1,0,-7
"B131","1994-02",2,1994,2,1,0,0,0,"other",1,0,-6
"B131","1994-03",3,1994,3,2,2,0,0,"other",1,0,-5
"B131","1994-04",4,1994,4,3,3,0,0,"other",1,0,-4
"B131","1994-05",5,1994,5,3,1,0,0,"other",1,0,-3
"B131","1994-06",6,1994,6,4,1,0,0,"other",1,0,-2
"B131","1994-07",7,1994,7,5,2,0,0,"other",1,0,-1
"B131","1994-08",8,1994,8,1,1,0,0,"other",1,1,0
"B131","1994-09",9,1994,9,1,3,0,0,"other",1,1,1
"B131","1994-10",10,1994,10,7,1,0,0,"other",1,1,2
"B131","1994-11",11,1994,11,4,0,0,0,"other",1,1,3
"B131","1994-12",12,1994,12,2,0,0,0,"other",1,1,4
"B131","1995-01",13,1995,1,7,4,0,0,"other",1,1,5
"B131","1995-02",14,1995,2,4,2,0,0,"other",1,1,6
"B131","1995-03",15,1995,3,2,2,0,0,"other",1,1,7
"B131","1995-04",16,1995,4,0,5,0,0,"other",1,1,8
"B131","1995-05",17,1995,5,0,0,0,0,"other",1,1,9
"B131","1995-06",18,1995,6,1,1,0,0,"other",1,1,10
"B132","1994-01",1,1994,1,1,1,0,0,"other",0,0,-7
"B132","1994-02",2,1994,2,0,0,0,0,"other",0,0,-6
"B132","1994-03",3,1994,3,2,2,0,0,"other",0,0,-5
"B132","1994-04",4,1994,4,2,0,0,0,"other",0,0,-4
"B132","1994-05",5,1994,5,3,0,0,0,"other",0,0,-3
"B132","1994-06",6,1994,6,2,1,0,0,"other",0,0,-2
"B132","1994-07",7,1994,7,1,1,0,0,"other",0,0,-1
"B132","1994-08",8,1994,8,2,0,0,0,"other",0,1,0
"B132","1994-09",9,1994,9,4,1,0,0,"other",0,1,1
"B132","1994-10",10,1994,10,1,2,0,0,"other",0,1,2
"B132","1994-11",11,1994,11,0,1,0,0,"other",0,1,3
"B132","1994-12",12,1994,12,0,1,0,0,"other",0,1,4
"B132","1995-01",13,1995,1,4,0,0,0,"other",0,1,5
"B132","1995-02",14,1995,2,5,0,0,0,"other",0,1,6
"B132","1995-03",15,1995,3,1,1,0,0,"other",0,1,7
"B132","1995-04",16,1995,4,2,2,0,0,"other",0,1,8
"B132","1995-05",17,1995,5,2,2,0,0,"other",0,1,9
"B132","1995-06",18,1995,6,1,4,0,0,"other",0,1,10
"B133","1994-01",1,1994,1,2,1,0,0,"other",0,0,-7
"B133","1994-02",2,1994,2,3,1,0,0,"other",0,0,-6
"B133","1994-03",3,1994,3,3,0,0,0,"other",0,0,-5
"B133","1994-04",4,1994,4,1,0,0,0,"other",0,0,-4
"B133","1994-05",5,1994,5,2,1,0,0,"other",0,0,-3
"B133","1994-06",6,1994,6,1,3,0,0,"other",0,0,-2
"B133","1994-07",7,1994,7,2,1,0,0,"other",0,0,-1
"B133","1994-08",8,1994,8,2,1,0,0,"other",0,1,0
"B133","1994-09",9,1994,9,2,1,0,0,"other",0,1,1
"B133","1994-10",10,1994,10,3,3,0,0,"other",0,1,2
"B133","1994-11",11,1994,11,3,1,0,0,"other",0,1,3
"B133","1994-12",12,1994,12,4,1,0,0,"other",0,1,4
"B133","1995-01",13,1995,1,2,0,0,0,"other",0,1,5
"B133","1995-02",14,1995,2,1,0,0,0,"other",0,1,6
"B133","1995-03",15,1995,3,1,1,0,0,"other",0,1,7
"B133","1995-04",16,1995,4,2,0,0,0,"other",0,1,8
"B133","1995-05",17,1995,5,1,5,0,0,"other",0,1,9
"B133","1995-06",18,1995,6,1,1,0,0,"other",0,1,10
"B134","1994-01",1,1994,1,3,1,0,0,"other",0,0,-7
"B134","1994-02",2,1994,2,4,2,0,0,"other",0,0,-6
"B134","1994-03",3,1994,3,1,4,0,0,"other",0,0,-5
"B134","1994-04",4,1994,4,2,1,0,0,"other",0,0,-4
"B134","1994-05",5,1994,5,3,3,0,0,"other",0,0,-3
"B134","1994-06",6,1994,6,5,1,0,0,"other",0,0,-2
"B134","1994-07",7,1994,7,0,4,0,0,"other",0,0,-1
"B134","1994-08",8,1994,8,0,2,0,0,"other",0,1,0
"B134","1994-09",9,1994,9,1,0,0,0,"other",0,1,1
"B134","1994-10",10,1994,10,2,1,0,0,"other",0,1,2
"B134","1994-11",11,1994,11,4,1,0,0,"other",0,1,3
"B134","1994-12",12,1994,12,2,1,0,0,"other",0,1,4
"B134","1995-01",13,1995,1,1,3,0,0,"other",0,1,5
"B134","1995-02",14,1995,2,3,1,0,0,"other",0,1,6
"B134","1995-03",15,1995,3,0,0,0,0,"other",0,1,7
"B134","1995-04",16,1995,4,0,0,0,0,"other",0,1,8
"B134","1995-05",17,1995,5,3,1,0,0,"other",0,1,9
"B134","1995-06",18,1995,6,5,0,0,0,"other",0,1,10
"B135","1994-01",1,1994,1,2,2,0,0,"other",1,0,-7
"B135","1994-02",2,1994,2,1,3,0,0,"other",1,0,-6
"B135","1994-03",3,1994,3,3,2,0,0,"other",1,0,-5
"B135","1994-04",4,1994,4,3,1,0,0,"other",1,0,-4
"B135","1994-05",5,1994,5,3,2,0,0,"other",1,0,-3
"B135","1994-06",6,1994,6,4,3,0,0,"other",1,0,-2
"B135","1994-07",7,1994,7,3,2,0,0,"other",1,0,-1
"B135","1994-08",8,1994,8,1,0,0,0,"other",1,1,0
"B135","1994-09",9,1994,9,0,2,0,0,"other",1,1,1
"B135","1994-10",10,1994,10,1,2,0,0,"other",1,1,2
"B135","1994-11",11,1994,11,3,1,0,0,"other",1,1,3
"B135","1994-12",12,1994,12,3,0,0,0,"other",1,1,4
"B135","1995-01",13,1995,1,6,2,0,0,"other",1,1,5
"B135","1995-02",14,1995,2,2,4,0,0,"other",1,1,6
"B135","1995-03",15,1995,3,5,1,0,0,"other",1,1,7
"B135","1995-04",16,1995,4,3,1,0,0,"other",1,1,8
"B135","1995-05",17,1995,5,3,1,0,0,"other",1,1,9
"B135","1995-06",18,1995,6,4,0,0,0,"other",1,1,10
"B136","1994-01",1,1994,1,0,4,0,0,"other",0,0,-7
"B136","1994-02",2,1994,2,3,0,0,0,"other",0,0,-6
"B136","1994-03",3,1994,3,3,1,0,0,"other",0,0,-5
"B136","1994-04",4,1994,4,4,1,0,0,"other",0,0,-4
"B136","1994-05",5,1994,5,1,0,0,0,"other",0,0,-3
"B136","1994-06",6,1994,6,1,1,0,0,"other",0,0,-2
"B136","1994-07",7,1994,7,3,1,0,0,"other",0,0,-1
"B136","1994-08",8,1994,8,2,1,0,0,"other",0,1,0
"B136","1994-09",9,1994,9,3,1,0,0,"other",0,1,1
"B136","1994-10",10,1994,10,1,0,0,0,"other",0,1,2
"B136","1994-11",11,1994,11,1,2,0,0,"other",0,1,3
"B136","1994-12",12,1994,12,2,1,0,0,"other",0,1,4
"B136","1995-01",13,1995,1,1,0,0,0,"other",0,1,5
"B136","1995-02",14,1995,2,0,1,0,0,"other",0,1,6
"B136","1995-03",15,1995,3,5,5,0,0,"other",0,1,7
"B136","1995-04",16,1995,4,2,2,0,0,"other",0,1,8
"B136","1995-05",17,1995,5,2,2,0,0,"other",0,1,9
"B136","1995-06",18,1995,6,4,2,0,0,"other",0,1,10
"B137","1994-01",1,1994,1,2,1,0,0,"other",0,0,-7
"B137","1994-02",2,1994,2,3,1,0,0,"other",0,0,-6
"B137","1994-03",3,1994,3,0,0,0,0,"other",0,0,-5
"B137","1994-04",4,1994,4,1,2,0,0,"other",0,0,-4
"B137","1994-05",5,1994,5,3,1,0,0,"other",0,0,-3
"B137","1994-06",6,1994,6,3,1,0,0,"other",0,0,-2
"B137","1994-07",7,1994,7,0,1,0,0,"other",0,0,-1
"B137","1994-08",8,1994,8,2,1,0,0,"other",0,1,0
"B137","1994-09",9,1994,9,3,1,0,0,"other",0,1,1
"B137","1994-10",10,1994,10,1,0,0,0,"other",0,1,2
"B137","1994-11",11,1994,11,1,1,0,0,"other",0,1,3
"B137","1994-12",12,1994,12,3,1,0,0,"other",0,1,4
"B137","1995-01",13,1995,1,3,0,0,0,"other",0,1,5
"B137","1995-02",14,1995,2,5,2,0,0,"other",0,1,6
"B137","1995-03",15,1995,3,0,3,0,0,"other",0,1,7
"B137","1995-04",16,1995,4,3,1,0,0,"other",0,1,8
"B137","1995-05",17,1995,5,3,2,0,0,"other",0,1,9
"B137","1995-06",18,1995,6,4,0,0,0,"other",0,1,10
"B138","1994-01",1,1994,1,3,0,0,0,"other",1,0,-7
"B138","1994-02",2,1994,2,5,0,0,0,"other",1,0,-6
"B138","1994-03",3,1994,3,4,0,0,0,"other",1,0,-5
"B138","1994-04",4,1994,4,3,1,0,0,"other",1,0,-4
"B138","1994-05",5,1994,5,5,1,0,0,"other",1,0,-3
"B138","1994-06",6,1994,6,6,3,0,0,"other",1,0,-2
"B138","1994-07",7,1994,7,5,2,0,0,"other",1,0,-1
"B138","1994-08",8,1994,8,5,2,0,0,"other",1,1,0
"B138","1994-09",9,1994,9,1,1,0,0,"other",1,1,1
"B138","1994-10",10,1994,10,1,2,0,0,"other",1,1,2
"B138","1994-11",11,1994,11,5,4,0,0,"other",1,1,3
"B138","1994-12",12,1994,12,2,2,0,0,"other",1,1,4
"B138","1995-01",13,1995,1,1,1,0,0,"other",1,1,5
"B138","1995-02",14,1995,2,2,3,0,0,"other",1,1,6
"B138","1995-03",15,1995,3,4,3,0,0,"other",1,1,7
"B138","1995-04",16,1995,4,2,3,0,0,"other",1,1,8
"B138","1995-05",17,1995,5,1,2,0,0,"other",1,1,9
"B138","1995-06",18,1995,6,2,0,0,0,"other",1,1,10
"B139","1994-01",1,1994,1,2,0,0,0,"other",0,0,-7
"B139","1994-02",2,1994,2,1,1,0,0,"other",0,0,-6
"B139","1994-03",3,1994,3,1,2,0,0,"other",0,0,-5
"B139","1994-04",4,1994,4,7,0,0,0,"other",0,0,-4
"B139","1994-05",5,1994,5,1,0,0,0,"other",0,0,-3
"B139","1994-06",6,1994,6,3,0,0,0,"other",0,0,-2
"B139","1994-07",7,1994,7,2,2,0,0,"other",0,0,-1
"B139","1994-08",8,1994,8,3,1,0,0,"other",0,1,0
"B139","1994-09",9,1994,9,2,0,0,0,"other",0,1,1
"B139","1994-10",10,1994,10,5,5,0,0,"other",0,1,2
"B139","1994-11",11,1994,11,4,0,0,0,"other",0,1,3
"B139","1994-12",12,1994,12,2,2,0,0,"other",0,1,4
"B139","1995-01",13,1995,1,1,1,0,0,"other",0,1,5
"B139","1995-02",14,1995,2,2,1,0,0,"other",0,1,6
"B139","1995-03",15,1995,3,4,4,0,0,"other",0,1,7
"B139","1995-04",16,1995,4,2,1,0,0,"other",0,1,8
"B139","1995-05",17,1995,5,3,0,0,0,"other",0,1,9
"B139","1995-06",18,1995,6,1,0,0,0,"other",0,1,10
"B140","1994-01",1,1994,1,2,2,0,0,"other",0,0,-7
"B140","1994-02",2,1994,2,1,0,0,0,"other",0,0,-6
"B140","1994-03",3,1994,3,0,2,0,0,"other",0,0,-5
"B140","1994-04",4,1994,4,1,1,0,0,"other",0,0,-4
"B140","1994-05",5,1994,5,0,3,0,0,"other",0,0,-3
"B140","1994-06",6,1994,6,1,3,0,0,"other",0,0,-2
"B140","1994-07",7,1994,7,1,3,0,0,"other",0,0,-1
"B140","1994-08",8,1994,8,2,0,0,0,"other",0,1,0
"B140","1994-09",9,1994,9,1,2,0,0,"other",0,1,1
"B140","1994-10",10,1994,10,0,0,0,0,"other",0,1,2
"B140","1994-11",11,1994,11,3,0,0,0,"other",0,1,3
"B140","1994-12",12,1994,12,2,3,0,0,"other",0,1,4
"B140","1995-01",13,1995,1,0,1,0,0,"other",0,1,5
"B140","1995-02",14,1995,2,1,1,0,0,"other",0,1,6
"B140","1995-03",15,1995,3,2,1,0,0,"other",0,1,7
"B140","1995-04",16,1995,4,3,0,0,0,"other",0,1,8
"B140","1995-05",17,1995,5,1,0,0,0,"other",0,1,9
"B140","1995-06",18,1995,6,2,0,0,0,"other",0,1,10
"B141","1994-01",1,1994,1,3,0,0,0,"other",0,0,-7
"B141","1994-02",2,1994,2,2,1,0,0,"other",0,0,-6
"B141","1994-03",3,1994,3,4,2,0,0,"other",0,0,-5
"B141","1994-04",4,1994,4,1,0,0,0,"other",0,0,-4
"B141","1994-05",5,1994,5,4,0,0,0,"other",0,0,-3
"B141","1994-06",6,1994,6,4,0,0,0,"other",0,0,-2
"B141","1994-07",7,1994,7,2,1,0,0,"other",0,0,-1
"B141","1994-08",8,1994,8,1,0,0,0,"other",0,1,0
"B141","1994-09",9,1994,9,1,0,0,0,"other",0,1,1
"B141","1994-10",10,1994,10,2,0,0,0,"other",0,1,2
"B141","1994-11",11,1994,11,5,1,0,0,"other",0,1,3
"B141","1994-12",12,1994,12,0,2,0,0,"other",0,1,4
"B141","1995-01",13,1995,1,4,1,0,0,"other",0,1,5
"B141","1995-02",14,1995,2,1,1,0,0,"other",0,1,6
"B141","1995-03",15,1995,3,3,2,0,0,"other",0,1,7
"B141","1995-04",16,1995,4,2,3,0,0,"other",0,1,8
"B141","1995-05",17,1995,5,0,1,0,0,"other",0,1,9
"B141","1995-06",18,1995,6,6,3,0,0,"other",0,1,10
"B142","1994-01",1,1994,1,5,1,0,0,"other",0,0,-7
"B142","1994-02",2,1994,2,2,0,0,0,"other",0,0,-6
"B142","1994-03",3,1994,3,2,2,0,0,"other",0,0,-5
"B142","1994-04",4,1994,4,4,1,0,0,"other",0,0,-4
"B142","1994-05",5,1994,5,2,0,0,0,"other",0,0,-3
"B142","1994-06",6,1994,6,5,4,0,0,"other",0,0,-2
"B142","1994-07",7,1994,7,2,0,0,0,"other",0,0,-1
"B142","1994-08",8,1994,8,2,2,0,0,"other",0,1,0
"B142","1994-09",9,1994,9,2,3,0,0,"other",0,1,1
"B142","1994-10",10,1994,10,3,1,0,0,"other",0,1,2
"B142","1994-11",11,1994,11,2,0,0,0,"other",0,1,3
"B142","1994-12",12,1994,12,1,3,0,0,"other",0,1,4
"B142","1995-01",13,1995,1,3,2,0,0,"other",0,1,5
"B142","1995-02",14,1995,2,3,0,0,0,"other",0,1,6
"B142","1995-03",15,1995,3,3,0,0,0,"other",0,1,7
"B142","1995-04",16,1995,4,4,1,0,0,"other",0,1,8
"B142","1995-05",17,1995,5,3,2,0,0,"other",0,1,9
"B142","1995-06",18,1995,6,4,3,0,0,"other",0,1,10
"B143","1994-01",1,1994,1,3,2,0,0,"other",0,0,-7
"B143","1994-02",2,1994,2,3,1,0,0,"other",0,0,-6
"B143","1994-03",3,1994,3,1,0,0,0,"other",0,0,-5
"B143","1994-04",4,1994,4,2,1,0,0,"other",0,0,-4
"B143","1994-05",5,1994,5,5,1,0,0,"other",0,0,-3
"B143","1994-06",6,1994,6,2,0,0,0,"other",0,0,-2
"B143","1994-07",7,1994,7,2,1,0,0,"other",0,0,-1
"B143","1994-08",8,1994,8,0,2,0,0,"other",0,1,0
"B143","1994-09",9,1994,9,0,1,0,0,"other",0,1,1
"B143","1994-10",10,1994,10,2,2,0,0,"other",0,1,2
"B143","1994-11",11,1994,11,4,0,0,0,"other",0,1,3
"B143","1994-12",12,1994,12,3,1,0,0,"other",0,1,4
"B143","1995-01",13,1995,1,2,2,0,0,"other",0,1,5
"B143","1995-02",14,1995,2,1,0,0,0,"other",0,1,6
"B143","1995-03",15,1995,3,3,2,0,0,"other",0,1,7
"B143","1995-04",16,1995,4,5,0,0,0,"other",0,1,8
"B143","1995-05",17,1995,5,1,2,0,0,"other",0,1,9
"B143","1995-06",18,1995,6,3,1,0,0,"other",0,1,10
"B144","1994-01",1,1994,1,3,2,0,0,"other",1,0,-7
"B144","1994-02",2,1994,2,1,1,0,0,"other",1,0,-6
"B144","1994-03",3,1994,3,4,2,0,0,"other",1,0,-5
"B144","1994-04",4,1994,4,4,2,0,0,"other",1,0,-4
"B144","1994-05",5,1994,5,0,2,0,0,"other",1,0,-3
"B144","1994-06",6,1994,6,0,1,0,0,"other",1,0,-2
"B144","1994-07",7,1994,7,4,2,0,0,"other",1,0,-1
"B144","1994-08",8,1994,8,1,2,0,0,"other",1,1,0
"B144","1994-09",9,1994,9,1,3,0,0,"other",1,1,1
"B144","1994-10",10,1994,10,2,4,0,0,"other",1,1,2
"B144","1994-11",11,1994,11,3,1,0,0,"other",1,1,3
"B144","1994-12",12,1994,12,3,3,0,0,"other",1,1,4
"B144","1995-01",13,1995,1,2,3,0,0,"other",1,1,5
"B144","1995-02",14,1995,2,2,1,0,0,"other",1,1,6
"B144","1995-03",15,1995,3,3,1,0,0,"other",1,1,7
"B144","1995-04",16,1995,4,6,1,0,0,"other",1,1,8
"B144","1995-05",17,1995,5,8,2,0,0,"other",1,1,9
"B144","1995-06",18,1995,6,6,2,0,0,"other",1,1,10
"B145","1994-01",1,1994,1,3,3,0,0,"other",0,0,-7
"B145","1994-02",2,1994,2,3,3,0,0,"other",0,0,-6
"B145","1994-03",3,1994,3,3,2,0,0,"other",0,0,-5
"B145","1994-04",4,1994,4,2,3,0,0,"other",0,0,-4
"B145","1994-05",5,1994,5,4,2,0,0,"other",0,0,-3
"B145","1994-06",6,1994,6,1,0,0,0,"other",0,0,-2
"B145","1994-07",7,1994,7,2,0,0,0,"other",0,0,-1
"B145","1994-08",8,1994,8,2,0,0,0,"other",0,1,0
"B145","1994-09",9,1994,9,3,4,0,0,"other",0,1,1
"B145","1994-10",10,1994,10,1,0,0,0,"other",0,1,2
"B145","1994-11",11,1994,11,0,1,0,0,"other",0,1,3
"B145","1994-12",12,1994,12,2,1,0,0,"other",0,1,4
"B145","1995-01",13,1995,1,4,0,0,0,"other",0,1,5
"B145","1995-02",14,1995,2,2,0,0,0,"other",0,1,6
"B145","1995-03",15,1995,3,4,0,0,0,"other",0,1,7
"B145","1995-04",16,1995,4,1,1,0,0,"other",0,1,8
"B145","1995-05",17,1995,5,4,3,0,0,"other",0,1,9
"B145","1995-06",18,1995,6,1,2,0,0,"other",0,1,10
"B146","1994-01",1,1994,1,1,3,0,0,"other",0,0,-7
"B146","1994-02",2,1994,2,1,1,0,0,"other",0,0,-6
"B146","1994-03",3,1994,3,3,2,0,0,"other",0,0,-5
"B146","1994-04",4,1994,4,0,1,0,0,"other",0,0,-4
"B146","1994-05",5,1994,5,2,1,0,0,"other",0,0,-3
"B146","1994-06",6,1994,6,0,2,0,0,"other",0,0,-2
"B146","1994-07",7,1994,7,3,1,0,0,"other",0,0,-1
"B146","1994-08",8,1994,8,3,0,0,0,"other",0,1,0
"B146","1994-09",9,1994,9,3,1,0,0,"other",0,1,1
"B146","1994-10",10,1994,10,2,3,0,0,"other",0,1,2
"B146","1994-11",11,1994,11,4,1,0,0,"other",0,1,3
"B146","1994-12",12,1994,12,3,1,0,0,"other",0,1,4
"B146","1995-01",13,1995,1,2,1,0,0,"other",0,1,5
"B146","1995-02",14,1995,2,3,0,0,0,"other",0,1,6
"B146","1995-03",15,1995,3,1,2,0,0,"other",0,1,7
"B146","1995-04",16,1995,4,2,2,0,0,"other",0,1,8
"B146","1995-05",17,1995,5,3,1,0,0,"other",0,1,9
"B146","1995-06",18,1995,6,4,0,0,0,"other",0,1,10
"B147","1994-01",1,1994,1,2,1,0,0,"other",0,0,-7
"B147","1994-02",2,1994,2,4,2,0,0,"other",0,0,-6
"B147","1994-03",3,1994,3,2,2,0,0,"other",0,0,-5
"B147","1994-04",4,1994,4,3,2,0,0,"other",0,0,-4
"B147","1994-05",5,1994,5,5,1,0,0,"other",0,0,-3
"B147","1994-06",6,1994,6,0,2,0,0,"other",0,0,-2
"B147","1994-07",7,1994,7,3,3,0,0,"other",0,0,-1
"B147","1994-08",8,1994,8,1,1,0,0,"other",0,1,0
"B147","1994-09",9,1994,9,3,2,0,0,"other",0,1,1
"B147","1994-10",10,1994,10,3,0,0,0,"other",0,1,2
"B147","1994-11",11,1994,11,1,1,0,0,"other",0,1,3
"B147","1994-12",12,1994,12,2,1,0,0,"other",0,1,4
"B147","1995-01",13,1995,1,2,1,0,0,"other",0,1,5
"B147","1995-02",14,1995,2,2,5,0,0,"other",0,1,6
"B147","1995-03",15,1995,3,3,1,0,0,"other",0,1,7
"B147","1995-04",16,1995,4,4,1,0,0,"other",0,1,8
"B147","1995-05",17,1995,5,2,0,0,0,"other",0,1,9
"B147","1995-06",18,1995,6,6,0,0,0,"other",0,1,10
"B148","1994-01",1,1994,1,1,1,0,0,"other",0,0,-7
"B148","1994-02",2,1994,2,6,0,0,0,"other",0,0,-6
"B148","1994-03",3,1994,3,1,1,0,0,"other",0,0,-5
"B148","1994-04",4,1994,4,4,1,0,0,"other",0,0,-4
"B148","1994-05",5,1994,5,1,0,0,0,"other",0,0,-3
"B148","1994-06",6,1994,6,4,0,0,0,"other",0,0,-2
"B148","1994-07",7,1994,7,1,2,0,0,"other",0,0,-1
"B148","1994-08",8,1994,8,2,1,0,0,"other",0,1,0
"B148","1994-09",9,1994,9,2,3,0,0,"other",0,1,1
"B148","1994-10",10,1994,10,5,1,0,0,"other",0,1,2
"B148","1994-11",11,1994,11,1,1,0,0,"other",0,1,3
"B148","1994-12",12,1994,12,2,1,0,0,"other",0,1,4
"B148","1995-01",13,1995,1,4,2,0,0,"other",0,1,5
"B148","1995-02",14,1995,2,3,1,0,0,"other",0,1,6
"B148","1995-03",15,1995,3,2,3,0,0,"other",0,1,7
"B148","1995-04",16,1995,4,1,3,0,0,"other",0,1,8
"B148","1995-05",17,1995,5,1,1,0,0,"other",0,1,9
"B148","1995-06",18,1995,6,6,0,0,0,"other",0,1,10
"B149","1994-01",1,1994,1,2,0,0,0,"other",0,0,-7
"B149","1994-02",2,1994,2,0,2,0,0,"other",0,0,-6
"B149","1994-03",3,1994,3,4,5,0,0,"other",0,0,-5
"B149","1994-04",4,1994,4,1,3,0,0,"other",0,0,-4
"B149","1994-05",5,1994,5,2,3,0,0,"other",0,0,-3
"B149","1994-06",6,1994,6,3,1,0,0,"other",0,0,-2
"B149","1994-07",7,1994,7,4,0,0,0,"other",0,0,-1
"B149","1994-08",8,1994,8,6,2,0,0,"other",0,1,0
"B149","1994-09",9,1994,9,4,2,0,0,"other",0,1,1
"B149","1994-10",10,1994,10,7,0,0,0,"other",0,1,2
"B149","1994-11",11,1994,11,1,2,0,0,"other",0,1,3
"B149","1994-12",12,1994,12,2,0,0,0,"other",0,1,4
"B149","1995-01",13,1995,1,1,2,0,0,"other",0,1,5
"B149","1995-02",14,1995,2,1,1,0,0,"other",0,1,6
"B149","1995-03",15,1995,3,1,5,0,0,"other",0,1,7
"B149","1995-04",16,1995,4,1,0,0,0,"other",0,1,8
"B149","1995-05",17,1995,5,1,4,0,0,"other",0,1,9
"B149","1995-06",18,1995,6,7,0,0,0,"other",0,1,10
"B150","1994-01",1,1994,1,2,1,0,0,"other",0,0,-7
"B150","1994-02",2,1994,2,1,1,0,0,"other",0,0,-6
"B150","1994-03",3,1994,3,2,2,0,0,"other",0,0,-5
"B150","1994-04",4,1994,4,3,3,0,0,"other",0,0,-4
"B150","1994-05",5,1994,5,1,0,0,0,"other",0,0,-3
"B150","1994-06",6,1994,6,1,0,0,0,"other",0,0,-2
"B150","1994-07",7,1994,7,0,2,0,0,"other",0,0,-1
"B150","1994-08",8,1994,8,1,1,0,0,"other",0,1,0
"B150","1994-09",9,1994,9,2,0,0,0,"other",0,1,1
"B150","1994-10",10,1994,10,1,0,0,0,"other",0,1,2
"B150","1994-11",11,1994,11,3,1,0,0,"other",0,1,3
"B150","1994-12",12,1994,12,3,0,0,0,"other",0,1,4
"B150","1995-01",13,1995,1,1,2,0,0,"other",0,1,5
"B150","1995-02",14,1995,2,3,3,0,0,"other",0,1,6
"B150","1995-03",15,1995,3,1,0,0,0,"other",0,1,7
"B150","1995-04",16,1995,4,3,1,0,0,"other",0,1,8
"B150","1995-05",17,1995,5,3,1,0,0,"other",0,1,9
"B150","1995-06",18,1995,6,3,1,0,0,"other",0,1,10
"B151","1994-01",1,1994,1,3,2,0,0,"other",1,0,-7
"B151","1994-02",2,1994,2,1,1,0,0,"other",1,0,-6
"B151","1994-03",3,1994,3,5,2,0,0,"other",1,0,-5
"B151","1994-04",4,1994,4,3,4,0,0,"other",1,0,-4
"B151","1994-05",5,1994,5,2,1,0,0,"other",1,0,-3
"B151","1994-06",6,1994,6,1,2,0,0,"other",1,0,-2
"B151","1994-07",7,1994,7,4,0,0,0,"other",1,0,-1
"B151","1994-08",8,1994,8,0,1,0,0,"other",1,1,0
"B151","1994-09",9,1994,9,4,0,0,0,"other",1,1,1
"B151","1994-10",10,1994,10,0,2,0,0,"other",1,1,2
"B151","1994-11",11,1994,11,4,3,0,0,"other",1,1,3
"B151","1994-12",12,1994,12,1,3,0,0,"other",1,1,4
"B151","1995-01",13,1995,1,2,1,0,0,"other",1,1,5
"B151","1995-02",14,1995,2,5,1,0,0,"other",1,1,6
"B151","1995-03",15,1995,3,1,2,0,0,"other",1,1,7
"B151","1995-04",16,1995,4,4,2,0,0,"other",1,1,8
"B151","1995-05",17,1995,5,6,1,0,0,"other",1,1,9
"B151","1995-06",18,1995,6,4,3,0,0,"other",1,1,10
"B152","1994-01",1,1994,1,2,4,0,0,"other",1,0,-7
"B152","1994-02",2,1994,2,1,1,0,0,"other",1,0,-6
"B152","1994-03",3,1994,3,3,0,0,0,"other",1,0,-5
"B152","1994-04",4,1994,4,6,2,0,0,"other",1,0,-4
"B152","1994-05",5,1994,5,2,2,0,0,"other",1,0,-3
"B152","1994-06",6,1994,6,3,1,0,0,"other",1,0,-2
"B152","1994-07",7,1994,7,4,1,0,0,"other",1,0,-1
"B152","1994-08",8,1994,8,1,2,0,0,"other",1,1,0
"B152","1994-09",9,1994,9,0,2,0,0,"other",1,1,1
"B152","1994-10",10,1994,10,1,0,0,0,"other",1,1,2
"B152","1994-11",11,1994,11,3,1,0,0,"other",1,1,3
"B152","1994-12",12,1994,12,0,2,0,0,"other",1,1,4
"B152","1995-01",13,1995,1,3,2,0,0,"other",1,1,5
"B152","1995-02",14,1995,2,1,1,0,0,"other",1,1,6
"B152","1995-03",15,1995,3,4,0,0,0,"other",1,1,7
"B152","1995-04",16,1995,4,2,4,0,0,"other",1,1,8
"B152","1995-05",17,1995,5,0,0,0,0,"other",1,1,9
"B152","1995-06",18,1995,6,4,0,0,0,"other",1,1,10
"B153","1994-01",1,1994,1,0,1,0,0,"other",0,0,-7
"B153","1994-02",2,1994,2,3,0,0,0,"other",0,0,-6
"B153","1994-03",3,1994,3,4,1,0,0,"other",0,0,-5
"B153","1994-04",4,1994,4,3,0,0,0,"other",0,0,-4
"B153","1994-05",5,1994,5,1,0,0,0,"other",0,0,-3
"B153","1994-06",6,1994,6,1,1,0,0,"other",0,0,-2
"B153","1994-07",7,1994,7,2,0,0,0,"other",0,0,-1
"B153","1994-08",8,1994,8,0,1,0,0,"other",0,1,0
"B153","1994-09",9,1994,9,2,0,0,0,"other",0,1,1
"B153","1994-10",10,1994,10,1,2,0,0,"other",0,1,2
"B153","1994-11",11,1994,11,3,0,0,0,"other",0,1,3
"B153","1994-12",12,1994,12,1,1,0,0,"other",0,1,4
"B153","1995-01",13,1995,1,1,3,0,0,"other",0,1,5
"B153","1995-02",14,1995,2,2,1,0,0,"other",0,1,6
"B153","1995-03",15,1995,3,2,1,0,0,"other",0,1,7
"B153","1995-04",16,1995,4,3,1,0,0,"other",0,1,8
"B153","1995-05",17,1995,5,0,0,0,0,"other",0,1,9
"B153","1995-06",18,1995,6,1,0,0,0,"other",0,1,10
"B154","1994-01",1,1994,1,1,2,0,0,"other",0,0,-7
"B154","1994-02",2,1994,2,2,2,0,0,"other",0,0,-6
"B154","1994-03",3,1994,3,2,1,0,0,"other",0,0,-5
"B154","1994-04",4,1994,4,2,1,0,0,"other",0,0,-4
"B154","1994-05",5,1994,5,2,2,0,0,"other",0,0,-3
"B154","1994-06",6,1994,6,0,2,0,0,"other",0,0,-2
"B154","1994-07",7,1994,7,0,2,0,0,"other",0,0,-1
"B154","1994-08",8,1994,8,4,0,0,0,"other",0,1,0
"B154","1994-09",9,1994,9,2,1,0,0,"other",0,1,1
"B154","1994-10",10,1994,10,7,2,0,0,"other",0,1,2
"B154","1994-11",11,1994,11,2,1,0,0,"other",0,1,3
"B154","1994-12",12,1994,12,2,0,0,0,"other",0,1,4
"B154","1995-01",13,1995,1,3,3,0,0,"other",0,1,5
"B154","1995-02",14,1995,2,7,1,0,0,"other",0,1,6
"B154","1995-03",15,1995,3,1,0,0,0,"other",0,1,7
"B154","1995-04",16,1995,4,5,3,0,0,"other",0,1,8
"B154","1995-05",17,1995,5,4,5,0,0,"other",0,1,9
"B154","1995-06",18,1995,6,0,2,0,0,"other",0,1,10
"B155","1994-01",1,1994,1,4,0,0,0,"other",1,0,-7
"B155","1994-02",2,1994,2,5,4,0,0,"other",1,0,-6
"B155","1994-03",3,1994,3,4,1,0,0,"other",1,0,-5
"B155","1994-04",4,1994,4,2,2,0,0,"other",1,0,-4
"B155","1994-05",5,1994,5,4,1,0,0,"other",1,0,-3
"B155","1994-06",6,1994,6,6,0,0,0,"other",1,0,-2
"B155","1994-07",7,1994,7,1,1,0,0,"other",1,0,-1
"B155","1994-08",8,1994,8,2,2,0,0,"other",1,1,0
"B155","1994-09",9,1994,9,2,2,0,0,"other",1,1,1
"B155","1994-10",10,1994,10,4,1,0,0,"other",1,1,2
"B155","1994-11",11,1994,11,1,1,0,0,"other",1,1,3
"B155","1994-12",12,1994,12,3,4,0,0,"other",1,1,4
"B155","1995-01",13,1995,1,2,3,0,0,"other",1,1,5
"B155","1995-02",14,1995,2,4,2,0,0,"other",1,1,6
"B155","1995-03",15,1995,3,3,0,0,0,"other",1,1,7
"B155","1995-04",16,1995,4,3,1,0,0,"other",1,1,8
"B155","1995-05",17,1995,5,1,3,0,0,"other",1,1,9
"B155","1995-06",18,1995,6,4,1,0,0,"other",1,1,10
"B156","1994-01",1,1994,1,4,1,0,0,"other",0,0,-7
"B156","1994-02",2,1994,2,3,0,0,0,"other",0,0,-6
"B156","1994-03",3,1994,3,3,2,0,0,"other",0,0,-5
"B156","1994-04",4,1994,4,1,0,0,0,"other",0,0,-4
"B156","1994-05",5,1994,5,7,1,0,0,"other",0,0,-3
"B156","1994-06",6,1994,6,5,1,0,0,"other",0,0,-2
"B156","1994-07",7,1994,7,1,1,0,0,"other",0,0,-1
"B156","1994-08",8,1994,8,2,0,0,0,"other",0,1,0
"B156","1994-09",9,1994,9,2,2,0,0,"other",0,1,1
"B156","1994-10",10,1994,10,1,0,0,0,"other",0,1,2
"B156","1994-11",11,1994,11,3,1,0,0,"other",0,1,3
"B156","1994-12",12,1994,12,3,1,0,0,"other",0,1,4
"B156","1995-01",13,1995,1,1,3,0,0,"other",0,1,5
"B156","1995-02",14,1995,2,2,0,0,0,"other",0,1,6
"B156","1995-03",15,1995,3,1,1,0,0,"other",0,1,7
"B156","1995-04",16,1995,4,2,1,0,0,"other",0,1,8
"B156","1995-05",17,1995,5,0,0,0,0,"other",0,1,9
"B156","1995-06",18,1995,6,2,1,0,0,"other",0,1,10
"B157","1994-01",1,1994,1,3,1,0,0,"other",0,0,-7
"B157","1994-02",2,1994,2,2,1,0,0,"other",0,0,-6
"B157","1994-03",3,1994,3,1,0,0,0,"other",0,0,-5
"B157","1994-04",4,1994,4,2,3,0,0,"other",0,0,-4
"B157","1994-05",5,1994,5,2,1,0,0,"other",0,0,-3
"B157","1994-06",6,1994,6,2,1,0,0,"other",0,0,-2
"B157","1994-07",7,1994,7,1,1,0,0,"other",0,0,-1
"B157","1994-08",8,1994,8,1,0,0,0,"other",0,1,0
"B157","1994-09",9,1994,9,4,2,0,0,"other",0,1,1
"B157","1994-10",10,1994,10,1,1,0,0,"other",0,1,2
"B157","1994-11",11,1994,11,4,3,0,0,"other",0,1,3
"B157","1994-12",12,1994,12,3,3,0,0,"other",0,1,4
"B157","1995-01",13,1995,1,3,3,0,0,"other",0,1,5
"B157","1995-02",14,1995,2,4,1,0,0,"other",0,1,6
"B157","1995-03",15,1995,3,1,0,0,0,"other",0,1,7
"B157","1995-04",16,1995,4,1,0,0,0,"other",0,1,8
"B157","1995-05",17,1995,5,2,0,0,0,"other",0,1,9
"B157","1995-06",18,1995,6,0,1,0,0,"other",0,1,10
"B158","1994-01",1,1994,1,2,0,0,0,"other",1,0,-7
"B158","1994-02",2,1994,2,2,0,0,0,"other",1,0,-6
"B158","1994-03",3,1994,3,3,4,0,0,"other",1,0,-5
"B158","1994-04",4,1994,4,1,3,0,0,"other",1,0,-4
"B158","1994-05",5,1994,5,0,1,0,0,"other",1,0,-3
"B158","1994-06",6,1994,6,2,3,0,0,"other",1,0,-2
"B158","1994-07",7,1994,7,7,0,0,0,"other",1,0,-1
"B158","1994-08",8,1994,8,0,2,0,0,"other",1,1,0
"B158","1994-09",9,1994,9,0,1,0,0,"other",1,1,1
"B158","1994-10",10,1994,10,3,3,0,0,"other",1,1,2
"B158","1994-11",11,1994,11,0,1,0,0,"other",1,1,3
"B158","1994-12",12,1994,12,2,1,0,0,"other",1,1,4
"B158","1995-01",13,1995,1,6,3,0,0,"other",1,1,5
"B158","1995-02",14,1995,2,2,1,0,0,"other",1,1,6
"B158","1995-03",15,1995,3,2,0,0,0,"other",1,1,7
"B158","1995-04",16,1995,4,3,1,0,0,"other",1,1,8
"B158","1995-05",17,1995,5,0,1,0,0,"other",1,1,9
"B158","1995-06",18,1995,6,1,2,0,0,"other",1,1,10
"B159","1994-01",1,1994,1,0,1,0,0,"other",0,0,-7
"B159","1994-02",2,1994,2,3,1,0,0,"other",0,0,-6
"B159","1994-03",3,1994,3,2,5,0,0,"other",0,0,-5
"B159","1994-04",4,1994,4,1,1,0,0,"other",0,0,-4
"B159","1994-05",5,1994,5,3,1,0,0,"other",0,0,-3
"B159","1994-06",6,1994,6,0,1,0,0,"other",0,0,-2
"B159","1994-07",7,1994,7,5,4,0,0,"other",0,0,-1
"B159","1994-08",8,1994,8,3,2,0,0,"other",0,1,0
"B159","1994-09",9,1994,9,5,4,0,0,"other",0,1,1
"B159","1994-10",10,1994,10,3,1,0,0,"other",0,1,2
"B159","1994-11",11,1994,11,2,0,0,0,"other",0,1,3
"B159","1994-12",12,1994,12,8,2,0,0,"other",0,1,4
"B159","1995-01",13,1995,1,3,0,0,0,"other",0,1,5
"B159","1995-02",14,1995,2,3,2,0,0,"other",0,1,6
"B159","1995-03",15,1995,3,2,3,0,0,"other",0,1,7
"B159","1995-04",16,1995,4,1,1,0,0,"other",0,1,8
"B159","1995-05",17,1995,5,1,3,0,0,"other",0,1,9
"B159","1995-06",18,1995,6,1,4,0,0,"other",0,1,10
"B160","1994-01",1,1994,1,1,4,0,0,"other",0,0,-7
"B160","1994-02",2,1994,2,1,3,0,0,"other",0,0,-6
"B160","1994-03",3,1994,3,5,3,0,0,"other",0,0,-5
"B160","1994-04",4,1994,4,0,0,0,0,"other",0,0,-4
"B160","1994-05",5,1994,5,1,0,0,0,"other",0,0,-3
"B160","1994-06",6,1994,6,4,2,0,0,"other",0,0,-2
"B160","1994-07",7,1994,7,4,1,0,0,"other",0,0,-1
"B160","1994-08",8,1994,8,3,3,0,0,"other",0,1,0
"B160","1994-09",9,1994,9,1,0,0,0,"other",0,1,1
"B160","1994-10",10,1994,10,7,1,0,0,"other",0,1,2
"B160","1994-11",11,1994,11,3,2,0,0,"other",0,1,3
"B160","1994-12",12,1994,12,0,1,0,0,"other",0,1,4
"B160","1995-01",13,1995,1,1,1,0,0,"other",0,1,5
"B160","1995-02",14,1995,2,2,1,0,0,"other",0,1,6
"B160","1995-03",15,1995,3,1,1,0,0,"other",0,1,7
"B160","1995-04",16,1995,4,3,0,0,0,"other",0,1,8
"B160","1995-05",17,1995,5,2,3,0,0,"other",0,1,9
"B160","1995-06",18,1995,6,4,1,0,0,"other",0,1,10
"B161","1994-01",1,1994,1,4,2,0,0,"other",1,0,-7
"B161","1994-02",2,1994,2,3,0,0,0,"other",1,0,-6
"B161","1994-03",3,1994,3,4,4,0,0,"other",1,0,-5
"B161","1994-04",4,1994,4,2,0,0,0,"other",1,0,-4
"B161","1994-05",5,1994,5,1,5,0,0,"other",1,0,-3
"B161","1994-06",6,1994,6,2,1,0,0,"other",1,0,-2
"B161","1994-07",7,1994,7,1,2,0,0,"other",1,0,-1
"B161","1994-08",8,1994,8,2,2,0,0,"other",1,1,0
"B161","1994-09",9,1994,9,1,0,0,0,"other",1,1,1
"B161","1994-10",10,1994,10,5,2,0,0,"other",1,1,2
"B161","1994-11",11,1994,11,0,3,0,0,"other",1,1,3
"B161","1994-12",12,1994,12,3,0,0,0,"other",1,1,4
"B161","1995-01",13,1995,1,7,1,0,0,"other",1,1,5
"B161","1995-02",14,1995,2,3,0,0,0,"other",1,1,6
"B161","1995-03",15,1995,3,4,4,0,0,"other",1,1,7
"B161","1995-04",16,1995,4,2,1,0,0,"other",1,1,8
"B161","1995-05",17,1995,5,4,1,0,0,"other",1,1,9
"B161","1995-06",18,1995,6,1,2,0,0,"other",1,1,10
"B162","1994-01",1,1994,1,0,1,0,0,"other",1,0,-7
"B162","1994-02",2,1994,2,6,0,0,0,"other",1,0,-6
"B162","1994-03",3,1994,3,3,1,0,0,"other",1,0,-5
"B162","1994-04",4,1994,4,1,3,0,0,"other",1,0,-4
"B162","1994-05",5,1994,5,2,1,0,0,"other",1,0,-3
"B162","1994-06",6,1994,6,1,2,0,0,"other",1,0,-2
"B162","1994-07",7,1994,7,3,2,0,0,"other",1,0,-1
"B162","1994-08",8,1994,8,3,1,0,0,"other",1,1,0
"B162","1994-09",9,1994,9,4,2,0,0,"other",1,1,1
"B162","1994-10",10,1994,10,3,1,0,0,"other",1,1,2
"B162","1994-11",11,1994,11,0,4,0,0,"other",1,1,3
"B162","1994-12",12,1994,12,2,2,0,0,"other",1,1,4
"B162","1995-01",13,1995,1,1,2,0,0,"other",1,1,5
"B162","1995-02",14,1995,2,3,0,0,0,"other",1,1,6
"B162","1995-03",15,1995,3,1,1,0,0,"other",1,1,7
"B162","1995-04",16,1995,4,2,2,0,0,"other",1,1,8
"B162","1995-05",17,1995,5,0,2,0,0,"other",1,1,9
"B162","1995-06",18,1995,6,7,0,0,0,"other",1,1,10
"B163","1994-01",1,1994,1,3,2,0,0,"other",0,0,-7
"B163","1994-02",2,1994,2,5,2,0,0,"other",0,0,-6
"B163","1994-03",3,1994,3,1,2,0,0,"other",0,0,-5
"B163","1994-04",4,1994,4,4,3,0,0,"other",0,0,-4
"B163","1994-05",5,1994,5,1,3,0,0,"other",0,0,-3
"B163","1994-06",6,1994,6,6,5,0,0,"other",0,0,-2
"B163","1994-07",7,1994,7,2,2,0,0,"other",0,0,-1
"B163","1994-08",8,1994,8,5,5,0,0,"other",0,1,0
"B163","1994-09",9,1994,9,1,2,0,0,"other",0,1,1
"B163","1994-10",10,1994,10,4,3,0,0,"other",0,1,2
"B163","1994-11",11,1994,11,2,1,0,0,"other",0,1,3
"B163","1994-12",12,1994,12,1,0,0,0,"other",0,1,4
"B163","1995-01",13,1995,1,3,4,0,0,"other",0,1,5
"B163","1995-02",14,1995,2,4,2,0,0,"other",0,1,6
"B163","1995-03",15,1995,3,3,3,0,0,"other",0,1,7
"B163","1995-04",16,1995,4,2,1,0,0,"other",0,1,8
"B163","1995-05",17,1995,5,3,3,0,0,"other",0,1,9
"B163","1995-06",18,1995,6,2,1,0,0,"other",0,1,10
"B164","1994-01",1,1994,1,2,0,0,0,"other",1,0,-7
"B164","1994-02",2,1994,2,2,2,0,0,"other",1,0,-6
"B164","1994-03",3,1994,3,2,3,0,0,"other",1,0,-5
"B164","1994-04",4,1994,4,4,3,0,0,"other",1,0,-4
"B164","1994-05",5,1994,5,1,0,0,0,"other",1,0,-3
"B164","1994-06",6,1994,6,5,2,0,0,"other",1,0,-2
"B164","1994-07",7,1994,7,4,1,0,0,"other",1,0,-1
"B164","1994-08",8,1994,8,3,1,0,0,"other",1,1,0
"B164","1994-09",9,1994,9,0,2,0,0,"other",1,1,1
"B164","1994-10",10,1994,10,2,2,0,0,"other",1,1,2
"B164","1994-11",11,1994,11,2,0,0,0,"other",1,1,3
"B164","1994-12",12,1994,12,2,3,0,0,"other",1,1,4
"B164","1995-01",13,1995,1,3,3,0,0,"other",1,1,5
"B164","1995-02",14,1995,2,1,1,0,0,"other",1,1,6
"B164","1995-03",15,1995,3,1,2,0,0,"other",1,1,7
"B164","1995-04",16,1995,4,2,4,0,0,"other",1,1,8
"B164","1995-05",17,1995,5,2,2,0,0,"other",1,1,9
"B164","1995-06",18,1995,6,2,1,0,0,"other",1,1,10
"B165","1994-01",1,1994,1,3,2,0,0,"other",0,0,-7
"B165","1994-02",2,1994,2,0,0,0,0,"other",0,0,-6
"B165","1994-03",3,1994,3,5,0,0,0,"other",0,0,-5
"B165","1994-04",4,1994,4,2,0,0,0,"other",0,0,-4
"B165","1994-05",5,1994,5,4,1,0,0,"other",0,0,-3
"B165","1994-06",6,1994,6,1,1,0,0,"other",0,0,-2
"B165","1994-07",7,1994,7,5,1,0,0,"other",0,0,-1
"B165","1994-08",8,1994,8,0,1,0,0,"other",0,1,0
"B165","1994-09",9,1994,9,2,1,0,0,"other",0,1,1
"B165","1994-10",10,1994,10,2,2,0,0,"other",0,1,2
"B165","1994-11",11,1994,11,3,1,0,0,"other",0,1,3
"B165","1994-12",12,1994,12,0,5,0,0,"other",0,1,4
"B165","1995-01",13,1995,1,1,1,0,0,"other",0,1,5
"B165","1995-02",14,1995,2,2,1,0,0,"other",0,1,6
"B165","1995-03",15,1995,3,2,1,0,0,"other",0,1,7
"B165","1995-04",16,1995,4,5,3,0,0,"other",0,1,8
"B165","1995-05",17,1995,5,7,1,0,0,"other",0,1,9
"B165","1995-06",18,1995,6,2,4,0,0,"other",0,1,10
"B166","1994-01",1,1994,1,1,2,0,0,"other",1,0,-7
"B166","1994-02",2,1994,2,4,1,0,0,"other",1,0,-6
"B166","1994-03",3,1994,3,4,2,0,0,"other",1,0,-5
"B166","1994-04",4,1994,4,4,1,0,0,"other",1,0,-4
"B166","1994-05",5,1994,5,3,0,0,0,"other",1,0,-3
"B166","1994-06",6,1994,6,1,1,0,0,"other",1,0,-2
"B166","1994-07",7,1994,7,2,0,0,0,"other",1,0,-1
"B166","1994-08",8,1994,8,3,0,0,0,"other",1,1,0
"B166","1994-09",9,1994,9,5,1,0,0,"other",1,1,1
"B166","1994-10",10,1994,10,2,0,0,0,"other",1,1,2
"B166","1994-11",11,1994,11,0,6,0,0,"other",1,1,3
"B166","1994-12",12,1994,12,2,2,0,0,"other",1,1,4
"B166","1995-01",13,1995,1,3,1,0,0,"other",1,1,5
"B166","1995-02",14,1995,2,2,2,0,0,"other",1,1,6
"B166","1995-03",15,1995,3,2,1,0,0,"other",1,1,7
"B166","1995-04",16,1995,4,1,1,0,0,"other",1,1,8
"B166","1995-05",17,1995,5,0,3,0,0,"other",1,1,9
"B166","1995-06",18,1995,6,4,1,0,0,"other",1,1,10
"B167","1994-01",1,1994,1,2,0,0,0,"other",0,0,-7
"B167","1994-02",2,1994,2,2,0,0,0,"other",0,0,-6
"B167","1994-03",3,1994,3,1,0,0,0,"other",0,0,-5
"B167","1994-04",4,1994,4,0,2,0,0,"other",0,0,-4
"B167","1994-05",5,1994,5,2,1,0,0,"other",0,0,-3
"B167","1994-06",6,1994,6,2,0,0,0,"other",0,0,-2
"B167","1994-07",7,1994,7,0,1,0,0,"other",0,0,-1
"B167","1994-08",8,1994,8,1,0,0,0,"other",0,1,0
"B167","1994-09",9,1994,9,0,0,0,0,"other",0,1,1
"B167","1994-10",10,1994,10,1,2,0,0,"other",0,1,2
"B167","1994-11",11,1994,11,3,2,0,0,"other",0,1,3
"B167","1994-12",12,1994,12,1,0,0,0,"other",0,1,4
"B167","1995-01",13,1995,1,2,1,0,0,"other",0,1,5
"B167","1995-02",14,1995,2,4,0,0,0,"other",0,1,6
"B167","1995-03",15,1995,3,2,1,0,0,"other",0,1,7
"B167","1995-04",16,1995,4,3,2,0,0,"other",0,1,8
"B167","1995-05",17,1995,5,2,0,0,0,"other",0,1,9
"B167","1995-06",18,1995,6,0,0,0,0,"other",0,1,10
"B168","1994-01",1,1994,1,4,0,0,0,"other",1,0,-7
"B168","1994-02",2,1994,2,4,5,0,0,"other",1,0,-6
"B168","1994-03",3,1994,3,4,3,0,0,"other",1,0,-5
"B168","1994-04",4,1994,4,4,1,0,0,"other",1,0,-4
"B168","1994-05",5,1994,5,2,1,0,0,"other",1,0,-3
"B168","1994-06",6,1994,6,3,3,0,0,"other",1,0,-2
"B168","1994-07",7,1994,7,4,4,0,0,"other",1,0,-1
"B168","1994-08",8,1994,8,3,1,0,0,"other",1,1,0
"B168","1994-09",9,1994,9,3,0,0,0,"other",1,1,1
"B168","1994-10",10,1994,10,7,4,0,0,"other",1,1,2
"B168","1994-11",11,1994,11,0,0,0,0,"other",1,1,3
"B168","1994-12",12,1994,12,1,0,0,0,"other",1,1,4
"B168","1995-01",13,1995,1,2,2,0,0,"other",1,1,5
"B168","1995-02",14,1995,2,1,2,0,0,"other",1,1,6
"B168","1995-03",15,1995,3,1,4,0,0,"other",1,1,7
"B168","1995-04",16,1995,4,0,2,0,0,"other",1,1,8
"B168","1995-05",17,1995,5,2,2,0,0,"other",1,1,9
"B168","1995-06",18,1995,6,2,1,0,0,"other",1,1,10
"B169","1994-01",1,1994,1,3,4,0,0,"other",1,0,-7
"B169","1994-02",2,1994,2,1,6,0,0,"other",1,0,-6
"B169","1994-03",3,1994,3,1,2,0,0,"other",1,0,-5
"B169","1994-04",4,1994,4,3,1,0,0,"other",1,0,-4
"B169","1994-05",5,1994,5,1,0,0,0,"other",1,0,-3
"B169","1994-06",6,1994,6,2,1,0,0,"other",1,0,-2
"B169","1994-07",7,1994,7,3,1,0,0,"other",1,0,-1
"B169","1994-08",8,1994,8,1,2,0,0,"other",1,1,0
"B169","1994-09",9,1994,9,2,2,0,0,"other",1,1,1
"B169","1994-10",10,1994,10,3,1,0,0,"other",1,1,2
"B169","1994-11",11,1994,11,3,1,0,0,"other",1,1,3
"B169","1994-12",12,1994,12,4,3,0,0,"other",1,1,4
"B169","1995-01",13,1995,1,1,1,0,0,"other",1,1,5
"B169","1995-02",14,1995,2,2,5,0,0,"other",1,1,6
"B169","1995-03",15,1995,3,1,1,0,0,"other",1,1,7
"B169","1995-04",16,1995,4,3,1,0,0,"other",1,1,8
"B169","1995-05",17,1995,5,3,4,0,0,"other",1,1,9
"B169","1995-06",18,1995,6,3,1,0,0,"other",1,1,10
"B170","1994-01",1,1994,1,1,3,0,0,"other",0,0,-7
"B170","1994-02",2,1994,2,4,0,0,0,"other",0,0,-6
"B170","1994-03",3,1994,3,4,1,0,0,"other",0,0,-5
"B170","1994-04",4,1994,4,1,5,0,0,"other",0,0,-4
"B170","1994-05",5,1994,5,2,1,0,0,"other",0,0,-3
"B170","1994-06",6,1994,6,3,0,0,0,"other",0,0,-2
"B170","1994-07",7,1994,7,1,0,0,0,"other",0,0,-1
"B170","1994-08",8,1994,8,1,1,0,0,"other",0,1,0
"B170","1994-09",9,1994,9,2,2,0,0,"other",0,1,1
"B170","1994-10",10,1994,10,0,2,0,0,"other",0,1,2
"B170","1994-11",11,1994,11,2,1,0,0,"other",0,1,3
"B170","1994-12",12,1994,12,1,0,0,0,"other",0,1,4
"B170","1995-01",13,1995,1,2,0,0,0,"other",0,1,5
"B170","1995-02",14,1995,2,3,2,0,0,"other",0,1,6
"B170","1995-03",15,1995,3,2,1,0,0,"other",0,1,7
"B170","1995-04",16,1995,4,4,1,0,0,"other",0,1,8
"B170","1995-05",17,1995,5,2,3,0,0,"other",0,1,9
"B170","1995-06",18,1995,6,0,2,0,0,"other",0,1,10
"B171","1994-01",1,1994,1,2,0,0,0,"other",0,0,-7
"B171","1994-02",2,1994,2,1,2,0,0,"other",0,0,-6
"B171","1994-03",3,1994,3,3,0,0,0,"other",0,0,-5
"B171","1994-04",4,1994,4,3,0,0,0,"other",0,0,-4
"B171","1994-05",5,1994,5,2,0,0,0,"other",0,0,-3
"B171","1994-06",6,1994,6,2,2,0,0,"other",0,0,-2
"B171","1994-07",7,1994,7,1,2,0,0,"other",0,0,-1
"B171","1994-08",8,1994,8,1,1,0,0,"other",0,1,0
"B171","1994-09",9,1994,9,1,1,0,0,"other",0,1,1
"B171","1994-10",10,1994,10,1,1,0,0,"other",0,1,2
"B171","1994-11",11,1994,11,3,1,0,0,"other",0,1,3
"B171","1994-12",12,1994,12,0,1,0,0,"other",0,1,4
"B171","1995-01",13,1995,1,1,0,0,0,"other",0,1,5
"B171","1995-02",14,1995,2,2,0,0,0,"other",0,1,6
"B171","1995-03",15,1995,3,2,0,0,0,"other",0,1,7
"B171","1995-04",16,1995,4,4,1,0,0,"other",0,1,8
"B171","1995-05",17,1995,5,3,1,0,0,"other",0,1,9
"B171","1995-06",18,1995,6,2,1,0,0,"other",0,1,10
"B172","1994-01",1,1994,1,4,0,0,0,"other",1,0,-7
"B172","1994-02",2,1994,2,7,4,0,0,"other",1,0,-6
"B172","1994-03",3,1994,3,3,2,0,0,"other",1,0,-5
"B172","1994-04",4,1994,4,1,0,0,0,"other",1,0,-4
"B172","1994-05",5,1994,5,7,1,0,0,"other",1,0,-3
"B172","1994-06",6,1994,6,0,2,0,0,"other",1,0,-2
"B172","1994-07",7,1994,7,4,0,0,0,"other",1,0,-1
"B172","1994-08",8,1994,8,5,1,0,0,"other",1,1,0
"B172","1994-09",9,1994,9,4,6,0,0,"other",1,1,1
"B172","1994-10",10,1994,10,3,2,0,0,"other",1,1,2
"B172","1994-11",11,1994,11,6,3,0,0,"other",1,1,3
"B172","1994-12",12,1994,12,6,2,0,0,"other",1,1,4
"B172","1995-01",13,1995,1,3,4,0,0,"other",1,1,5
"B172","1995-02",14,1995,2,4,3,0,0,"other",1,1,6
"B172","1995-03",15,1995,3,5,1,0,0,"other",1,1,7
"B172","1995-04",16,1995,4,2,0,0,0,"other",1,1,8
"B172","1995-05",17,1995,5,1,2,0,0,"other",1,1,9
"B172","1995-06",18,1995,6,3,2,0,0,"other",1,1,10
"B173","1994-01",1,1994,1,7,0,0,0,"other",0,0,-7
"B173","1994-02",2,1994,2,5,2,0,0,"other",0,0,-6
"B173","1994-03",3,1994,3,1,0,0,0,"other",0,0,-5
"B173","1994-04",4,1994,4,1,3,0,0,"other",0,0,-4
"B173","1994-05",5,1994,5,3,1,0,0,"other",0,0,-3
"B173","1994-06",6,1994,6,2,2,0,0,"other",0,0,-2
"B173","1994-07",7,1994,7,1,3,0,0,"other",0,0,-1
"B173","1994-08",8,1994,8,2,0,0,0,"other",0,1,0
"B173","1994-09",9,1994,9,3,1,0,0,"other",0,1,1
"B173","1994-10",10,1994,10,1,2,0,0,"other",0,1,2
"B173","1994-11",11,1994,11,0,0,0,0,"other",0,1,3
"B173","1994-12",12,1994,12,1,4,0,0,"other",0,1,4
"B173","1995-01",13,1995,1,3,3,0,0,"other",0,1,5
"B173","1995-02",14,1995,2,5,3,0,0,"other",0,1,6
"B173","1995-03",15,1995,3,2,3,0,0,"other",0,1,7
"B173","1995-04",16,1995,4,2,1,0,0,"other",0,1,8
"B173","1995-05",17,1995,5,3,2,0,0,"other",0,1,9
"B173","1995-06",18,1995,6,3,2,0,0,"other",0,1,10
"B174","1994-01",1,1994,1,1,3,0,0,"other",0,0,-7
"B174","1994-02",2,1994,2,4,3,0,0,"other",0,0,-6
"B174","1994-03",3,1994,3,3,1,0,0,"other",0,0,-5
"B174","1994-04",4,1994,4,1,2,0,0,"other",0,0,-4
"B174","1994-05",5,1994,5,2,1,0,0,"other",0,0,-3
"B174","1994-06",6,1994,6,2,2,0,0,"other",0,0,-2
"B174","1994-07",7,1994,7,2,1,0,0,"other",0,0,-1
"B174","1994-08",8,1994,8,2,3,0,0,"other",0,1,0
"B174","1994-09",9,1994,9,4,2,0,0,"other",0,1,1
"B174","1994-10",10,1994,10,2,1,0,0,"other",0,1,2
"B174","1994-11",11,1994,11,5,1,0,0,"other",0,1,3
"B174","1994-12",12,1994,12,6,1,0,0,"other",0,1,4
"B174","1995-01",13,1995,1,0,3,0,0,"other",0,1,5
"B174","1995-02",14,1995,2,1,2,0,0,"other",0,1,6
"B174","1995-03",15,1995,3,1,1,0,0,"other",0,1,7
"B174","1995-04",16,1995,4,3,1,0,0,"other",0,1,8
"B174","1995-05",17,1995,5,6,3,0,0,"other",0,1,9
"B174","1995-06",18,1995,6,1,2,0,0,"other",0,1,10
"B175","1994-01",1,1994,1,1,0,0,0,"other",0,0,-7
"B175","1994-02",2,1994,2,5,2,0,0,"other",0,0,-6
"B175","1994-03",3,1994,3,2,1,0,0,"other",0,0,-5
"B175","1994-04",4,1994,4,6,1,0,0,"other",0,0,-4
"B175","1994-05",5,1994,5,6,0,0,0,"other",0,0,-3
"B175","1994-06",6,1994,6,4,0,0,0,"other",0,0,-2
"B175","1994-07",7,1994,7,2,1,0,0,"other",0,0,-1
"B175","1994-08",8,1994,8,4,1,0,0,"other",0,1,0
"B175","1994-09",9,1994,9,2,3,0,0,"other",0,1,1
"B175","1994-10",10,1994,10,2,0,0,0,"other",0,1,2
"B175","1994-11",11,1994,11,3,3,0,0,"other",0,1,3
"B175","1994-12",12,1994,12,4,0,0,0,"other",0,1,4
"B175","1995-01",13,1995,1,2,1,0,0,"other",0,1,5
"B175","1995-02",14,1995,2,3,6,0,0,"other",0,1,6
"B175","1995-03",15,1995,3,2,3,0,0,"other",0,1,7
"B175","1995-04",16,1995,4,4,1,0,0,"other",0,1,8
"B175","1995-05",17,1995,5,2,4,0,0,"other",0,1,9
"B175","1995-06",18,1995,6,2,4,0,0,"other",0,1,10
"B176","1994-01",1,1994,1,0,3,0,0,"other",0,0,-7
"B176","1994-02",2,1994,2,5,0,0,0,"other",0,0,-6
"B176","1994-03",3,1994,3,2,3,0,0,"other",0,0,-5
"B176","1994-04",4,1994,4,3,1,0,0,"other",0,0,-4
"B176","1994-05",5,1994,5,2,2,0,0,"other",0,0,-3
"B176","1994-06",6,1994,6,1,2,0,0,"other",0,0,-2
"B176","1994-07",7,1994,7,3,1,0,0,"other",0,0,-1
"B176","1994-08",8,1994,8,2,1,0,0,"other",0,1,0
"B176","1994-09",9,1994,9,3,1,0,0,"other",0,1,1
"B176","1994-10",10,1994,10,2,1,0,0,"other",0,1,2
"B176","1994-11",11,1994,11,3,2,0,0,"other",0,1,3
"B176","1994-12",12,1994,12,6,3,0,0,"other",0,1,4
"B176","1995-01",13,1995,1,1,1,0,0,"other",0,1,5
"B176","1995-02",14,1995,2,4,1,0,0,"other",0,1,6
"B176","1995-03",15,1995,3,0,2,0,0,"other",0,1,7
"B176","1995-04",16,1995,4,1,2,0,0,"other",0,1,8
"B176","1995-05",17,1995,5,2,0,0,0,"other",0,1,9
"B176","1995-06",18,1995,6,2,2,0,0,"other",0,1,10
"B177","1994-01",1,1994,1,2,4,0,0,"other",0,0,-7
"B177","1994-02",2,1994,2,4,1,0,0,"other",0,0,-6
"B177","1994-03",3,1994,3,1,1,0,0,"other",0,0,-5
"B177","1994-04",4,1994,4,3,0,0,0,"other",0,0,-4
"B177","1994-05",5,1994,5,2,1,0,0,"other",0,0,-3
"B177","1994-06",6,1994,6,1,3,0,0,"other",0,0,-2
"B177","1994-07",7,1994,7,1,0,0,0,"other",0,0,-1
"B177","1994-08",8,1994,8,0,0,0,0,"other",0,1,0
"B177","1994-09",9,1994,9,5,2,0,0,"other",0,1,1
"B177","1994-10",10,1994,10,3,0,0,0,"other",0,1,2
"B177","1994-11",11,1994,11,1,0,0,0,"other",0,1,3
"B177","1994-12",12,1994,12,2,1,0,0,"other",0,1,4
"B177","1995-01",13,1995,1,1,1,0,0,"other",0,1,5
"B177","1995-02",14,1995,2,1,2,0,0,"other",0,1,6
"B177","1995-03",15,1995,3,5,2,0,0,"other",0,1,7
"B177","1995-04",16,1995,4,1,1,0,0,"other",0,1,8
"B177","1995-05",17,1995,5,3,1,0,0,"other",0,1,9
"B177","1995-06",18,1995,6,2,0,0,0,"other",0,1,10
"B178","1994-01",1,1994,1,2,2,0,0,"other",1,0,-7
"B178","1994-02",2,1994,2,3,2,0,0,"other",1,0,-6
"B178","1994-03",3,1994,3,1,2,0,0,"other",1,0,-5
"B178","1994-04",4,1994,4,4,1,0,0,"other",1,0,-4
"B178","1994-05",5,1994,5,3,2,0,0,"other",1,0,-3
"B178","1994-06",6,1994,6,3,2,0,0,"other",1,0,-2
"B178","1994-07",7,1994,7,3,1,0,0,"other",1,0,-1
"B178","1994-08",8,1994,8,2,3,0,0,"other",1,1,0
"B178","1994-09",9,1994,9,3,5,0,0,"other",1,1,1
"B178","1994-10",10,1994,10,2,4,0,0,"other",1,1,2
"B178","1994-11",11,1994,11,4,2,0,0,"other",1,1,3
"B178","1994-12",12,1994,12,2,0,0,0,"other",1,1,4
"B178","1995-01",13,1995,1,4,1,0,0,"other",1,1,5
"B178","1995-02",14,1995,2,6,2,0,0,"other",1,1,6
"B178","1995-03",15,1995,3,12,3,0,0,"other",1,1,7
"B178","1995-04",16,1995,4,5,1,0,0,"other",1,1,8
"B178","1995-05",17,1995,5,2,0,0,0,"other",1,1,9
"B178","1995-06",18,1995,6,2,2,0,0,"other",1,1,10
"B179","1994-01",1,1994,1,6,3,0,0,"other",1,0,-7
"B179","1994-02",2,1994,2,3,2,0,0,"other",1,0,-6
"B179","1994-03",3,1994,3,3,1,0,0,"other",1,0,-5
"B179","1994-04",4,1994,4,3,2,0,0,"other",1,0,-4
"B179","1994-05",5,1994,5,3,2,0,0,"other",1,0,-3
"B179","1994-06",6,1994,6,2,2,0,0,"other",1,0,-2
"B179","1994-07",7,1994,7,5,2,0,0,"other",1,0,-1
"B179","1994-08",8,1994,8,0,2,0,0,"other",1,1,0
"B179","1994-09",9,1994,9,2,1,0,0,"other",1,1,1
"B179","1994-10",10,1994,10,2,4,0,0,"other",1,1,2
"B179","1994-11",11,1994,11,0,1,0,0,"other",1,1,3
"B179","1994-12",12,1994,12,5,3,0,0,"other",1,1,4
"B179","1995-01",13,1995,1,2,4,0,0,"other",1,1,5
"B179","1995-02",14,1995,2,1,1,0,0,"other",1,1,6
"B179","1995-03",15,1995,3,1,0,0,0,"other",1,1,7
"B179","1995-04",16,1995,4,1,3,0,0,"other",1,1,8
"B179","1995-05",17,1995,5,2,1,0,0,"other",1,1,9
"B179","1995-06",18,1995,6,2,3,0,0,"other",1,1,10
"B180","1994-01",1,1994,1,2,2,0,0,"other",0,0,-7
"B180","1994-02",2,1994,2,5,1,0,0,"other",0,0,-6
"B180","1994-03",3,1994,3,1,1,0,0,"other",0,0,-5
"B180","1994-04",4,1994,4,4,4,0,0,"other",0,0,-4
"B180","1994-05",5,1994,5,4,3,0,0,"other",0,0,-3
"B180","1994-06",6,1994,6,1,1,0,0,"other",0,0,-2
"B180","1994-07",7,1994,7,0,0,0,0,"other",0,0,-1
"B180","1994-08",8,1994,8,3,3,0,0,"other",0,1,0
"B180","1994-09",9,1994,9,2,1,0,0,"other",0,1,1
"B180","1994-10",10,1994,10,1,1,0,0,"other",0,1,2
"B180","1994-11",11,1994,11,4,2,0,0,"other",0,1,3
"B180","1994-12",12,1994,12,3,1,0,0,"other",0,1,4
"B180","1995-01",13,1995,1,1,2,0,0,"other",0,1,5
"B180","1995-02",14,1995,2,0,2,0,0,"other",0,1,6
"B180","1995-03",15,1995,3,5,2,0,0,"other",0,1,7
"B180","1995-04",16,1995,4,0,0,0,0,"other",0,1,8
"B180","1995-05",17,1995,5,2,1,0,0,"other",0,1,9
"B180","1995-06",18,1995,6,3,2,0,0,"other",0,1,10
"B181","1994-01",1,1994,1,4,2,0,0,"other",1,0,-7
"B181","1994-02",2,1994,2,2,1,0,0,"other",1,0,-6
"B181","1994-03",3,1994,3,2,5,0,0,"other",1,0,-5
"B181","1994-04",4,1994,4,4,2,0,0,"other",1,0,-4
"B181","1994-05",5,1994,5,6,0,0,0,"other",1,0,-3
"B181","1994-06",6,1994,6,0,0,0,0,"other",1,0,-2
"B181","1994-07",7,1994,7,2,1,0,0,"other",1,0,-1
"B181","1994-08",8,1994,8,5,1,0,0,"other",1,1,0
"B181","1994-09",9,1994,9,2,1,0,0,"other",1,1,1
"B181","1994-10",10,1994,10,4,5,0,0,"other",1,1,2
"B181","1994-11",11,1994,11,1,1,0,0,"other",1,1,3
"B181","1994-12",12,1994,12,3,2,0,0,"other",1,1,4
"B181","1995-01",13,1995,1,4,0,0,0,"other",1,1,5
"B181","1995-02",14,1995,2,3,0,0,0,"other",1,1,6
"B181","1995-03",15,1995,3,1,2,0,0,"other",1,1,7
"B181","1995-04",16,1995,4,4,0,0,0,"other",1,1,8
"B181","1995-05",17,1995,5,4,1,0,0,"other",1,1,9
"B181","1995-06",18,1995,6,3,6,0,0,"other",1,1,10
"B182","1994-01",1,1994,1,2,1,0,0,"other",1,0,-7
"B182","1994-02",2,1994,2,3,2,0,0,"other",1,0,-6
"B182","1994-03",3,1994,3,4,3,0,0,"other",1,0,-5
"B182","1994-04",4,1994,4,2,2,0,0,"other",1,0,-4
"B182","1994-05",5,1994,5,2,1,0,0,"other",1,0,-3
"B182","1994-06",6,1994,6,3,0,0,0,"other",1,0,-2
"B182","1994-07",7,1994,7,1,2,0,0,"other",1,0,-1
"B182","1994-08",8,1994,8,4,4,0,0,"other",1,1,0
"B182","1994-09",9,1994,9,3,1,0,0,"other",1,1,1
"B182","1994-10",10,1994,10,7,3,0,0,"other",1,1,2
"B182","1994-11",11,1994,11,2,1,0,0,"other",1,1,3
"B182","1994-12",12,1994,12,5,0,0,0,"other",1,1,4
"B182","1995-01",13,1995,1,3,1,0,0,"other",1,1,5
"B182","1995-02",14,1995,2,2,1,0,0,"other",1,1,6
"B182","1995-03",15,1995,3,4,3,0,0,"other",1,1,7
"B182","1995-04",16,1995,4,5,3,0,0,"other",1,1,8
"B182","1995-05",17,1995,5,0,2,0,0,"other",1,1,9
"B182","1995-06",18,1995,6,3,1,0,0,"other",1,1,10
"B183","1994-01",1,1994,1,1,2,0,0,"other",0,0,-7
"B183","1994-02",2,1994,2,1,0,0,0,"other",0,0,-6
"B183","1994-03",3,1994,3,3,1,0,0,"other",0,0,-5
"B183","1994-04",4,1994,4,3,1,0,0,"other",0,0,-4
"B183","1994-05",5,1994,5,4,0,0,0,"other",0,0,-3
"B183","1994-06",6,1994,6,1,1,0,0,"other",0,0,-2
"B183","1994-07",7,1994,7,2,1,0,0,"other",0,0,-1
"B183","1994-08",8,1994,8,1,0,0,0,"other",0,1,0
"B183","1994-09",9,1994,9,1,0,0,0,"other",0,1,1
"B183","1994-10",10,1994,10,2,1,0,0,"other",0,1,2
"B183","1994-11",11,1994,11,1,2,0,0,"other",0,1,3
"B183","1994-12",12,1994,12,2,2,0,0,"other",0,1,4
"B183","1995-01",13,1995,1,1,0,0,0,"other",0,1,5
"B183","1995-02",14,1995,2,2,0,0,0,"other",0,1,6
"B183","1995-03",15,1995,3,2,0,0,0,"other",0,1,7
"B183","1995-04",16,1995,4,2,0,0,0,"other",0,1,8
"B183","1995-05",17,1995,5,0,3,0,0,"other",0,1,9
"B183","1995-06",18,1995,6,4,0,0,0,"other",0,1,10
"B184","1994-01",1,1994,1,3,1,0,0,"other",0,0,-7
"B184","1994-02",2,1994,2,1,0,0,0,"other",0,0,-6
"B184","1994-03",3,1994,3,4,1,0,0,"other",0,0,-5
"B184","1994-04",4,1994,4,1,1,0,0,"other",0,0,-4
"B184","1994-05",5,1994,5,1,0,0,0,"other",0,0,-3
"B184","1994-06",6,1994,6,2,3,0,0,"other",0,0,-2
"B184","1994-07",7,1994,7,1,0,0,0,"other",0,0,-1
"B184","1994-08",8,1994,8,0,0,0,0,"other",0,1,0
"B184","1994-09",9,1994,9,2,1,0,0,"other",0,1,1
"B184","1994-10",10,1994,10,4,1,0,0,"other",0,1,2
"B184","1994-11",11,1994,11,4,0,0,0,"other",0,1,3
"B184","1994-12",12,1994,12,3,3,0,0,"other",0,1,4
"B184","1995-01",13,1995,1,1,1,0,0,"other",0,1,5
"B184","1995-02",14,1995,2,5,2,0,0,"other",0,1,6
"B184","1995-03",15,1995,3,2,5,0,0,"other",0,1,7
"B184","1995-04",16,1995,4,1,2,0,0,"other",0,1,8
"B184","1995-05",17,1995,5,3,0,0,0,"other",0,1,9
"B184","1995-06",18,1995,6,3,4,0,0,"other",0,1,10
"B185","1994-01",1,1994,1,0,0,0,0,"other",0,0,-7
"B185","1994-02",2,1994,2,2,3,0,0,"other",0,0,-6
"B185","1994-03",3,1994,3,4,2,0,0,"other",0,0,-5
"B185","1994-04",4,1994,4,4,1,0,0,"other",0,0,-4
"B185","1994-05",5,1994,5,2,1,0,0,"other",0,0,-3
"B185","1994-06",6,1994,6,1,0,0,0,"other",0,0,-2
"B185","1994-07",7,1994,7,2,1,0,0,"other",0,0,-1
"B185","1994-08",8,1994,8,0,0,0,0,"other",0,1,0
"B185","1994-09",9,1994,9,3,1,0,0,"other",0,1,1
"B185","1994-10",10,1994,10,1,1,0,0,"other",0,1,2
"B185","1994-11",11,1994,11,0,1,0,0,"other",0,1,3
"B185","1994-12",12,1994,12,2,3,0,0,"other",0,1,4
"B185","1995-01",13,1995,1,1,1,0,0,"other",0,1,5
"B185","1995-02",14,1995,2,3,1,0,0,"other",0,1,6
"B185","1995-03",15,1995,3,2,2,0,0,"other",0,1,7
"B185","1995-04",16,1995,4,2,2,0,0,"other",0,1,8
"B185","1995-05",17,1995,5,2,1,0,0,"other",0,1,9
"B185","1995-06",18,1995,6,4,2,0,0,"other",0,1,10
"B186","1994-01",1,1994,1,2,2,0,0,"other",0,0,-7
"B186","1994-02",2,1994,2,5,1,0,0,"other",0,0,-6
"B186","1994-03",3,1994,3,2,4,0,0,"other",0,0,-5
"B186","1994-04",4,1994,4,2,0,0,0,"other",0,0,-4
"B186","1994-05",5,1994,5,5,0,0,0,"other",0,0,-3
"B186","1994-06",6,1994,6,3,0,0,0,"other",0,0,-2
"B186","1994-07",7,1994,7,4,1,0,0,"other",0,0,-1
"B186","1994-08",8,1994,8,3,4,0,0,"other",0,1,0
"B186","1994-09",9,1994,9,3,1,0,0,"other",0,1,1
"B186","1994-10",10,1994,10,8,0,0,0,"other",0,1,2
"B186","1994-11",11,1994,11,1,1,0,0,"other",0,1,3
"B186","1994-12",12,1994,12,3,0,0,0,"other",0,1,4
"B186","1995-01",13,1995,1,5,0,0,0,"other",0,1,5
"B186","1995-02",14,1995,2,2,1,0,0,"other",0,1,6
"B186","1995-03",15,1995,3,1,1,0,0,"other",0,1,7
"B186","1995-04",16,1995,4,3,0,0,0,"other",0,1,8
"B186","1995-05",17,1995,5,2,1,0,0,"other",0,1,9
"B186","1995-06",18,1995,6,2,0,0,0,"other",0,1,10
"B187","1994-01",1,1994,1,8,2,0,0,"other",1,0,-7
"B187","1994-02",2,1994,2,2,1,0,0,"other",1,0,-6
"B187","1994-03",3,1994,3,2,0,0,0,"other",1,0,-5
"B187","1994-04",4,1994,4,3,2,0,0,"other",1,0,-4
"B187","1994-05",5,1994,5,3,3,0,0,"other",1,0,-3
"B187","1994-06",6,1994,6,3,1,0,0,"other",1,0,-2
"B187","1994-07",7,1994,7,3,1,0,0,"other",1,0,-1
"B187","1994-08",8,1994,8,0,0,0,0,"other",1,1,0
"B187","1994-09",9,1994,9,2,3,0,0,"other",1,1,1
"B187","1994-10",10,1994,10,4,3,0,0,"other",1,1,2
"B187","1994-11",11,1994,11,1,1,0,0,"other",1,1,3
"B187","1994-12",12,1994,12,3,1,0,0,"other",1,1,4
"B187","1995-01",13,1995,1,5,3,0,0,"other",1,1,5
"B187","1995-02",14,1995,2,0,3,0,0,"other",1,1,6
"B187","1995-03",15,1995,3,4,1,0,0,"other",1,1,7
"B187","1995-04",16,1995,4,2,3,0,0,"other",1,1,8
"B187","1995-05",17,1995,5,3,0,0,0,"other",1,1,9
"B187","1995-06",18,1995,6,1,2,0,0,"other",1,1,10
"B188","1994-01",1,1994,1,4,0,0,0,"other",1,0,-7
"B188","1994-02",2,1994,2,2,1,0,0,"other",1,0,-6
"B188","1994-03",3,1994,3,2,2,0,0,"other",1,0,-5
"B188","1994-04",4,1994,4,5,5,0,0,"other",1,0,-4
"B188","1994-05",5,1994,5,2,0,0,0,"other",1,0,-3
"B188","1994-06",6,1994,6,3,0,0,0,"other",1,0,-2
"B188","1994-07",7,1994,7,0,1,0,0,"other",1,0,-1
"B188","1994-08",8,1994,8,0,1,0,0,"other",1,1,0
"B188","1994-09",9,1994,9,0,1,0,0,"other",1,1,1
"B188","1994-10",10,1994,10,2,1,0,0,"other",1,1,2
"B188","1994-11",11,1994,11,5,2,0,0,"other",1,1,3
"B188","1994-12",12,1994,12,2,3,0,0,"other",1,1,4
"B188","1995-01",13,1995,1,0,0,0,0,"other",1,1,5
"B188","1995-02",14,1995,2,4,3,0,0,"other",1,1,6
"B188","1995-03",15,1995,3,3,0,0,0,"other",1,1,7
"B188","1995-04",16,1995,4,0,0,0,0,"other",1,1,8
"B188","1995-05",17,1995,5,1,2,0,0,"other",1,1,9
"B188","1995-06",18,1995,6,3,0,0,0,"other",1,1,10
"B189","1994-01",1,1994,1,3,1,0,0,"other",1,0,-7
"B189","1994-02",2,1994,2,4,2,0,0,"other",1,0,-6
"B189","1994-03",3,1994,3,1,2,0,0,"other",1,0,-5
"B189","1994-04",4,1994,4,9,1,0,0,"other",1,0,-4
"B189","1994-05",5,1994,5,3,3,0,0,"other",1,0,-3
"B189","1994-06",6,1994,6,4,1,0,0,"other",1,0,-2
"B189","1994-07",7,1994,7,3,4,0,0,"other",1,0,-1
"B189","1994-08",8,1994,8,2,3,0,0,"other",1,1,0
"B189","1994-09",9,1994,9,1,0,0,0,"other",1,1,1
"B189","1994-10",10,1994,10,1,1,0,0,"other",1,1,2
"B189","1994-11",11,1994,11,3,2,0,0,"other",1,1,3
"B189","1994-12",12,1994,12,1,2,0,0,"other",1,1,4
"B189","1995-01",13,1995,1,0,6,0,0,"other",1,1,5
"B189","1995-02",14,1995,2,5,3,0,0,"other",1,1,6
"B189","1995-03",15,1995,3,2,1,0,0,"other",1,1,7
"B189","1995-04",16,1995,4,3,1,0,0,"other",1,1,8
"B189","1995-05",17,1995,5,1,1,0,0,"other",1,1,9
"B189","1995-06",18,1995,6,3,2,0,0,"other",1,1,10
"B190","1994-01",1,1994,1,1,2,0,0,"other",0,0,-7
"B190","1994-02",2,1994,2,2,3,0,0,"other",0,0,-6
"B190","1994-03",3,1994,3,1,4,0,0,"other",0,0,-5
"B190","1994-04",4,1994,4,5,5,0,0,"other",0,0,-4
"B190","1994-05",5,1994,5,6,1,0,0,"other",0,0,-3
"B190","1994-06",6,1994,6,4,3,0,0,"other",0,0,-2
"B190","1994-07",7,1994,7,1,1,0,0,"other",0,0,-1
"B190","1994-08",8,1994,8,0,0,0,0,"other",0,1,0
"B190","1994-09",9,1994,9,3,2,0,0,"other",0,1,1
"B190","1994-10",10,1994,10,1,2,0,0,"other",0,1,2
"B190","1994-11",11,1994,11,4,2,0,0,"other",0,1,3
"B190","1994-12",12,1994,12,1,1,0,0,"other",0,1,4
"B190","1995-01",13,1995,1,0,3,0,0,"other",0,1,5
"B190","1995-02",14,1995,2,5,1,0,0,"other",0,1,6
"B190","1995-03",15,1995,3,1,1,0,0,"other",0,1,7
"B190","1995-04",16,1995,4,2,0,0,0,"other",0,1,8
"B190","1995-05",17,1995,5,4,0,0,0,"other",0,1,9
"B190","1995-06",18,1995,6,0,0,0,0,"other",0,1,10
"B191","1994-01",1,1994,1,0,0,0,0,"other",0,0,-7
"B191","1994-02",2,1994,2,2,2,0,0,"other",0,0,-6
"B191","1994-03",3,1994,3,1,3,0,0,"other",0,0,-5
"B191","1994-04",4,1994,4,2,2,0,0,"other",0,0,-4
"B191","1994-05",5,1994,5,0,2,0,0,"other",0,0,-3
"B191","1994-06",6,1994,6,2,0,0,0,"other",0,0,-2
"B191","1994-07",7,1994,7,1,1,0,0,"other",0,0,-1
"B191","1994-08",8,1994,8,5,2,0,0,"other",0,1,0
"B191","1994-09",9,1994,9,3,2,0,0,"other",0,1,1
"B191","1994-10",10,1994,10,0,2,0,0,"other",0,1,2
"B191","1994-11",11,1994,11,3,1,0,0,"other",0,1,3
"B191","1994-12",12,1994,12,1,0,0,0,"other",0,1,4
"B191","1995-01",13,1995,1,2,0,0,0,"other",0,1,5
"B191","1995-02",14,1995,2,4,2,0,0,"other",0,1,6
"B191","1995-03",15,1995,3,4,2,0,0,"other",0,1,7
"B191","1995-04",16,1995,4,4,1,0,0,"other",0,1,8
"B191","1995-05",17,1995,5,4,1,0,0,"other",0,1,9
"B191","1995-06",18,1995,6,7,2,0,0,"other",0,1,10
"B192","1994-01",1,1994,1,7,2,0,0,"other",0,0,-7
"B192","1994-02",2,1994,2,2,1,0,0,"other",0,0,-6
"B192","1994-03",3,1994,3,5,4,0,0,"other",0,0,-5
"B192","1994-04",4,1994,4,2,1,0,0,"other",0,0,-4
"B192","1994-05",5,1994,5,6,1,0,0,"other",0,0,-3
"B192","1994-06",6,1994,6,1,3,0,0,"other",0,0,-2
"B192","1994-07",7,1994,7,3,1,0,0,"other",0,0,-1
"B192","1994-08",8,1994,8,1,2,0,0,"other",0,1,0
"B192","1994-09",9,1994,9,2,3,0,0,"other",0,1,1
"B192","1994-10",10,1994,10,0,2,0,0,"other",0,1,2
"B192","1994-11",11,1994,11,2,3,0,0,"other",0,1,3
"B192","1994-12",12,1994,12,4,0,0,0,"other",0,1,4
"B192","1995-01",13,1995,1,1,1,0,0,"other",0,1,5
"B192","1995-02",14,1995,2,2,1,0,0,"other",0,1,6
"B192","1995-03",15,1995,3,3,2,0,0,"other",0,1,7
"B192","1995-04",16,1995,4,3,1,0,0,"other",0,1,8
"B192","1995-05",17,1995,5,2,0,0,0,"other",0,1,9
"B192","1995-06",18,1995,6,3,1,0,0,"other",0,1,10
"B193","1994-01",1,1994,1,1,2,0,0,"other",1,0,-7
"B193","1994-02",2,1994,2,1,1,0,0,"other",1,0,-6
"B193","1994-03",3,1994,3,2,5,0,0,"other",1,0,-5
"B193","1994-04",4,1994,4,5,4,0,0,"other",1,0,-4
"B193","1994-05",5,1994,5,3,0,0,0,"other",1,0,-3
"B193","1994-06",6,1994,6,0,4,0,0,"other",1,0,-2
"B193","1994-07",7,1994,7,3,1,0,0,"other",1,0,-1
"B193","1994-08",8,1994,8,5,1,0,0,"other",1,1,0
"B193","1994-09",9,1994,9,3,1,0,0,"other",1,1,1
"B193","1994-10",10,1994,10,2,1,0,0,"other",1,1,2
"B193","1994-11",11,1994,11,2,0,0,0,"other",1,1,3
"B193","1994-12",12,1994,12,1,0,0,0,"other",1,1,4
"B193","1995-01",13,1995,1,3,0,0,0,"other",1,1,5
"B193","1995-02",14,1995,2,3,0,0,0,"other",1,1,6
"B193","1995-03",15,1995,3,4,3,0,0,"other",1,1,7
"B193","1995-04",16,1995,4,3,2,0,0,"other",1,1,8
"B193","1995-05",17,1995,5,3,0,0,0,"other",1,1,9
"B193","1995-06",18,1995,6,1,0,0,0,"other",1,1,10
"B194","1994-01",1,1994,1,3,4,0,0,"other",0,0,-7
"B194","1994-02",2,1994,2,3,1,0,0,"other",0,0,-6
"B194","1994-03",3,1994,3,4,1,0,0,"other",0,0,-5
"B194","1994-04",4,1994,4,7,3,0,0,"other",0,0,-4
"B194","1994-05",5,1994,5,4,2,0,0,"other",0,0,-3
"B194","1994-06",6,1994,6,3,0,0,0,"other",0,0,-2
"B194","1994-07",7,1994,7,2,1,0,0,"other",0,0,-1
"B194","1994-08",8,1994,8,0,1,0,0,"other",0,1,0
"B194","1994-09",9,1994,9,4,4,0,0,"other",0,1,1
"B194","1994-10",10,1994,10,2,1,0,0,"other",0,1,2
"B194","1994-11",11,1994,11,1,1,0,0,"other",0,1,3
"B194","1994-12",12,1994,12,2,0,0,0,"other",0,1,4
"B194","1995-01",13,1995,1,1,2,0,0,"other",0,1,5
"B194","1995-02",14,1995,2,1,0,0,0,"other",0,1,6
"B194","1995-03",15,1995,3,3,0,0,0,"other",0,1,7
"B194","1995-04",16,1995,4,0,2,0,0,"other",0,1,8
"B194","1995-05",17,1995,5,5,1,0,0,"other",0,1,9
"B194","1995-06",18,1995,6,1,0,0,0,"other",0,1,10
"B195","1994-01",1,1994,1,0,3,0,0,"other",1,0,-7
"B195","1994-02",2,1994,2,1,1,0,0,"other",1,0,-6
"B195","1994-03",3,1994,3,4,0,0,0,"other",1,0,-5
"B195","1994-04",4,1994,4,2,2,0,0,"other",1,0,-4
"B195","1994-05",5,1994,5,1,0,0,0,"other",1,0,-3
"B195","1994-06",6,1994,6,2,0,0,0,"other",1,0,-2
"B195","1994-07",7,1994,7,1,0,0,0,"other",1,0,-1
"B195","1994-08",8,1994,8,4,0,0,0,"other",1,1,0
"B195","1994-09",9,1994,9,2,0,0,0,"other",1,1,1
"B195","1994-10",10,1994,10,0,1,0,0,"other",1,1,2
"B195","1994-11",11,1994,11,2,1,0,0,"other",1,1,3
"B195","1994-12",12,1994,12,2,3,0,0,"other",1,1,4
"B195","1995-01",13,1995,1,0,4,0,0,"other",1,1,5
"B195","1995-02",14,1995,2,3,3,0,0,"other",1,1,6
"B195","1995-03",15,1995,3,2,1,0,0,"other",1,1,7
"B195","1995-04",16,1995,4,5,0,0,0,"other",1,1,8
"B195","1995-05",17,1995,5,1,1,0,0,"other",1,1,9
"B195","1995-06",18,1995,6,1,1,0,0,"other",1,1,10
"B196","1994-01",1,1994,1,1,2,0,0,"other",1,0,-7
"B196","1994-02",2,1994,2,5,1,0,0,"other",1,0,-6
"B196","1994-03",3,1994,3,2,2,0,0,"other",1,0,-5
"B196","1994-04",4,1994,4,1,1,0,0,"other",1,0,-4
"B196","1994-05",5,1994,5,2,5,0,0,"other",1,0,-3
"B196","1994-06",6,1994,6,1,3,0,0,"other",1,0,-2
"B196","1994-07",7,1994,7,1,3,0,0,"other",1,0,-1
"B196","1994-08",8,1994,8,1,2,0,0,"other",1,1,0
"B196","1994-09",9,1994,9,1,1,0,0,"other",1,1,1
"B196","1994-10",10,1994,10,1,2,0,0,"other",1,1,2
"B196","1994-11",11,1994,11,2,2,0,0,"other",1,1,3
"B196","1994-12",12,1994,12,1,2,0,0,"other",1,1,4
"B196","1995-01",13,1995,1,2,1,0,0,"other",1,1,5
"B196","1995-02",14,1995,2,1,2,0,0,"other",1,1,6
"B196","1995-03",15,1995,3,5,2,0,0,"other",1,1,7
"B196","1995-04",16,1995,4,4,0,0,0,"other",1,1,8
"B196","1995-05",17,1995,5,4,2,0,0,"other",1,1,9
"B196","1995-06",18,1995,6,2,1,0,0,"other",1,1,10
"B197","1994-01",1,1994,1,1,2,0,0,"other",0,0,-7
"B197","1994-02",2,1994,2,2,1,0,0,"other",0,0,-6
"B197","1994-03",3,1994,3,5,0,0,0,"other",0,0,-5
"B197","1994-04",4,1994,4,1,3,0,0,"other",0,0,-4
"B197","1994-05",5,1994,5,6,0,0,0,"other",0,0,-3
"B197","1994-06",6,1994,6,3,0,0,0,"other",0,0,-2
"B197","1994-07",7,1994,7,4,2,0,0,"other",0,0,-1
"B197","1994-08",8,1994,8,4,0,0,0,"other",0,1,0
"B197","1994-09",9,1994,9,2,1,0,0,"other",0,1,1
"B197","1994-10",10,1994,10,5,1,0,0,"other",0,1,2
"B197","1994-11",11,1994,11,4,5,0,0,"other",0,1,3
"B197","1994-12",12,1994,12,7,0,0,0,"other",0,1,4
"B197","1995-01",13,1995,1,2,0,0,0,"other",0,1,5
"B197","1995-02",14,1995,2,2,1,0,0,"other",0,1,6
"B197","1995-03",15,1995,3,1,2,0,0,"other",0,1,7
"B197","1995-04",16,1995,4,5,0,0,0,"other",0,1,8
"B197","1995-05",17,1995,5,5,1,0,0,"other",0,1,9
"B197","1995-06",18,1995,6,0,1,0,0,"other",0,1,10
"B198","1994-01",1,1994,1,5,2,0,0,"other",0,0,-7
"B198","1994-02",2,1994,2,4,1,0,0,"other",0,0,-6
"B198","1994-03",3,1994,3,1,0,0,0,"other",0,0,-5
"B198","1994-04",4,1994,4,4,0,0,0,"other",0,0,-4
"B198","1994-05",5,1994,5,5,5,0,0,"other",0,0,-3
"B198","1994-06",6,1994,6,5,2,0,0,"other",0,0,-2
"B198","1994-07",7,1994,7,3,1,0,0,"other",0,0,-1
"B198","1994-08",8,1994,8,6,1,0,0,"other",0,1,0
"B198","1994-09",9,1994,9,2,0,0,0,"other",0,1,1
"B198","1994-10",10,1994,10,0,3,0,0,"other",0,1,2
"B198","1994-11",11,1994,11,2,0,0,0,"other",0,1,3
"B198","1994-12",12,1994,12,3,2,0,0,"other",0,1,4
"B198","1995-01",13,1995,1,5,1,0,0,"other",0,1,5
"B198","1995-02",14,1995,2,2,1,0,0,"other",0,1,6
"B198","1995-03",15,1995,3,6,0,0,0,"other",0,1,7
"B198","1995-04",16,1995,4,3,1,0,0,"other",0,1,8
"B198","1995-05",17,1995,5,4,2,0,0,"other",0,1,9
"B198","1995-06",18,1995,6,2,2,0,0,"other",0,1,10
"B199","1994-01",1,1994,1,1,1,0,0,"other",0,0,-7
"B199","1994-02",2,1994,2,0,1,0,0,"other",0,0,-6
"B199","1994-03",3,1994,3,1,0,0,0,"other",0,0,-5
"B199","1994-04",4,1994,4,1,0,0,0,"other",0,0,-4
"B199","1994-05",5,1994,5,2,1,0,0,"other",0,0,-3
"B199","1994-06",6,1994,6,3,2,0,0,"other",0,0,-2
"B199","1994-07",7,1994,7,3,2,0,0,"other",0,0,-1
"B199","1994-08",8,1994,8,0,0,0,0,"other",0,1,0
"B199","1994-09",9,1994,9,1,0,0,0,"other",0,1,1
"B199","1994-10",10,1994,10,3,0,0,0,"other",0,1,2
"B199","1994-11",11,1994,11,2,0,0,0,"other",0,1,3
"B199","1994-12",12,1994,12,1,1,0,0,"other",0,1,4
"B199","1995-01",13,1995,1,0,2,0,0,"other",0,1,5
"B199","1995-02",14,1995,2,0,3,0,0,"other",0,1,6
"B199","1995-03",15,1995,3,1,2,0,0,"other",0,1,7
"B199","1995-04",16,1995,4,4,2,0,0,"other",0,1,8
"B199","1995-05",17,1995,5,1,0,0,0,"other",0,1,9
"B199","1995-06",18,1995,6,3,2,0,0,"other",0,1,10
"B200","1994-01",1,1994,1,3,0,0,0,"other",0,0,-7
"B200","1994-02",2,1994,2,1,0,0,0,"other",0,0,-6
"B200","1994-03",3,1994,3,2,2,0,0,"other",0,0,-5
"B200","1994-04",4,1994,4,3,1,0,0,"other",0,0,-4
"B200","1994-05",5,1994,5,1,0,0,0,"other",0,0,-3
"B200","1994-06",6,1994,6,2,1,0,0,"other",0,0,-2
"B200","1994-07",7,1994,7,2,1,0,0,"other",0,0,-1
"B200","1994-08",8,1994,8,0,0,0,0,"other",0,1,0
"B200","1994-09",9,1994,9,0,1,0,0,"other",0,1,1
"B200","1994-10",10,1994,10,4,0,0,0,"other",0,1,2
"B200","1994-11",11,1994,11,0,3,0,0,"other",0,1,3
"B200","1994-12",12,1994,12,3,0,0,0,"other",0,1,4
"B200","1995-01",13,1995,1,1,2,0,0,"other",0,1,5
"B200","1995-02",14,1995,2,4,1,0,0,"other",0,1,6
"B200","1995-03",15,1995,3,5,1,0,0,"other",0,1,7
"B200","1995-04",16,1995,4,3,0,0,0,"other",0,1,8
"B200","1995-05",17,1995,5,1,3,0,0,"other",0,1,9
"B200","1995-06",18,1995,6,4,3,0,0,"other",0,1,10
"B201","1994-01",1,1994,1,3,1,0,0,"other",0,0,-7
"B201","1994-02",2,1994,2,0,0,0,0,"other",0,0,-6
"B201","1994-03",3,1994,3,4,0,0,0,"other",0,0,-5
"B201","1994-04",4,1994,4,3,0,0,0,"other",0,0,-4
"B201","1994-05",5,1994,5,2,3,0,0,"other",0,0,-3
"B201","1994-06",6,1994,6,1,1,0,0,"other",0,0,-2
"B201","1994-07",7,1994,7,1,5,0,0,"other",0,0,-1
"B201","1994-08",8,1994,8,1,2,0,0,"other",0,1,0
"B201","1994-09",9,1994,9,4,4,0,0,"other",0,1,1
"B201","1994-10",10,1994,10,3,4,0,0,"other",0,1,2
"B201","1994-11",11,1994,11,5,3,0,0,"other",0,1,3
"B201","1994-12",12,1994,12,3,0,0,0,"other",0,1,4
"B201","1995-01",13,1995,1,4,0,0,0,"other",0,1,5
"B201","1995-02",14,1995,2,2,2,0,0,"other",0,1,6
"B201","1995-03",15,1995,3,2,0,0,0,"other",0,1,7
"B201","1995-04",16,1995,4,0,2,0,0,"other",0,1,8
"B201","1995-05",17,1995,5,3,2,0,0,"other",0,1,9
"B201","1995-06",18,1995,6,5,1,0,0,"other",0,1,10
"B202","1994-01",1,1994,1,0,2,0,0,"other",0,0,-7
"B202","1994-02",2,1994,2,4,0,0,0,"other",0,0,-6
"B202","1994-03",3,1994,3,4,1,0,0,"other",0,0,-5
"B202","1994-04",4,1994,4,4,1,0,0,"other",0,0,-4
"B202","1994-05",5,1994,5,2,3,0,0,"other",0,0,-3
"B202","1994-06",6,1994,6,1,0,0,0,"other",0,0,-2
"B202","1994-07",7,1994,7,4,2,0,0,"other",0,0,-1
"B202","1994-08",8,1994,8,3,1,0,0,"other",0,1,0
"B202","1994-09",9,1994,9,3,1,0,0,"other",0,1,1
"B202","1994-10",10,1994,10,5,5,0,0,"other",0,1,2
"B202","1994-11",11,1994,11,3,1,0,0,"other",0,1,3
"B202","1994-12",12,1994,12,3,1,0,0,"other",0,1,4
"B202","1995-01",13,1995,1,1,0,0,0,"other",0,1,5
"B202","1995-02",14,1995,2,5,1,0,0,"other",0,1,6
"B202","1995-03",15,1995,3,2,1,0,0,"other",0,1,7
"B202","1995-04",16,1995,4,2,2,0,0,"other",0,1,8
"B202","1995-05",17,1995,5,2,2,0,0,"other",0,1,9
"B202","1995-06",18,1995,6,2,3,0,0,"other",0,1,10
"B203","1994-01",1,1994,1,0,3,0,0,"other",0,0,-7
"B203","1994-02",2,1994,2,2,2,0,0,"other",0,0,-6
"B203","1994-03",3,1994,3,0,2,0,0,"other",0,0,-5
"B203","1994-04",4,1994,4,2,2,0,0,"other",0,0,-4
"B203","1994-05",5,1994,5,1,1,0,0,"other",0,0,-3
"B203","1994-06",6,1994,6,1,0,0,0,"other",0,0,-2
"B203","1994-07",7,1994,7,1,3,0,0,"other",0,0,-1
"B203","1994-08",8,1994,8,1,2,0,0,"other",0,1,0
"B203","1994-09",9,1994,9,0,1,0,0,"other",0,1,1
"B203","1994-10",10,1994,10,1,0,0,0,"other",0,1,2
"B203","1994-11",11,1994,11,1,1,0,0,"other",0,1,3
"B203","1994-12",12,1994,12,2,1,0,0,"other",0,1,4
"B203","1995-01",13,1995,1,1,2,0,0,"other",0,1,5
"B203","1995-02",14,1995,2,4,3,0,0,"other",0,1,6
"B203","1995-03",15,1995,3,0,4,0,0,"other",0,1,7
"B203","1995-04",16,1995,4,2,1,0,0,"other",0,1,8
"B203","1995-05",17,1995,5,3,1,0,0,"other",0,1,9
"B203","1995-06",18,1995,6,2,0,0,0,"other",0,1,10
"B204","1994-01",1,1994,1,3,1,0,0,"other",0,0,-7
"B204","1994-02",2,1994,2,5,1,0,0,"other",0,0,-6
"B204","1994-03",3,1994,3,0,2,0,0,"other",0,0,-5
"B204","1994-04",4,1994,4,2,1,0,0,"other",0,0,-4
"B204","1994-05",5,1994,5,0,3,0,0,"other",0,0,-3
"B204","1994-06",6,1994,6,3,0,0,0,"other",0,0,-2
"B204","1994-07",7,1994,7,2,2,0,0,"other",0,0,-1
"B204","1994-08",8,1994,8,2,1,0,0,"other",0,1,0
"B204","1994-09",9,1994,9,1,1,0,0,"other",0,1,1
"B204","1994-10",10,1994,10,2,0,0,0,"other",0,1,2
"B204","1994-11",11,1994,11,0,3,0,0,"other",0,1,3
"B204","1994-12",12,1994,12,0,1,0,0,"other",0,1,4
"B204","1995-01",13,1995,1,2,4,0,0,"other",0,1,5
"B204","1995-02",14,1995,2,1,1,0,0,"other",0,1,6
"B204","1995-03",15,1995,3,1,3,0,0,"other",0,1,7
"B204","1995-04",16,1995,4,3,2,0,0,"other",0,1,8
"B204","1995-05",17,1995,5,0,1,0,0,"other",0,1,9
"B204","1995-06",18,1995,6,5,1,0,0,"other",0,1,10
"B205","1994-01",1,1994,1,1,2,0,0,"other",0,0,-7
"B205","1994-02",2,1994,2,3,0,0,0,"other",0,0,-6
"B205","1994-03",3,1994,3,3,0,0,0,"other",0,0,-5
"B205","1994-04",4,1994,4,2,1,0,0,"other",0,0,-4
"B205","1994-05",5,1994,5,1,1,0,0,"other",0,0,-3
"B205","1994-06",6,1994,6,2,2,0,0,"other",0,0,-2
"B205","1994-07",7,1994,7,1,1,0,0,"other",0,0,-1
"B205","1994-08",8,1994,8,0,1,0,0,"other",0,1,0
"B205","1994-09",9,1994,9,2,0,0,0,"other",0,1,1
"B205","1994-10",10,1994,10,1,0,0,0,"other",0,1,2
"B205","1994-11",11,1994,11,2,0,0,0,"other",0,1,3
"B205","1994-12",12,1994,12,3,1,0,0,"other",0,1,4
"B205","1995-01",13,1995,1,2,2,0,0,"other",0,1,5
"B205","1995-02",14,1995,2,2,1,0,0,"other",0,1,6
"B205","1995-03",15,1995,3,4,1,0,0,"other",0,1,7
"B205","1995-04",16,1995,4,2,1,0,0,"other",0,1,8
"B205","1995-05",17,1995,5,4,0,0,0,"other",0,1,9
"B205","1995-06",18,1995,6,2,1,0,0,"other",0,1,10
"B206","1994-01",1,1994,1,1,0,0,0,"other",0,0,-7
"B206","1994-02",2,1994,2,4,3,0,0,"other",0,0,-6
"B206","1994-03",3,1994,3,2,3,0,0,"other",0,0,-5
"B206","1994-04",4,1994,4,5,0,0,0,"other",0,0,-4
"B206","1994-05",5,1994,5,1,8,0,0,"other",0,0,-3
"B206","1994-06",6,1994,6,1,1,0,0,"other",0,0,-2
"B206","1994-07",7,1994,7,6,1,0,0,"other",0,0,-1
"B206","1994-08",8,1994,8,4,2,0,0,"other",0,1,0
"B206","1994-09",9,1994,9,2,0,0,0,"other",0,1,1
"B206","1994-10",10,1994,10,3,1,0,0,"other",0,1,2
"B206","1994-11",11,1994,11,2,2,0,0,"other",0,1,3
"B206","1994-12",12,1994,12,0,3,0,0,"other",0,1,4
"B206","1995-01",13,1995,1,3,2,0,0,"other",0,1,5
"B206","1995-02",14,1995,2,1,2,0,0,"other",0,1,6
"B206","1995-03",15,1995,3,1,2,0,0,"other",0,1,7
"B206","1995-04",16,1995,4,2,3,0,0,"other",0,1,8
"B206","1995-05",17,1995,5,2,1,0,0,"other",0,1,9
"B206","1995-06",18,1995,6,2,3,0,0,"other",0,1,10
"B207","1994-01",1,1994,1,3,3,0,0,"other",1,0,-7
"B207","1994-02",2,1994,2,2,3,0,0,"other",1,0,-6
"B207","1994-03",3,1994,3,2,3,0,0,"other",1,0,-5
"B207","1994-04",4,1994,4,2,2,0,0,"other",1,0,-4
"B207","1994-05",5,1994,5,5,1,0,0,"other",1,0,-3
"B207","1994-06",6,1994,6,5,6,0,0,"other",1,0,-2
"B207","1994-07",7,1994,7,4,1,0,0,"other",1,0,-1
"B207","1994-08",8,1994,8,3,2,0,0,"other",1,1,0
"B207","1994-09",9,1994,9,2,1,0,0,"other",1,1,1
"B207","1994-10",10,1994,10,4,1,0,0,"other",1,1,2
"B207","1994-11",11,1994,11,3,1,0,0,"other",1,1,3
"B207","1994-12",12,1994,12,1,0,0,0,"other",1,1,4
"B207","1995-01",13,1995,1,5,1,0,0,"other",1,1,5
"B207","1995-02",14,1995,2,5,2,0,0,"other",1,1,6
"B207","1995-03",15,1995,3,3,1,0,0,"other",1,1,7
"B207","1995-04",16,1995,4,1,4,0,0,"other",1,1,8
"B207","1995-05",17,1995,5,1,4,0,0,"other",1,1,9
"B207","1995-06",18,1995,6,2,1,0,0,"other",1,1,10
"B208","1994-01",1,1994,1,2,0,0,0,"other",1,0,-7
"B208","1994-02",2,1994,2,1,3,0,0,"other",1,0,-6
"B208","1994-03",3,1994,3,4,0,0,0,"other",1,0,-5
"B208","1994-04",4,1994,4,4,3,0,0,"other",1,0,-4
"B208","1994-05",5,1994,5,3,3,0,0,"other",1,0,-3
"B208","1994-06",6,1994,6,3,1,0,0,"other",1,0,-2
"B208","1994-07",7,1994,7,2,4,0,0,"other",1,0,-1
"B208","1994-08",8,1994,8,4,2,0,0,"other",1,1,0
"B208","1994-09",9,1994,9,1,0,0,0,"other",1,1,1
"B208","1994-10",10,1994,10,4,1,0,0,"other",1,1,2
"B208","1994-11",11,1994,11,3,1,0,0,"other",1,1,3
"B208","1994-12",12,1994,12,5,0,0,0,"other",1,1,4
"B208","1995-01",13,1995,1,2,0,0,0,"other",1,1,5
"B208","1995-02",14,1995,2,2,4,0,0,"other",1,1,6
"B208","1995-03",15,1995,3,6,2,0,0,"other",1,1,7
"B208","1995-04",16,1995,4,2,0,0,0,"other",1,1,8
"B208","1995-05",17,1995,5,3,1,0,0,"other",1,1,9
"B208","1995-06",18,1995,6,3,0,0,0,"other",1,1,10
"B209","1994-01",1,1994,1,2,1,0,0,"other",1,0,-7
"B209","1994-02",2,1994,2,3,2,0,0,"other",1,0,-6
"B209","1994-03",3,1994,3,1,0,0,0,"other",1,0,-5
"B209","1994-04",4,1994,4,2,0,0,0,"other",1,0,-4
"B209","1994-05",5,1994,5,8,2,0,0,"other",1,0,-3
"B209","1994-06",6,1994,6,2,1,0,0,"other",1,0,-2
"B209","1994-07",7,1994,7,3,1,0,0,"other",1,0,-1
"B209","1994-08",8,1994,8,2,2,0,0,"other",1,1,0
"B209","1994-09",9,1994,9,2,1,0,0,"other",1,1,1
"B209","1994-10",10,1994,10,3,4,0,0,"other",1,1,2
"B209","1994-11",11,1994,11,2,0,0,0,"other",1,1,3
"B209","1994-12",12,1994,12,0,0,0,0,"other",1,1,4
"B209","1995-01",13,1995,1,0,0,0,0,"other",1,1,5
"B209","1995-02",14,1995,2,3,4,0,0,"other",1,1,6
"B209","1995-03",15,1995,3,3,1,0,0,"other",1,1,7
"B209","1995-04",16,1995,4,1,2,0,0,"other",1,1,8
"B209","1995-05",17,1995,5,4,5,0,0,"other",1,1,9
"B209","1995-06",18,1995,6,2,1,0,0,"other",1,1,10
"B210","1994-01",1,1994,1,1,0,0,0,"other",0,0,-7
"B210","1994-02",2,1994,2,3,1,0,0,"other",0,0,-6
"B210","1994-03",3,1994,3,2,0,0,0,"other",0,0,-5
"B210","1994-04",4,1994,4,0,1,0,0,"other",0,0,-4
"B210","1994-05",5,1994,5,1,1,0,0,"other",0,0,-3
"B210","1994-06",6,1994,6,2,0,0,0,"other",0,0,-2
"B210","1994-07",7,1994,7,1,0,0,0,"other",0,0,-1
"B210","1994-08",8,1994,8,2,3,0,0,"other",0,1,0
"B210","1994-09",9,1994,9,1,1,0,0,"other",0,1,1
"B210","1994-10",10,1994,10,3,2,0,0,"other",0,1,2
"B210","1994-11",11,1994,11,3,1,0,0,"other",0,1,3
"B210","1994-12",12,1994,12,3,0,0,0,"other",0,1,4
"B210","1995-01",13,1995,1,3,0,0,0,"other",0,1,5
"B210","1995-02",14,1995,2,2,2,0,0,"other",0,1,6
"B210","1995-03",15,1995,3,7,2,0,0,"other",0,1,7
"B210","1995-04",16,1995,4,0,0,0,0,"other",0,1,8
"B210","1995-05",17,1995,5,1,0,0,0,"other",0,1,9
"B210","1995-06",18,1995,6,2,2,0,0,"other",0,1,10
"B211","1994-01",1,1994,1,0,1,0,0,"other",0,0,-7
"B211","1994-02",2,1994,2,2,4,0,0,"other",0,0,-6
"B211","1994-03",3,1994,3,2,0,0,0,"other",0,0,-5
"B211","1994-04",4,1994,4,1,1,0,0,"other",0,0,-4
"B211","1994-05",5,1994,5,1,0,0,0,"other",0,0,-3
"B211","1994-06",6,1994,6,1,0,0,0,"other",0,0,-2
"B211","1994-07",7,1994,7,3,0,0,0,"other",0,0,-1
"B211","1994-08",8,1994,8,0,1,0,0,"other",0,1,0
"B211","1994-09",9,1994,9,1,3,0,0,"other",0,1,1
"B211","1994-10",10,1994,10,1,2,0,0,"other",0,1,2
"B211","1994-11",11,1994,11,3,3,0,0,"other",0,1,3
"B211","1994-12",12,1994,12,2,1,0,0,"other",0,1,4
"B211","1995-01",13,1995,1,3,0,0,0,"other",0,1,5
"B211","1995-02",14,1995,2,3,4,0,0,"other",0,1,6
"B211","1995-03",15,1995,3,3,2,0,0,"other",0,1,7
"B211","1995-04",16,1995,4,0,1,0,0,"other",0,1,8
"B211","1995-05",17,1995,5,1,2,0,0,"other",0,1,9
"B211","1995-06",18,1995,6,1,1,0,0,"other",0,1,10
"B212","1994-01",1,1994,1,3,2,0,0,"other",1,0,-7
"B212","1994-02",2,1994,2,2,0,0,0,"other",1,0,-6
"B212","1994-03",3,1994,3,3,3,0,0,"other",1,0,-5
"B212","1994-04",4,1994,4,2,2,0,0,"other",1,0,-4
"B212","1994-05",5,1994,5,4,1,0,0,"other",1,0,-3
"B212","1994-06",6,1994,6,4,2,0,0,"other",1,0,-2
"B212","1994-07",7,1994,7,4,2,0,0,"other",1,0,-1
"B212","1994-08",8,1994,8,3,2,0,0,"other",1,1,0
"B212","1994-09",9,1994,9,2,1,0,0,"other",1,1,1
"B212","1994-10",10,1994,10,0,1,0,0,"other",1,1,2
"B212","1994-11",11,1994,11,6,3,0,0,"other",1,1,3
"B212","1994-12",12,1994,12,2,3,0,0,"other",1,1,4
"B212","1995-01",13,1995,1,1,5,0,0,"other",1,1,5
"B212","1995-02",14,1995,2,1,3,0,0,"other",1,1,6
"B212","1995-03",15,1995,3,4,1,0,0,"other",1,1,7
"B212","1995-04",16,1995,4,5,1,0,0,"other",1,1,8
"B212","1995-05",17,1995,5,0,3,0,0,"other",1,1,9
"B212","1995-06",18,1995,6,2,0,0,0,"other",1,1,10
"B213","1994-01",1,1994,1,3,1,0,0,"other",1,0,-7
"B213","1994-02",2,1994,2,5,1,0,0,"other",1,0,-6
"B213","1994-03",3,1994,3,4,2,0,0,"other",1,0,-5
"B213","1994-04",4,1994,4,3,3,0,0,"other",1,0,-4
"B213","1994-05",5,1994,5,1,0,0,0,"other",1,0,-3
"B213","1994-06",6,1994,6,1,1,0,0,"other",1,0,-2
"B213","1994-07",7,1994,7,2,0,0,0,"other",1,0,-1
"B213","1994-08",8,1994,8,1,1,0,0,"other",1,1,0
"B213","1994-09",9,1994,9,3,1,0,0,"other",1,1,1
"B213","1994-10",10,1994,10,3,2,0,0,"other",1,1,2
"B213","1994-11",11,1994,11,1,2,0,0,"other",1,1,3
"B213","1994-12",12,1994,12,3,1,0,0,"other",1,1,4
"B213","1995-01",13,1995,1,4,1,0,0,"other",1,1,5
"B213","1995-02",14,1995,2,2,3,0,0,"other",1,1,6
"B213","1995-03",15,1995,3,1,1,0,0,"other",1,1,7
"B213","1995-04",16,1995,4,2,3,0,0,"other",1,1,8
"B213","1995-05",17,1995,5,2,1,0,0,"other",1,1,9
"B213","1995-06",18,1995,6,4,3,0,0,"other",1,1,10
"B214","1994-01",1,1994,1,2,0,0,0,"other",0,0,-7
"B214","1994-02",2,1994,2,2,1,0,0,"other",0,0,-6
"B214","1994-03",3,1994,3,2,3,0,0,"other",0,0,-5
"B214","1994-04",4,1994,4,2,0,0,0,"other",0,0,-4
"B214","1994-05",5,1994,5,1,0,0,0,"other",0,0,-3
"B214","1994-06",6,1994,6,2,1,0,0,"other",0,0,-2
"B214","1994-07",7,1994,7,1,0,0,0,"other",0,0,-1
"B214","1994-08",8,1994,8,2,1,0,0,"other",0,1,0
"B214","1994-09",9,1994,9,4,0,0,0,"other",0,1,1
"B214","1994-10",10,1994,10,2,1,0,0,"other",0,1,2
"B214","1994-11",11,1994,11,0,0,0,0,"other",0,1,3
"B214","1994-12",12,1994,12,0,2,0,0,"other",0,1,4
"B214","1995-01",13,1995,1,4,0,0,0,"other",0,1,5
"B214","1995-02",14,1995,2,2,1,0,0,"other",0,1,6
"B214","1995-03",15,1995,3,4,3,0,0,"other",0,1,7
"B214","1995-04",16,1995,4,0,0,0,0,"other",0,1,8
"B214","1995-05",17,1995,5,1,2,0,0,"other",0,1,9
"B214","1995-06",18,1995,6,0,2,0,0,"other",0,1,10
"B215","1994-01",1,1994,1,3,1,0,0,"other",1,0,-7
"B215","1994-02",2,1994,2,2,0,0,0,"other",1,0,-6
"B215","1994-03",3,1994,3,1,3,0,0,"other",1,0,-5
"B215","1994-04",4,1994,4,1,1,0,0,"other",1,0,-4
"B215","1994-05",5,1994,5,0,1,0,0,"other",1,0,-3
"B215","1994-06",6,1994,6,2,1,0,0,"other",1,0,-2
"B215","1994-07",7,1994,7,1,0,0,0,"other",1,0,-1
"B215","1994-08",8,1994,8,1,4,0,0,"other",1,1,0
"B215","1994-09",9,1994,9,2,1,0,0,"other",1,1,1
"B215","1994-10",10,1994,10,1,0,0,0,"other",1,1,2
"B215","1994-11",11,1994,11,2,1,0,0,"other",1,1,3
"B215","1994-12",12,1994,12,0,0,0,0,"other",1,1,4
"B215","1995-01",13,1995,1,3,5,0,0,"other",1,1,5
"B215","1995-02",14,1995,2,2,1,0,0,"other",1,1,6
"B215","1995-03",15,1995,3,3,2,0,0,"other",1,1,7
"B215","1995-04",16,1995,4,3,1,0,0,"other",1,1,8
"B215","1995-05",17,1995,5,4,0,0,0,"other",1,1,9
"B215","1995-06",18,1995,6,4,1,0,0,"other",1,1,10
"B216","1994-01",1,1994,1,4,2,0,0,"other",0,0,-7
"B216","1994-02",2,1994,2,5,0,0,0,"other",0,0,-6
"B216","1994-03",3,1994,3,2,1,0,0,"other",0,0,-5
"B216","1994-04",4,1994,4,1,1,0,0,"other",0,0,-4
"B216","1994-05",5,1994,5,1,4,0,0,"other",0,0,-3
"B216","1994-06",6,1994,6,2,1,0,0,"other",0,0,-2
"B216","1994-07",7,1994,7,0,2,0,0,"other",0,0,-1
"B216","1994-08",8,1994,8,1,1,0,0,"other",0,1,0
"B216","1994-09",9,1994,9,3,1,0,0,"other",0,1,1
"B216","1994-10",10,1994,10,1,0,0,0,"other",0,1,2
"B216","1994-11",11,1994,11,5,0,0,0,"other",0,1,3
"B216","1994-12",12,1994,12,2,1,0,0,"other",0,1,4
"B216","1995-01",13,1995,1,2,4,0,0,"other",0,1,5
"B216","1995-02",14,1995,2,4,2,0,0,"other",0,1,6
"B216","1995-03",15,1995,3,2,0,0,0,"other",0,1,7
"B216","1995-04",16,1995,4,5,1,0,0,"other",0,1,8
"B216","1995-05",17,1995,5,0,0,0,0,"other",0,1,9
"B216","1995-06",18,1995,6,5,4,0,0,"other",0,1,10
"B217","1994-01",1,1994,1,4,1,0,0,"other",1,0,-7
"B217","1994-02",2,1994,2,3,1,0,0,"other",1,0,-6
"B217","1994-03",3,1994,3,3,2,0,0,"other",1,0,-5
"B217","1994-04",4,1994,4,5,1,0,0,"other",1,0,-4
"B217","1994-05",5,1994,5,1,3,0,0,"other",1,0,-3
"B217","1994-06",6,1994,6,2,2,0,0,"other",1,0,-2
"B217","1994-07",7,1994,7,0,0,0,0,"other",1,0,-1
"B217","1994-08",8,1994,8,2,4,0,0,"other",1,1,0
"B217","1994-09",9,1994,9,7,0,0,0,"other",1,1,1
"B217","1994-10",10,1994,10,3,0,0,0,"other",1,1,2
"B217","1994-11",11,1994,11,3,0,0,0,"other",1,1,3
"B217","1994-12",12,1994,12,3,2,0,0,"other",1,1,4
"B217","1995-01",13,1995,1,3,2,0,0,"other",1,1,5
"B217","1995-02",14,1995,2,3,0,0,0,"other",1,1,6
"B217","1995-03",15,1995,3,8,1,0,0,"other",1,1,7
"B217","1995-04",16,1995,4,1,2,0,0,"other",1,1,8
"B217","1995-05",17,1995,5,3,1,0,0,"other",1,1,9
"B217","1995-06",18,1995,6,1,2,0,0,"other",1,1,10
"B218","1994-01",1,1994,1,2,0,0,0,"other",0,0,-7
"B218","1994-02",2,1994,2,2,5,0,0,"other",0,0,-6
"B218","1994-03",3,1994,3,3,3,0,0,"other",0,0,-5
"B218","1994-04",4,1994,4,4,1,0,0,"other",0,0,-4
"B218","1994-05",5,1994,5,1,1,0,0,"other",0,0,-3
"B218","1994-06",6,1994,6,1,0,0,0,"other",0,0,-2
"B218","1994-07",7,1994,7,3,0,0,0,"other",0,0,-1
"B218","1994-08",8,1994,8,0,1,0,0,"other",0,1,0
"B218","1994-09",9,1994,9,2,0,0,0,"other",0,1,1
"B218","1994-10",10,1994,10,3,1,0,0,"other",0,1,2
"B218","1994-11",11,1994,11,2,0,0,0,"other",0,1,3
"B218","1994-12",12,1994,12,3,0,0,0,"other",0,1,4
"B218","1995-01",13,1995,1,1,0,0,0,"other",0,1,5
"B218","1995-02",14,1995,2,2,1,0,0,"other",0,1,6
"B218","1995-03",15,1995,3,0,1,0,0,"other",0,1,7
"B218","1995-04",16,1995,4,1,1,0,0,"other",0,1,8
"B218","1995-05",17,1995,5,5,0,0,0,"other",0,1,9
"B218","1995-06",18,1995,6,1,0,0,0,"other",0,1,10
"B219","1994-01",1,1994,1,2,2,0,0,"other",1,0,-7
"B219","1994-02",2,1994,2,0,2,0,0,"other",1,0,-6
"B219","1994-03",3,1994,3,2,0,0,0,"other",1,0,-5
"B219","1994-04",4,1994,4,2,3,0,0,"other",1,0,-4
"B219","1994-05",5,1994,5,3,1,0,0,"other",1,0,-3
"B219","1994-06",6,1994,6,3,1,0,0,"other",1,0,-2
"B219","1994-07",7,1994,7,1,3,0,0,"other",1,0,-1
"B219","1994-08",8,1994,8,3,3,0,0,"other",1,1,0
"B219","1994-09",9,1994,9,1,1,0,0,"other",1,1,1
"B219","1994-10",10,1994,10,0,1,0,0,"other",1,1,2
"B219","1994-11",11,1994,11,4,0,0,0,"other",1,1,3
"B219","1994-12",12,1994,12,1,2,0,0,"other",1,1,4
"B219","1995-01",13,1995,1,4,0,0,0,"other",1,1,5
"B219","1995-02",14,1995,2,2,4,0,0,"other",1,1,6
"B219","1995-03",15,1995,3,2,1,0,0,"other",1,1,7
"B219","1995-04",16,1995,4,5,1,0,0,"other",1,1,8
"B219","1995-05",17,1995,5,3,1,0,0,"other",1,1,9
"B219","1995-06",18,1995,6,3,1,0,0,"other",1,1,10
"B220","1994-01",1,1994,1,4,0,0,0,"other",0,0,-7
"B220","1994-02",2,1994,2,4,0,0,0,"other",0,0,-6
"B220","1994-03",3,1994,3,0,1,0,0,"other",0,0,-5
"B220","1994-04",4,1994,4,0,3,0,0,"other",0,0,-4
"B220","1994-05",5,1994,5,1,1,0,0,"other",0,0,-3
"B220","1994-06",6,1994,6,2,0,0,0,"other",0,0,-2
"B220","1994-07",7,1994,7,2,0,0,0,"other",0,0,-1
"B220","1994-08",8,1994,8,1,2,0,0,"other",0,1,0
"B220","1994-09",9,1994,9,1,0,0,0,"other",0,1,1
"B220","1994-10",10,1994,10,5,2,0,0,"other",0,1,2
"B220","1994-11",11,1994,11,2,1,0,0,"other",0,1,3
"B220","1994-12",12,1994,12,3,1,0,0,"other",0,1,4
"B220","1995-01",13,1995,1,4,1,0,0,"other",0,1,5
"B220","1995-02",14,1995,2,2,0,0,0,"other",0,1,6
"B220","1995-03",15,1995,3,0,4,0,0,"other",0,1,7
"B220","1995-04",16,1995,4,0,2,0,0,"other",0,1,8
"B220","1995-05",17,1995,5,1,0,0,0,"other",0,1,9
"B220","1995-06",18,1995,6,4,1,0,0,"other",0,1,10
"B221","1994-01",1,1994,1,2,0,0,0,"other",0,0,-7
"B221","1994-02",2,1994,2,3,1,0,0,"other",0,0,-6
"B221","1994-03",3,1994,3,3,1,0,0,"other",0,0,-5
"B221","1994-04",4,1994,4,2,1,0,0,"other",0,0,-4
"B221","1994-05",5,1994,5,1,2,0,0,"other",0,0,-3
"B221","1994-06",6,1994,6,0,1,0,0,"other",0,0,-2
"B221","1994-07",7,1994,7,4,0,0,0,"other",0,0,-1
"B221","1994-08",8,1994,8,0,2,0,0,"other",0,1,0
"B221","1994-09",9,1994,9,1,3,0,0,"other",0,1,1
"B221","1994-10",10,1994,10,0,2,0,0,"other",0,1,2
"B221","1994-11",11,1994,11,1,1,0,0,"other",0,1,3
"B221","1994-12",12,1994,12,3,3,0,0,"other",0,1,4
"B221","1995-01",13,1995,1,1,1,0,0,"other",0,1,5
"B221","1995-02",14,1995,2,2,2,0,0,"other",0,1,6
"B221","1995-03",15,1995,3,0,1,0,0,"other",0,1,7
"B221","1995-04",16,1995,4,2,1,0,0,"other",0,1,8
"B221","1995-05",17,1995,5,4,0,0,0,"other",0,1,9
"B221","1995-06",18,1995,6,6,1,0,0,"other",0,1,10
"B222","1994-01",1,1994,1,0,1,0,0,"other",0,0,-7
"B222","1994-02",2,1994,2,4,1,0,0,"other",0,0,-6
"B222","1994-03",3,1994,3,1,1,0,0,"other",0,0,-5
"B222","1994-04",4,1994,4,3,1,0,0,"other",0,0,-4
"B222","1994-05",5,1994,5,5,1,0,0,"other",0,0,-3
"B222","1994-06",6,1994,6,1,0,0,0,"other",0,0,-2
"B222","1994-07",7,1994,7,2,4,0,0,"other",0,0,-1
"B222","1994-08",8,1994,8,0,0,0,0,"other",0,1,0
"B222","1994-09",9,1994,9,1,0,0,0,"other",0,1,1
"B222","1994-10",10,1994,10,1,3,0,0,"other",0,1,2
"B222","1994-11",11,1994,11,0,2,0,0,"other",0,1,3
"B222","1994-12",12,1994,12,1,4,0,0,"other",0,1,4
"B222","1995-01",13,1995,1,3,1,0,0,"other",0,1,5
"B222","1995-02",14,1995,2,2,2,0,0,"other",0,1,6
"B222","1995-03",15,1995,3,1,3,0,0,"other",0,1,7
"B222","1995-04",16,1995,4,2,4,0,0,"other",0,1,8
"B222","1995-05",17,1995,5,2,0,0,0,"other",0,1,9
"B222","1995-06",18,1995,6,2,0,0,0,"other",0,1,10
"B223","1994-01",1,1994,1,5,3,0,0,"other",0,0,-7
"B223","1994-02",2,1994,2,2,0,0,0,"other",0,0,-6
"B223","1994-03",3,1994,3,0,2,0,0,"other",0,0,-5
"B223","1994-04",4,1994,4,1,0,0,0,"other",0,0,-4
"B223","1994-05",5,1994,5,2,0,0,0,"other",0,0,-3
"B223","1994-06",6,1994,6,3,3,0,0,"other",0,0,-2
"B223","1994-07",7,1994,7,3,2,0,0,"other",0,0,-1
"B223","1994-08",8,1994,8,4,1,0,0,"other",0,1,0
"B223","1994-09",9,1994,9,1,1,0,0,"other",0,1,1
"B223","1994-10",10,1994,10,2,1,0,0,"other",0,1,2
"B223","1994-11",11,1994,11,1,4,0,0,"other",0,1,3
"B223","1994-12",12,1994,12,0,1,0,0,"other",0,1,4
"B223","1995-01",13,1995,1,4,0,0,0,"other",0,1,5
"B223","1995-02",14,1995,2,3,6,0,0,"other",0,1,6
"B223","1995-03",15,1995,3,4,2,0,0,"other",0,1,7
"B223","1995-04",16,1995,4,1,4,0,0,"other",0,1,8
"B223","1995-05",17,1995,5,6,2,0,0,"other",0,1,9
"B223","1995-06",18,1995,6,2,0,0,0,"other",0,1,10
"B224","1994-01",1,1994,1,2,2,0,0,"other",0,0,-7
"B224","1994-02",2,1994,2,1,2,0,0,"other",0,0,-6
"B224","1994-03",3,1994,3,0,2,0,0,"other",0,0,-5
"B224","1994-04",4,1994,4,4,1,0,0,"other",0,0,-4
"B224","1994-05",5,1994,5,5,0,0,0,"other",0,0,-3
"B224","1994-06",6,1994,6,4,2,0,0,"other",0,0,-2
"B224","1994-07",7,1994,7,6,0,0,0,"other",0,0,-1
"B224","1994-08",8,1994,8,2,2,0,0,"other",0,1,0
"B224","1994-09",9,1994,9,3,0,0,0,"other",0,1,1
"B224","1994-10",10,1994,10,0,1,0,0,"other",0,1,2
"B224","1994-11",11,1994,11,1,0,0,0,"other",0,1,3
"B224","1994-12",12,1994,12,2,3,0,0,"other",0,1,4
"B224","1995-01",13,1995,1,1,0,0,0,"other",0,1,5
"B224","1995-02",14,1995,2,3,2,0,0,"other",0,1,6
"B224","1995-03",15,1995,3,4,2,0,0,"other",0,1,7
"B224","1995-04",16,1995,4,0,1,0,0,"other",0,1,8
"B224","1995-05",17,1995,5,3,1,0,0,"other",0,1,9
"B224","1995-06",18,1995,6,1,2,0,0,"other",0,1,10
"B225","1994-01",1,1994,1,3,2,0,0,"other",1,0,-7
"B225","1994-02",2,1994,2,1,1,0,0,"other",1,0,-6
"B225","1994-03",3,1994,3,3,0,0,0,"other",1,0,-5
"B225","1994-04",4,1994,4,1,2,0,0,"other",1,0,-4
"B225","1994-05",5,1994,5,3,3,0,0,"other",1,0,-3
"B225","1994-06",6,1994,6,1,1,0,0,"other",1,0,-2
"B225","1994-07",7,1994,7,4,2,0,0,"other",1,0,-1
"B225","1994-08",8,1994,8,5,0,0,0,"other",1,1,0
"B225","1994-09",9,1994,9,2,2,0,0,"other",1,1,1
"B225","1994-10",10,1994,10,0,1,0,0,"other",1,1,2
"B225","1994-11",11,1994,11,1,1,0,0,"other",1,1,3
"B225","1994-12",12,1994,12,3,1,0,0,"other",1,1,4
"B225","1995-01",13,1995,1,2,1,0,0,"other",1,1,5
"B225","1995-02",14,1995,2,4,2,0,0,"other",1,1,6
"B225","1995-03",15,1995,3,1,4,0,0,"other",1,1,7
"B225","1995-04",16,1995,4,2,1,0,0,"other",1,1,8
"B225","1995-05",17,1995,5,3,1,0,0,"other",1,1,9
"B225","1995-06",18,1995,6,5,1,0,0,"other",1,1,10
"B226","1994-01",1,1994,1,2,0,0,0,"other",0,0,-7
"B226","1994-02",2,1994,2,3,2,0,0,"other",0,0,-6
"B226","1994-03",3,1994,3,3,2,0,0,"other",0,0,-5
"B226","1994-04",4,1994,4,2,3,0,0,"other",0,0,-4
"B226","1994-05",5,1994,5,2,0,0,0,"other",0,0,-3
"B226","1994-06",6,1994,6,5,2,0,0,"other",0,0,-2
"B226","1994-07",7,1994,7,1,1,0,0,"other",0,0,-1
"B226","1994-08",8,1994,8,1,0,0,0,"other",0,1,0
"B226","1994-09",9,1994,9,5,2,0,0,"other",0,1,1
"B226","1994-10",10,1994,10,0,5,0,0,"other",0,1,2
"B226","1994-11",11,1994,11,4,2,0,0,"other",0,1,3
"B226","1994-12",12,1994,12,3,2,0,0,"other",0,1,4
"B226","1995-01",13,1995,1,0,3,0,0,"other",0,1,5
"B226","1995-02",14,1995,2,3,1,0,0,"other",0,1,6
"B226","1995-03",15,1995,3,4,2,0,0,"other",0,1,7
"B226","1995-04",16,1995,4,1,3,0,0,"other",0,1,8
"B226","1995-05",17,1995,5,2,3,0,0,"other",0,1,9
"B226","1995-06",18,1995,6,3,0,0,0,"other",0,1,10
"B227","1994-01",1,1994,1,0,1,0,0,"other",0,0,-7
"B227","1994-02",2,1994,2,2,0,0,0,"other",0,0,-6
"B227","1994-03",3,1994,3,2,2,0,0,"other",0,0,-5
"B227","1994-04",4,1994,4,1,1,0,0,"other",0,0,-4
"B227","1994-05",5,1994,5,0,1,0,0,"other",0,0,-3
"B227","1994-06",6,1994,6,4,1,0,0,"other",0,0,-2
"B227","1994-07",7,1994,7,1,4,0,0,"other",0,0,-1
"B227","1994-08",8,1994,8,4,2,0,0,"other",0,1,0
"B227","1994-09",9,1994,9,3,1,0,0,"other",0,1,1
"B227","1994-10",10,1994,10,2,1,0,0,"other",0,1,2
"B227","1994-11",11,1994,11,3,0,0,0,"other",0,1,3
"B227","1994-12",12,1994,12,2,2,0,0,"other",0,1,4
"B227","1995-01",13,1995,1,3,4,0,0,"other",0,1,5
"B227","1995-02",14,1995,2,2,3,0,0,"other",0,1,6
"B227","1995-03",15,1995,3,2,3,0,0,"other",0,1,7
"B227","1995-04",16,1995,4,1,0,0,0,"other",0,1,8
"B227","1995-05",17,1995,5,2,1,0,0,"other",0,1,9
"B227","1995-06",18,1995,6,4,3,0,0,"other",0,1,10
"B228","1994-01",1,1994,1,2,1,0,0,"other",0,0,-7
"B228","1994-02",2,1994,2,1,1,0,0,"other",0,0,-6
"B228","1994-03",3,1994,3,1,4,0,0,"other",0,0,-5
"B228","1994-04",4,1994,4,1,3,0,0,"other",0,0,-4
"B228","1994-05",5,1994,5,2,1,0,0,"other",0,0,-3
"B228","1994-06",6,1994,6,5,1,0,0,"other",0,0,-2
"B228","1994-07",7,1994,7,1,1,0,0,"other",0,0,-1
"B228","1994-08",8,1994,8,0,2,0,0,"other",0,1,0
"B228","1994-09",9,1994,9,1,0,0,0,"other",0,1,1
"B228","1994-10",10,1994,10,1,1,0,0,"other",0,1,2
"B228","1994-11",11,1994,11,3,2,0,0,"other",0,1,3
"B228","1994-12",12,1994,12,1,0,0,0,"other",0,1,4
"B228","1995-01",13,1995,1,5,4,0,0,"other",0,1,5
"B228","1995-02",14,1995,2,1,1,0,0,"other",0,1,6
"B228","1995-03",15,1995,3,0,2,0,0,"other",0,1,7
"B228","1995-04",16,1995,4,1,2,0,0,"other",0,1,8
"B228","1995-05",17,1995,5,1,1,0,0,"other",0,1,9
"B228","1995-06",18,1995,6,0,6,0,0,"other",0,1,10
"B229","1994-01",1,1994,1,0,0,0,0,"other",1,0,-7
"B229","1994-02",2,1994,2,3,5,0,0,"other",1,0,-6
"B229","1994-03",3,1994,3,1,2,0,0,"other",1,0,-5
"B229","1994-04",4,1994,4,2,1,0,0,"other",1,0,-4
"B229","1994-05",5,1994,5,2,1,0,0,"other",1,0,-3
"B229","1994-06",6,1994,6,4,1,0,0,"other",1,0,-2
"B229","1994-07",7,1994,7,2,1,0,0,"other",1,0,-1
"B229","1994-08",8,1994,8,6,3,0,0,"other",1,1,0
"B229","1994-09",9,1994,9,3,6,0,0,"other",1,1,1
"B229","1994-10",10,1994,10,2,3,0,0,"other",1,1,2
"B229","1994-11",11,1994,11,2,1,0,0,"other",1,1,3
"B229","1994-12",12,1994,12,0,3,0,0,"other",1,1,4
"B229","1995-01",13,1995,1,1,0,0,0,"other",1,1,5
"B229","1995-02",14,1995,2,0,1,0,0,"other",1,1,6
"B229","1995-03",15,1995,3,3,1,0,0,"other",1,1,7
"B229","1995-04",16,1995,4,1,2,0,0,"other",1,1,8
"B229","1995-05",17,1995,5,3,4,0,0,"other",1,1,9
"B229","1995-06",18,1995,6,1,2,0,0,"other",1,1,10
"B230","1994-01",1,1994,1,1,0,0,0,"other",1,0,-7
"B230","1994-02",2,1994,2,8,0,0,0,"other",1,0,-6
"B230","1994-03",3,1994,3,2,2,0,0,"other",1,0,-5
"B230","1994-04",4,1994,4,0,2,0,0,"other",1,0,-4
"B230","1994-05",5,1994,5,4,0,0,0,"other",1,0,-3
"B230","1994-06",6,1994,6,4,1,0,0,"other",1,0,-2
"B230","1994-07",7,1994,7,3,1,0,0,"other",1,0,-1
"B230","1994-08",8,1994,8,2,0,0,0,"other",1,1,0
"B230","1994-09",9,1994,9,6,3,0,0,"other",1,1,1
"B230","1994-10",10,1994,10,5,1,0,0,"other",1,1,2
"B230","1994-11",11,1994,11,2,2,0,0,"other",1,1,3
"B230","1994-12",12,1994,12,3,0,0,0,"other",1,1,4
"B230","1995-01",13,1995,1,4,2,0,0,"other",1,1,5
"B230","1995-02",14,1995,2,7,0,0,0,"other",1,1,6
"B230","1995-03",15,1995,3,3,3,0,0,"other",1,1,7
"B230","1995-04",16,1995,4,6,1,0,0,"other",1,1,8
"B230","1995-05",17,1995,5,3,1,0,0,"other",1,1,9
"B230","1995-06",18,1995,6,2,1,0,0,"other",1,1,10
"B231","1994-01",1,1994,1,1,4,0,0,"other",0,0,-7
"B231","1994-02",2,1994,2,1,4,0,0,"other",0,0,-6
"B231","1994-03",3,1994,3,0,0,0,0,"other",0,0,-5
"B231","1994-04",4,1994,4,3,3,0,0,"other",0,0,-4
"B231","1994-05",5,1994,5,5,2,0,0,"other",0,0,-3
"B231","1994-06",6,1994,6,2,1,0,0,"other",0,0,-2
"B231","1994-07",7,1994,7,1,2,0,0,"other",0,0,-1
"B231","1994-08",8,1994,8,5,0,0,0,"other",0,1,0
"B231","1994-09",9,1994,9,1,0,0,0,"other",0,1,1
"B231","1994-10",10,1994,10,5,4,0,0,"other",0,1,2
"B231","1994-11",11,1994,11,1,0,0,0,"other",0,1,3
"B231","1994-12",12,1994,12,1,1,0,0,"other",0,1,4
"B231","1995-01",13,1995,1,2,0,0,0,"other",0,1,5
"B231","1995-02",14,1995,2,5,0,0,0,"other",0,1,6
"B231","1995-03",15,1995,3,0,1,0,0,"other",0,1,7
"B231","1995-04",16,1995,4,3,0,0,0,"other",0,1,8
"B231","1995-05",17,1995,5,5,2,0,0,"other",0,1,9
"B231","1995-06",18,1995,6,2,0,0,0,"other",0,1,10
"B232","1994-01",1,1994,1,2,4,0,0,"other",0,0,-7
"B232","1994-02",2,1994,2,5,0,0,0,"other",0,0,-6
"B232","1994-03",3,1994,3,4,2,0,0,"other",0,0,-5
"B232","1994-04",4,1994,4,5,1,0,0,"other",0,0,-4
"B232","1994-05",5,1994,5,4,0,0,0,"other",0,0,-3
"B232","1994-06",6,1994,6,4,1,0,0,"other",0,0,-2
"B232","1994-07",7,1994,7,3,1,0,0,"other",0,0,-1
"B232","1994-08",8,1994,8,2,1,0,0,"other",0,1,0
"B232","1994-09",9,1994,9,1,0,0,0,"other",0,1,1
"B232","1994-10",10,1994,10,3,1,0,0,"other",0,1,2
"B232","1994-11",11,1994,11,1,1,0,0,"other",0,1,3
"B232","1994-12",12,1994,12,4,0,0,0,"other",0,1,4
"B232","1995-01",13,1995,1,0,2,0,0,"other",0,1,5
"B232","1995-02",14,1995,2,0,0,0,0,"other",0,1,6
"B232","1995-03",15,1995,3,5,0,0,0,"other",0,1,7
"B232","1995-04",16,1995,4,1,1,0,0,"other",0,1,8
"B232","1995-05",17,1995,5,2,2,0,0,"other",0,1,9
"B232","1995-06",18,1995,6,1,0,0,0,"other",0,1,10
"B233","1994-01",1,1994,1,3,2,0,0,"other",0,0,-7
"B233","1994-02",2,1994,2,1,1,0,0,"other",0,0,-6
"B233","1994-03",3,1994,3,0,1,0,0,"other",0,0,-5
"B233","1994-04",4,1994,4,1,0,0,0,"other",0,0,-4
"B233","1994-05",5,1994,5,5,1,0,0,"other",0,0,-3
"B233","1994-06",6,1994,6,2,4,0,0,"other",0,0,-2
"B233","1994-07",7,1994,7,2,2,0,0,"other",0,0,-1
"B233","1994-08",8,1994,8,1,1,0,0,"other",0,1,0
"B233","1994-09",9,1994,9,1,0,0,0,"other",0,1,1
"B233","1994-10",10,1994,10,3,3,0,0,"other",0,1,2
"B233","1994-11",11,1994,11,3,0,0,0,"other",0,1,3
"B233","1994-12",12,1994,12,1,1,0,0,"other",0,1,4
"B233","1995-01",13,1995,1,1,1,0,0,"other",0,1,5
"B233","1995-02",14,1995,2,2,0,0,0,"other",0,1,6
"B233","1995-03",15,1995,3,5,2,0,0,"other",0,1,7
"B233","1995-04",16,1995,4,1,1,0,0,"other",0,1,8
"B233","1995-05",17,1995,5,1,0,0,0,"other",0,1,9
"B233","1995-06",18,1995,6,3,1,0,0,"other",0,1,10
"B234","1994-01",1,1994,1,1,3,0,0,"other",1,0,-7
"B234","1994-02",2,1994,2,4,4,0,0,"other",1,0,-6
"B234","1994-03",3,1994,3,0,2,0,0,"other",1,0,-5
"B234","1994-04",4,1994,4,2,1,0,0,"other",1,0,-4
"B234","1994-05",5,1994,5,5,2,0,0,"other",1,0,-3
"B234","1994-06",6,1994,6,0,2,0,0,"other",1,0,-2
"B234","1994-07",7,1994,7,4,1,0,0,"other",1,0,-1
"B234","1994-08",8,1994,8,0,1,0,0,"other",1,1,0
"B234","1994-09",9,1994,9,2,3,0,0,"other",1,1,1
"B234","1994-10",10,1994,10,3,3,0,0,"other",1,1,2
"B234","1994-11",11,1994,11,3,3,0,0,"other",1,1,3
"B234","1994-12",12,1994,12,7,2,0,0,"other",1,1,4
"B234","1995-01",13,1995,1,3,2,0,0,"other",1,1,5
"B234","1995-02",14,1995,2,5,3,0,0,"other",1,1,6
"B234","1995-03",15,1995,3,2,0,0,0,"other",1,1,7
"B234","1995-04",16,1995,4,4,0,0,0,"other",1,1,8
"B234","1995-05",17,1995,5,2,3,0,0,"other",1,1,9
"B234","1995-06",18,1995,6,2,3,0,0,"other",1,1,10
"B235","1994-01",1,1994,1,3,2,0,0,"other",0,0,-7
"B235","1994-02",2,1994,2,2,2,0,0,"other",0,0,-6
"B235","1994-03",3,1994,3,1,2,0,0,"other",0,0,-5
"B235","1994-04",4,1994,4,3,4,0,0,"other",0,0,-4
"B235","1994-05",5,1994,5,2,3,0,0,"other",0,0,-3
"B235","1994-06",6,1994,6,3,0,0,0,"other",0,0,-2
"B235","1994-07",7,1994,7,1,0,0,0,"other",0,0,-1
"B235","1994-08",8,1994,8,2,1,0,0,"other",0,1,0
"B235","1994-09",9,1994,9,2,0,0,0,"other",0,1,1
"B235","1994-10",10,1994,10,2,2,0,0,"other",0,1,2
"B235","1994-11",11,1994,11,4,0,0,0,"other",0,1,3
"B235","1994-12",12,1994,12,0,3,0,0,"other",0,1,4
"B235","1995-01",13,1995,1,2,1,0,0,"other",0,1,5
"B235","1995-02",14,1995,2,4,2,0,0,"other",0,1,6
"B235","1995-03",15,1995,3,4,1,0,0,"other",0,1,7
"B235","1995-04",16,1995,4,2,1,0,0,"other",0,1,8
"B235","1995-05",17,1995,5,1,1,0,0,"other",0,1,9
"B235","1995-06",18,1995,6,2,1,0,0,"other",0,1,10
"B236","1994-01",1,1994,1,3,1,0,0,"other",0,0,-7
"B236","1994-02",2,1994,2,2,1,0,0,"other",0,0,-6
"B236","1994-03",3,1994,3,5,1,0,0,"other",0,0,-5
"B236","1994-04",4,1994,4,6,2,0,0,"other",0,0,-4
"B236","1994-05",5,1994,5,1,1,0,0,"other",0,0,-3
"B236","1994-06",6,1994,6,2,3,0,0,"other",0,0,-2
"B236","1994-07",7,1994,7,2,0,0,0,"other",0,0,-1
"B236","1994-08",8,1994,8,2,0,0,0,"other",0,1,0
"B236","1994-09",9,1994,9,5,0,0,0,"other",0,1,1
"B236","1994-10",10,1994,10,0,4,0,0,"other",0,1,2
"B236","1994-11",11,1994,11,3,1,0,0,"other",0,1,3
"B236","1994-12",12,1994,12,2,3,0,0,"other",0,1,4
"B236","1995-01",13,1995,1,1,3,0,0,"other",0,1,5
"B236","1995-02",14,1995,2,2,1,0,0,"other",0,1,6
"B236","1995-03",15,1995,3,0,3,0,0,"other",0,1,7
"B236","1995-04",16,1995,4,2,1,0,0,"other",0,1,8
"B236","1995-05",17,1995,5,2,0,0,0,"other",0,1,9
"B236","1995-06",18,1995,6,2,4,0,0,"other",0,1,10
"B237","1994-01",1,1994,1,4,1,0,0,"other",0,0,-7
"B237","1994-02",2,1994,2,2,2,0,0,"other",0,0,-6
"B237","1994-03",3,1994,3,2,2,0,0,"other",0,0,-5
"B237","1994-04",4,1994,4,1,0,0,0,"other",0,0,-4
"B237","1994-05",5,1994,5,8,0,0,0,"other",0,0,-3
"B237","1994-06",6,1994,6,0,1,0,0,"other",0,0,-2
"B237","1994-07",7,1994,7,1,2,0,0,"other",0,0,-1
"B237","1994-08",8,1994,8,1,2,0,0,"other",0,1,0
"B237","1994-09",9,1994,9,1,3,0,0,"other",0,1,1
"B237","1994-10",10,1994,10,1,3,0,0,"other",0,1,2
"B237","1994-11",11,1994,11,2,2,0,0,"other",0,1,3
"B237","1994-12",12,1994,12,0,5,0,0,"other",0,1,4
"B237","1995-01",13,1995,1,4,1,0,0,"other",0,1,5
"B237","1995-02",14,1995,2,4,3,0,0,"other",0,1,6
"B237","1995-03",15,1995,3,1,1,0,0,"other",0,1,7
"B237","1995-04",16,1995,4,7,3,0,0,"other",0,1,8
"B237","1995-05",17,1995,5,2,0,0,0,"other",0,1,9
"B237","1995-06",18,1995,6,2,2,0,0,"other",0,1,10
"B238","1994-01",1,1994,1,2,1,0,0,"other",1,0,-7
"B238","1994-02",2,1994,2,3,1,0,0,"other",1,0,-6
"B238","1994-03",3,1994,3,3,3,0,0,"other",1,0,-5
"B238","1994-04",4,1994,4,2,0,0,0,"other",1,0,-4
"B238","1994-05",5,1994,5,4,3,0,0,"other",1,0,-3
"B238","1994-06",6,1994,6,2,2,0,0,"other",1,0,-2
"B238","1994-07",7,1994,7,2,1,0,0,"other",1,0,-1
"B238","1994-08",8,1994,8,3,2,0,0,"other",1,1,0
"B238","1994-09",9,1994,9,0,2,0,0,"other",1,1,1
"B238","1994-10",10,1994,10,2,2,0,0,"other",1,1,2
"B238","1994-11",11,1994,11,3,1,0,0,"other",1,1,3
"B238","1994-12",12,1994,12,1,1,0,0,"other",1,1,4
"B238","1995-01",13,1995,1,3,0,0,0,"other",1,1,5
"B238","1995-02",14,1995,2,3,2,0,0,"other",1,1,6
"B238","1995-03",15,1995,3,4,1,0,0,"other",1,1,7
"B238","1995-04",16,1995,4,1,1,0,0,"other",1,1,8
"B238","1995-05",17,1995,5,3,3,0,0,"other",1,1,9
"B238","1995-06",18,1995,6,2,4,0,0,"other",1,1,10
"B239","1994-01",1,1994,1,1,3,0,0,"other",1,0,-7
"B239","1994-02",2,1994,2,2,1,0,0,"other",1,0,-6
"B239","1994-03",3,1994,3,7,2,0,0,"other",1,0,-5
"B239","1994-04",4,1994,4,2,2,0,0,"other",1,0,-4
"B239","1994-05",5,1994,5,2,2,0,0,"other",1,0,-3
"B239","1994-06",6,1994,6,0,2,0,0,"other",1,0,-2
"B239","1994-07",7,1994,7,1,0,0,0,"other",1,0,-1
"B239","1994-08",8,1994,8,1,1,0,0,"other",1,1,0
"B239","1994-09",9,1994,9,1,3,0,0,"other",1,1,1
"B239","1994-10",10,1994,10,0,1,0,0,"other",1,1,2
"B239","1994-11",11,1994,11,0,1,0,0,"other",1,1,3
"B239","1994-12",12,1994,12,5,2,0,0,"other",1,1,4
"B239","1995-01",13,1995,1,5,2,0,0,"other",1,1,5
"B239","1995-02",14,1995,2,2,3,0,0,"other",1,1,6
"B239","1995-03",15,1995,3,4,1,0,0,"other",1,1,7
"B239","1995-04",16,1995,4,4,3,0,0,"other",1,1,8
"B239","1995-05",17,1995,5,1,2,0,0,"other",1,1,9
"B239","1995-06",18,1995,6,3,0,0,0,"other",1,1,10
"B240","1994-01",1,1994,1,2,1,0,0,"other",0,0,-7
"B240","1994-02",2,1994,2,1,3,0,0,"other",0,0,-6
"B240","1994-03",3,1994,3,2,1,0,0,"other",0,0,-5
"B240","1994-04",4,1994,4,1,2,0,0,"other",0,0,-4
"B240","1994-05",5,1994,5,2,4,0,0,"other",0,0,-3
"B240","1994-06",6,1994,6,2,2,0,0,"other",0,0,-2
"B240","1994-07",7,1994,7,3,0,0,0,"other",0,0,-1
"B240","1994-08",8,1994,8,4,0,0,0,"other",0,1,0
"B240","1994-09",9,1994,9,3,1,0,0,"other",0,1,1
"B240","1994-10",10,1994,10,2,0,0,0,"other",0,1,2
"B240","1994-11",11,1994,11,4,1,0,0,"other",0,1,3
"B240","1994-12",12,1994,12,3,0,0,0,"other",0,1,4
"B240","1995-01",13,1995,1,3,3,0,0,"other",0,1,5
"B240","1995-02",14,1995,2,3,1,0,0,"other",0,1,6
"B240","1995-03",15,1995,3,2,2,0,0,"other",0,1,7
"B240","1995-04",16,1995,4,2,0,0,0,"other",0,1,8
"B240","1995-05",17,1995,5,1,4,0,0,"other",0,1,9
"B240","1995-06",18,1995,6,1,0,0,0,"other",0,1,10
"B241","1994-01",1,1994,1,1,2,0,0,"other",1,0,-7
"B241","1994-02",2,1994,2,2,3,0,0,"other",1,0,-6
"B241","1994-03",3,1994,3,2,0,0,0,"other",1,0,-5
"B241","1994-04",4,1994,4,1,1,0,0,"other",1,0,-4
"B241","1994-05",5,1994,5,3,1,0,0,"other",1,0,-3
"B241","1994-06",6,1994,6,1,1,0,0,"other",1,0,-2
"B241","1994-07",7,1994,7,3,2,0,0,"other",1,0,-1
"B241","1994-08",8,1994,8,3,4,0,0,"other",1,1,0
"B241","1994-09",9,1994,9,2,1,0,0,"other",1,1,1
"B241","1994-10",10,1994,10,1,2,0,0,"other",1,1,2
"B241","1994-11",11,1994,11,6,0,0,0,"other",1,1,3
"B241","1994-12",12,1994,12,3,0,0,0,"other",1,1,4
"B241","1995-01",13,1995,1,2,2,0,0,"other",1,1,5
"B241","1995-02",14,1995,2,2,1,0,0,"other",1,1,6
"B241","1995-03",15,1995,3,4,1,0,0,"other",1,1,7
"B241","1995-04",16,1995,4,3,2,0,0,"other",1,1,8
"B241","1995-05",17,1995,5,7,2,0,0,"other",1,1,9
"B241","1995-06",18,1995,6,4,1,0,0,"other",1,1,10
"B242","1994-01",1,1994,1,2,3,0,0,"other",1,0,-7
"B242","1994-02",2,1994,2,2,0,0,0,"other",1,0,-6
"B242","1994-03",3,1994,3,1,2,0,0,"other",1,0,-5
"B242","1994-04",4,1994,4,2,1,0,0,"other",1,0,-4
"B242","1994-05",5,1994,5,3,0,0,0,"other",1,0,-3
"B242","1994-06",6,1994,6,3,2,0,0,"other",1,0,-2
"B242","1994-07",7,1994,7,1,2,0,0,"other",1,0,-1
"B242","1994-08",8,1994,8,1,6,0,0,"other",1,1,0
"B242","1994-09",9,1994,9,0,3,0,0,"other",1,1,1
"B242","1994-10",10,1994,10,1,3,0,0,"other",1,1,2
"B242","1994-11",11,1994,11,2,1,0,0,"other",1,1,3
"B242","1994-12",12,1994,12,3,4,0,0,"other",1,1,4
"B242","1995-01",13,1995,1,2,2,0,0,"other",1,1,5
"B242","1995-02",14,1995,2,1,1,0,0,"other",1,1,6
"B242","1995-03",15,1995,3,3,0,0,0,"other",1,1,7
"B242","1995-04",16,1995,4,2,3,0,0,"other",1,1,8
"B242","1995-05",17,1995,5,3,1,0,0,"other",1,1,9
"B242","1995-06",18,1995,6,4,2,0,0,"other",1,1,10
"B243","1994-01",1,1994,1,1,2,0,0,"other",1,0,-7
"B243","1994-02",2,1994,2,5,1,0,0,"other",1,0,-6
"B243","1994-03",3,1994,3,4,4,0,0,"other",1,0,-5
"B243","1994-04",4,1994,4,1,2,0,0,"other",1,0,-4
"B243","1994-05",5,1994,5,2,4,0,0,"other",1,0,-3
"B243","1994-06",6,1994,6,1,1,0,0,"other",1,0,-2
"B243","1994-07",7,1994,7,2,2,0,0,"other",1,0,-1
"B243","1994-08",8,1994,8,2,0,0,0,"other",1,1,0
"B243","1994-09",9,1994,9,4,0,0,0,"other",1,1,1
"B243","1994-10",10,1994,10,3,2,0,0,"other",1,1,2
"B243","1994-11",11,1994,11,2,2,0,0,"other",1,1,3
"B243","1994-12",12,1994,12,6,3,0,0,"other",1,1,4
"B243","1995-01",13,1995,1,1,2,0,0,"other",1,1,5
"B243","1995-02",14,1995,2,5,3,0,0,"other",1,1,6
"B243","1995-03",15,1995,3,0,4,0,0,"other",1,1,7
"B243","1995-04",16,1995,4,1,1,0,0,"other",1,1,8
"B243","1995-05",17,1995,5,2,2,0,0,"other",1,1,9
"B243","1995-06",18,1995,6,4,2,0,0,"other",1,1,10
"B244","1994-01",1,1994,1,0,2,0,0,"other",1,0,-7
"B244","1994-02",2,1994,2,3,3,0,0,"other",1,0,-6
"B244","1994-03",3,1994,3,1,4,0,0,"other",1,0,-5
"B244","1994-04",4,1994,4,3,1,0,0,"other",1,0,-4
"B244","1994-05",5,1994,5,7,0,0,0,"other",1,0,-3
"B244","1994-06",6,1994,6,4,1,0,0,"other",1,0,-2
"B244","1994-07",7,1994,7,4,1,0,0,"other",1,0,-1
"B244","1994-08",8,1994,8,4,2,0,0,"other",1,1,0
"B244","1994-09",9,1994,9,5,1,0,0,"other",1,1,1
"B244","1994-10",10,1994,10,0,1,0,0,"other",1,1,2
"B244","1994-11",11,1994,11,1,2,0,0,"other",1,1,3
"B244","1994-12",12,1994,12,2,2,0,0,"other",1,1,4
"B244","1995-01",13,1995,1,1,0,0,0,"other",1,1,5
"B244","1995-02",14,1995,2,3,2,0,0,"other",1,1,6
"B244","1995-03",15,1995,3,3,2,0,0,"other",1,1,7
"B244","1995-04",16,1995,4,1,2,0,0,"other",1,1,8
"B244","1995-05",17,1995,5,1,4,0,0,"other",1,1,9
"B244","1995-06",18,1995,6,1,3,0,0,"other",1,1,10
"B245","1994-01",1,1994,1,2,2,0,0,"other",0,0,-7
"B245","1994-02",2,1994,2,3,2,0,0,"other",0,0,-6
"B245","1994-03",3,1994,3,1,1,0,0,"other",0,0,-5
"B245","1994-04",4,1994,4,3,3,0,0,"other",0,0,-4
"B245","1994-05",5,1994,5,1,1,0,0,"other",0,0,-3
"B245","1994-06",6,1994,6,1,0,0,0,"other",0,0,-2
"B245","1994-07",7,1994,7,1,1,0,0,"other",0,0,-1
"B245","1994-08",8,1994,8,2,1,0,0,"other",0,1,0
"B245","1994-09",9,1994,9,0,0,0,0,"other",0,1,1
"B245","1994-10",10,1994,10,7,1,0,0,"other",0,1,2
"B245","1994-11",11,1994,11,1,0,0,0,"other",0,1,3
"B245","1994-12",12,1994,12,2,1,0,0,"other",0,1,4
"B245","1995-01",13,1995,1,3,1,0,0,"other",0,1,5
"B245","1995-02",14,1995,2,3,3,0,0,"other",0,1,6
"B245","1995-03",15,1995,3,6,3,0,0,"other",0,1,7
"B245","1995-04",16,1995,4,3,4,0,0,"other",0,1,8
"B245","1995-05",17,1995,5,3,2,0,0,"other",0,1,9
"B245","1995-06",18,1995,6,4,1,0,0,"other",0,1,10
"B246","1994-01",1,1994,1,0,1,0,0,"other",0,0,-7
"B246","1994-02",2,1994,2,1,2,0,0,"other",0,0,-6
"B246","1994-03",3,1994,3,1,1,0,0,"other",0,0,-5
"B246","1994-04",4,1994,4,0,1,0,0,"other",0,0,-4
"B246","1994-05",5,1994,5,1,0,0,0,"other",0,0,-3
"B246","1994-06",6,1994,6,2,2,0,0,"other",0,0,-2
"B246","1994-07",7,1994,7,1,6,0,0,"other",0,0,-1
"B246","1994-08",8,1994,8,1,1,0,0,"other",0,1,0
"B246","1994-09",9,1994,9,4,1,0,0,"other",0,1,1
"B246","1994-10",10,1994,10,0,0,0,0,"other",0,1,2
"B246","1994-11",11,1994,11,5,1,0,0,"other",0,1,3
"B246","1994-12",12,1994,12,3,0,0,0,"other",0,1,4
"B246","1995-01",13,1995,1,5,0,0,0,"other",0,1,5
"B246","1995-02",14,1995,2,0,3,0,0,"other",0,1,6
"B246","1995-03",15,1995,3,2,1,0,0,"other",0,1,7
"B246","1995-04",16,1995,4,2,1,0,0,"other",0,1,8
"B246","1995-05",17,1995,5,3,2,0,0,"other",0,1,9
"B246","1995-06",18,1995,6,6,1,0,0,"other",0,1,10
"B247","1994-01",1,1994,1,2,3,0,0,"other",1,0,-7
"B247","1994-02",2,1994,2,4,1,0,0,"other",1,0,-6
"B247","1994-03",3,1994,3,1,0,0,0,"other",1,0,-5
"B247","1994-04",4,1994,4,1,2,0,0,"other",1,0,-4
"B247","1994-05",5,1994,5,3,2,0,0,"other",1,0,-3
"B247","1994-06",6,1994,6,3,0,0,0,"other",1,0,-2
"B247","1994-07",7,1994,7,3,2,0,0,"other",1,0,-1
"B247","1994-08",8,1994,8,2,1,0,0,"other",1,1,0
"B247","1994-09",9,1994,9,1,2,0,0,"other",1,1,1
"B247","1994-10",10,1994,10,3,0,0,0,"other",1,1,2
"B247","1994-11",11,1994,11,2,1,0,0,"other",1,1,3
"B247","1994-12",12,1994,12,3,0,0,0,"other",1,1,4
"B247","1995-01",13,1995,1,3,0,0,0,"other",1,1,5
"B247","1995-02",14,1995,2,0,0,0,0,"other",1,1,6
"B247","1995-03",15,1995,3,4,2,0,0,"other",1,1,7
"B247","1995-04",16,1995,4,3,4,0,0,"other",1,1,8
"B247","1995-05",17,1995,5,2,4,0,0,"other",1,1,9
"B247","1995-06",18,1995,6,0,1,0,0,"other",1,1,10
"B248","1994-01",1,1994,1,3,3,0,0,"other",1,0,-7
"B248","1994-02",2,1994,2,3,1,0,0,"other",1,0,-6
"B248","1994-03",3,1994,3,0,1,0,0,"other",1,0,-5
"B248","1994-04",4,1994,4,4,4,0,0,"other",1,0,-4
"B248","1994-05",5,1994,5,3,1,0,0,"other",1,0,-3
"B248","1994-06",6,1994,6,1,2,0,0,"other",1,0,-2
"B248","1994-07",7,1994,7,3,1,0,0,"other",1,0,-1
"B248","1994-08",8,1994,8,3,0,0,0,"other",1,1,0
"B248","1994-09",9,1994,9,3,2,0,0,"other",1,1,1
"B248","1994-10",10,1994,10,4,2,0,0,"other",1,1,2
"B248","1994-11",11,1994,11,3,2,0,0,"other",1,1,3
"B248","1994-12",12,1994,12,3,3,0,0,"other",1,1,4
"B248","1995-01",13,1995,1,3,3,0,0,"other",1,1,5
"B248","1995-02",14,1995,2,2,0,0,0,"other",1,1,6
"B248","1995-03",15,1995,3,1,2,0,0,"other",1,1,7
"B248","1995-04",16,1995,4,6,0,0,0,"other",1,1,8
"B248","1995-05",17,1995,5,2,0,0,0,"other",1,1,9
"B248","1995-06",18,1995,6,2,4,0,0,"other",1,1,10
"B249","1994-01",1,1994,1,4,1,0,0,"other",1,0,-7
"B249","1994-02",2,1994,2,5,0,0,0,"other",1,0,-6
"B249","1994-03",3,1994,3,5,3,0,0,"other",1,0,-5
"B249","1994-04",4,1994,4,3,1,0,0,"other",1,0,-4
"B249","1994-05",5,1994,5,3,1,0,0,"other",1,0,-3
"B249","1994-06",6,1994,6,4,2,0,0,"other",1,0,-2
"B249","1994-07",7,1994,7,3,0,0,0,"other",1,0,-1
"B249","1994-08",8,1994,8,3,3,0,0,"other",1,1,0
"B249","1994-09",9,1994,9,5,5,0,0,"other",1,1,1
"B249","1994-10",10,1994,10,1,1,0,0,"other",1,1,2
"B249","1994-11",11,1994,11,1,1,0,0,"other",1,1,3
"B249","1994-12",12,1994,12,3,2,0,0,"other",1,1,4
"B249","1995-01",13,1995,1,0,1,0,0,"other",1,1,5
"B249","1995-02",14,1995,2,2,3,0,0,"other",1,1,6
"B249","1995-03",15,1995,3,4,4,0,0,"other",1,1,7
"B249","1995-04",16,1995,4,1,4,0,0,"other",1,1,8
"B249","1995-05",17,1995,5,1,2,0,0,"other",1,1,9
"B249","1995-06",18,1995,6,5,1,0,0,"other",1,1,10
"B250","1994-01",1,1994,1,0,0,0,0,"other",1,0,-7
"B250","1994-02",2,1994,2,5,1,0,0,"other",1,0,-6
"B250","1994-03",3,1994,3,5,2,0,0,"other",1,0,-5
"B250","1994-04",4,1994,4,2,0,0,0,"other",1,0,-4
"B250","1994-05",5,1994,5,1,0,0,0,"other",1,0,-3
"B250","1994-06",6,1994,6,1,0,0,0,"other",1,0,-2
"B250","1994-07",7,1994,7,5,0,0,0,"other",1,0,-1
"B250","1994-08",8,1994,8,1,0,0,0,"other",1,1,0
"B250","1994-09",9,1994,9,1,3,0,0,"other",1,1,1
"B250","1994-10",10,1994,10,0,2,0,0,"other",1,1,2
"B250","1994-11",11,1994,11,2,1,0,0,"other",1,1,3
"B250","1994-12",12,1994,12,1,4,0,0,"other",1,1,4
"B250","1995-01",13,1995,1,2,1,0,0,"other",1,1,5
"B250","1995-02",14,1995,2,4,1,0,0,"other",1,1,6
"B250","1995-03",15,1995,3,2,0,0,0,"other",1,1,7
"B250","1995-04",16,1995,4,2,2,0,0,"other",1,1,8
"B250","1995-05",17,1995,5,2,3,0,0,"other",1,1,9
"B250","1995-06",18,1995,6,3,1,0,0,"other",1,1,10
"B251","1994-01",1,1994,1,3,1,0,0,"other",1,0,-7
"B251","1994-02",2,1994,2,3,0,0,0,"other",1,0,-6
"B251","1994-03",3,1994,3,3,3,0,0,"other",1,0,-5
"B251","1994-04",4,1994,4,2,1,0,0,"other",1,0,-4
"B251","1994-05",5,1994,5,2,0,0,0,"other",1,0,-3
"B251","1994-06",6,1994,6,3,2,0,0,"other",1,0,-2
"B251","1994-07",7,1994,7,4,1,0,0,"other",1,0,-1
"B251","1994-08",8,1994,8,3,2,0,0,"other",1,1,0
"B251","1994-09",9,1994,9,3,2,0,0,"other",1,1,1
"B251","1994-10",10,1994,10,1,3,0,0,"other",1,1,2
"B251","1994-11",11,1994,11,1,1,0,0,"other",1,1,3
"B251","1994-12",12,1994,12,4,0,0,0,"other",1,1,4
"B251","1995-01",13,1995,1,1,4,0,0,"other",1,1,5
"B251","1995-02",14,1995,2,2,1,0,0,"other",1,1,6
"B251","1995-03",15,1995,3,5,2,0,0,"other",1,1,7
"B251","1995-04",16,1995,4,4,2,0,0,"other",1,1,8
"B251","1995-05",17,1995,5,4,1,0,0,"other",1,1,9
"B251","1995-06",18,1995,6,5,2,0,0,"other",1,1,10
"B252","1994-01",1,1994,1,3,1,0,0,"other",0,0,-7
"B252","1994-02",2,1994,2,0,1,0,0,"other",0,0,-6
"B252","1994-03",3,1994,3,2,2,0,0,"other",0,0,-5
"B252","1994-04",4,1994,4,0,0,0,0,"other",0,0,-4
"B252","1994-05",5,1994,5,3,1,0,0,"other",0,0,-3
"B252","1994-06",6,1994,6,2,0,0,0,"other",0,0,-2
"B252","1994-07",7,1994,7,2,0,0,0,"other",0,0,-1
"B252","1994-08",8,1994,8,3,1,0,0,"other",0,1,0
"B252","1994-09",9,1994,9,0,1,0,0,"other",0,1,1
"B252","1994-10",10,1994,10,1,2,0,0,"other",0,1,2
"B252","1994-11",11,1994,11,1,0,0,0,"other",0,1,3
"B252","1994-12",12,1994,12,5,1,0,0,"other",0,1,4
"B252","1995-01",13,1995,1,2,0,0,0,"other",0,1,5
"B252","1995-02",14,1995,2,1,1,0,0,"other",0,1,6
"B252","1995-03",15,1995,3,0,2,0,0,"other",0,1,7
"B252","1995-04",16,1995,4,4,4,0,0,"other",0,1,8
"B252","1995-05",17,1995,5,3,1,0,0,"other",0,1,9
"B252","1995-06",18,1995,6,5,1,0,0,"other",0,1,10
"B253","1994-01",1,1994,1,1,0,0,0,"other",0,0,-7
"B253","1994-02",2,1994,2,1,2,0,0,"other",0,0,-6
"B253","1994-03",3,1994,3,2,2,0,0,"other",0,0,-5
"B253","1994-04",4,1994,4,3,1,0,0,"other",0,0,-4
"B253","1994-05",5,1994,5,0,1,0,0,"other",0,0,-3
"B253","1994-06",6,1994,6,2,0,0,0,"other",0,0,-2
"B253","1994-07",7,1994,7,1,1,0,0,"other",0,0,-1
"B253","1994-08",8,1994,8,3,0,0,0,"other",0,1,0
"B253","1994-09",9,1994,9,1,2,0,0,"other",0,1,1
"B253","1994-10",10,1994,10,1,1,0,0,"other",0,1,2
"B253","1994-11",11,1994,11,2,1,0,0,"other",0,1,3
"B253","1994-12",12,1994,12,3,4,0,0,"other",0,1,4
"B253","1995-01",13,1995,1,1,2,0,0,"other",0,1,5
"B253","1995-02",14,1995,2,2,0,0,0,"other",0,1,6
"B253","1995-03",15,1995,3,2,2,0,0,"other",0,1,7
"B253","1995-04",16,1995,4,2,1,0,0,"other",0,1,8
"B253","1995-05",17,1995,5,2,1,0,0,"other",0,1,9
"B253","1995-06",18,1995,6,1,2,0,0,"other",0,1,10
"B254","1994-01",1,1994,1,5,0,0,0,"other",0,0,-7
"B254","1994-02",2,1994,2,6,2,0,0,"other",0,0,-6
"B254","1994-03",3,1994,3,3,4,0,0,"other",0,0,-5
"B254","1994-04",4,1994,4,1,0,0,0,"other",0,0,-4
"B254","1994-05",5,1994,5,3,1,0,0,"other",0,0,-3
"B254","1994-06",6,1994,6,3,1,0,0,"other",0,0,-2
"B254","1994-07",7,1994,7,2,0,0,0,"other",0,0,-1
"B254","1994-08",8,1994,8,1,3,0,0,"other",0,1,0
"B254","1994-09",9,1994,9,2,0,0,0,"other",0,1,1
"B254","1994-10",10,1994,10,1,2,0,0,"other",0,1,2
"B254","1994-11",11,1994,11,1,1,0,0,"other",0,1,3
"B254","1994-12",12,1994,12,3,1,0,0,"other",0,1,4
"B254","1995-01",13,1995,1,3,1,0,0,"other",0,1,5
"B254","1995-02",14,1995,2,5,1,0,0,"other",0,1,6
"B254","1995-03",15,1995,3,3,3,0,0,"other",0,1,7
"B254","1995-04",16,1995,4,7,1,0,0,"other",0,1,8
"B254","1995-05",17,1995,5,5,3,0,0,"other",0,1,9
"B254","1995-06",18,1995,6,1,1,0,0,"other",0,1,10
"B255","1994-01",1,1994,1,3,2,0,0,"other",0,0,-7
"B255","1994-02",2,1994,2,1,0,0,0,"other",0,0,-6
"B255","1994-03",3,1994,3,4,3,0,0,"other",0,0,-5
"B255","1994-04",4,1994,4,2,1,0,0,"other",0,0,-4
"B255","1994-05",5,1994,5,2,1,0,0,"other",0,0,-3
"B255","1994-06",6,1994,6,4,0,0,0,"other",0,0,-2
"B255","1994-07",7,1994,7,1,0,0,0,"other",0,0,-1
"B255","1994-08",8,1994,8,6,1,0,0,"other",0,1,0
"B255","1994-09",9,1994,9,3,2,0,0,"other",0,1,1
"B255","1994-10",10,1994,10,3,1,0,0,"other",0,1,2
"B255","1994-11",11,1994,11,3,2,0,0,"other",0,1,3
"B255","1994-12",12,1994,12,3,2,0,0,"other",0,1,4
"B255","1995-01",13,1995,1,2,0,0,0,"other",0,1,5
"B255","1995-02",14,1995,2,4,2,0,0,"other",0,1,6
"B255","1995-03",15,1995,3,7,1,0,0,"other",0,1,7
"B255","1995-04",16,1995,4,4,3,0,0,"other",0,1,8
"B255","1995-05",17,1995,5,3,1,0,0,"other",0,1,9
"B255","1995-06",18,1995,6,3,0,0,0,"other",0,1,10
"B256","1994-01",1,1994,1,1,1,0,0,"other",0,0,-7
"B256","1994-02",2,1994,2,2,4,0,0,"other",0,0,-6
"B256","1994-03",3,1994,3,0,3,0,0,"other",0,0,-5
"B256","1994-04",4,1994,4,2,1,0,0,"other",0,0,-4
"B256","1994-05",5,1994,5,2,2,0,0,"other",0,0,-3
"B256","1994-06",6,1994,6,1,1,0,0,"other",0,0,-2
"B256","1994-07",7,1994,7,2,1,0,0,"other",0,0,-1
"B256","1994-08",8,1994,8,3,3,0,0,"other",0,1,0
"B256","1994-09",9,1994,9,5,4,0,0,"other",0,1,1
"B256","1994-10",10,1994,10,2,1,0,0,"other",0,1,2
"B256","1994-11",11,1994,11,2,2,0,0,"other",0,1,3
"B256","1994-12",12,1994,12,4,0,0,0,"other",0,1,4
"B256","1995-01",13,1995,1,2,3,0,0,"other",0,1,5
"B256","1995-02",14,1995,2,0,1,0,0,"other",0,1,6
"B256","1995-03",15,1995,3,5,1,0,0,"other",0,1,7
"B256","1995-04",16,1995,4,4,2,0,0,"other",0,1,8
"B256","1995-05",17,1995,5,1,1,0,0,"other",0,1,9
"B256","1995-06",18,1995,6,3,0,0,0,"other",0,1,10
"B257","1994-01",1,1994,1,2,1,0,0,"other",0,0,-7
"B257","1994-02",2,1994,2,3,2,0,0,"other",0,0,-6
"B257","1994-03",3,1994,3,5,1,0,0,"other",0,0,-5
"B257","1994-04",4,1994,4,3,1,0,0,"other",0,0,-4
"B257","1994-05",5,1994,5,1,2,0,0,"other",0,0,-3
"B257","1994-06",6,1994,6,0,0,0,0,"other",0,0,-2
"B257","1994-07",7,1994,7,1,0,0,0,"other",0,0,-1
"B257","1994-08",8,1994,8,3,2,0,0,"other",0,1,0
"B257","1994-09",9,1994,9,0,1,0,0,"other",0,1,1
"B257","1994-10",10,1994,10,0,2,0,0,"other",0,1,2
"B257","1994-11",11,1994,11,0,3,0,0,"other",0,1,3
"B257","1994-12",12,1994,12,2,1,0,0,"other",0,1,4
"B257","1995-01",13,1995,1,1,0,0,0,"other",0,1,5
"B257","1995-02",14,1995,2,2,1,0,0,"other",0,1,6
"B257","1995-03",15,1995,3,1,0,0,0,"other",0,1,7
"B257","1995-04",16,1995,4,1,0,0,0,"other",0,1,8
"B257","1995-05",17,1995,5,1,1,0,0,"other",0,1,9
"B257","1995-06",18,1995,6,1,2,0,0,"other",0,1,10
"B258","1994-01",1,1994,1,1,2,0,0,"other",0,0,-7
"B258","1994-02",2,1994,2,1,3,0,0,"other",0,0,-6
"B258","1994-03",3,1994,3,3,1,0,0,"other",0,0,-5
"B258","1994-04",4,1994,4,4,2,0,0,"other",0,0,-4
"B258","1994-05",5,1994,5,4,1,0,0,"other",0,0,-3
"B258","1994-06",6,1994,6,2,2,0,0,"other",0,0,-2
"B258","1994-07",7,1994,7,2,1,0,0,"other",0,0,-1
"B258","1994-08",8,1994,8,5,1,0,0,"other",0,1,0
"B258","1994-09",9,1994,9,2,0,0,0,"other",0,1,1
"B258","1994-10",10,1994,10,2,3,0,0,"other",0,1,2
"B258","1994-11",11,1994,11,2,2,0,0,"other",0,1,3
"B258","1994-12",12,1994,12,1,0,0,0,"other",0,1,4
"B258","1995-01",13,1995,1,5,4,0,0,"other",0,1,5
"B258","1995-02",14,1995,2,3,1,0,0,"other",0,1,6
"B258","1995-03",15,1995,3,5,3,0,0,"other",0,1,7
"B258","1995-04",16,1995,4,5,3,0,0,"other",0,1,8
"B258","1995-05",17,1995,5,3,1,0,0,"other",0,1,9
"B258","1995-06",18,1995,6,3,5,0,0,"other",0,1,10
"B259","1994-01",1,1994,1,2,0,0,0,"other",1,0,-7
"B259","1994-02",2,1994,2,3,2,0,0,"other",1,0,-6
"B259","1994-03",3,1994,3,1,0,0,0,"other",1,0,-5
"B259","1994-04",4,1994,4,2,2,0,0,"other",1,0,-4
"B259","1994-05",5,1994,5,1,1,0,0,"other",1,0,-3
"B259","1994-06",6,1994,6,1,1,0,0,"other",1,0,-2
"B259","1994-07",7,1994,7,3,2,0,0,"other",1,0,-1
"B259","1994-08",8,1994,8,2,1,0,0,"other",1,1,0
"B259","1994-09",9,1994,9,2,1,0,0,"other",1,1,1
"B259","1994-10",10,1994,10,2,1,0,0,"other",1,1,2
"B259","1994-11",11,1994,11,0,1,0,0,"other",1,1,3
"B259","1994-12",12,1994,12,3,3,0,0,"other",1,1,4
"B259","1995-01",13,1995,1,3,0,0,0,"other",1,1,5
"B259","1995-02",14,1995,2,2,1,0,0,"other",1,1,6
"B259","1995-03",15,1995,3,1,0,0,0,"other",1,1,7
"B259","1995-04",16,1995,4,1,2,0,0,"other",1,1,8
"B259","1995-05",17,1995,5,3,0,0,0,"other",1,1,9
"B259","1995-06",18,1995,6,2,1,0,0,"other",1,1,10
"B260","1994-01",1,1994,1,3,1,0,0,"other",0,0,-7
"B260","1994-02",2,1994,2,6,1,0,0,"other",0,0,-6
"B260","1994-03",3,1994,3,1,2,0,0,"other",0,0,-5
"B260","1994-04",4,1994,4,0,1,0,0,"other",0,0,-4
"B260","1994-05",5,1994,5,4,0,0,0,"other",0,0,-3
"B260","1994-06",6,1994,6,0,1,0,0,"other",0,0,-2
"B260","1994-07",7,1994,7,1,3,0,0,"other",0,0,-1
"B260","1994-08",8,1994,8,2,1,0,0,"other",0,1,0
"B260","1994-09",9,1994,9,4,0,0,0,"other",0,1,1
"B260","1994-10",10,1994,10,2,0,0,0,"other",0,1,2
"B260","1994-11",11,1994,11,1,1,0,0,"other",0,1,3
"B260","1994-12",12,1994,12,4,1,0,0,"other",0,1,4
"B260","1995-01",13,1995,1,5,3,0,0,"other",0,1,5
"B260","1995-02",14,1995,2,2,0,0,0,"other",0,1,6
"B260","1995-03",15,1995,3,3,2,0,0,"other",0,1,7
"B260","1995-04",16,1995,4,2,2,0,0,"other",0,1,8
"B260","1995-05",17,1995,5,2,2,0,0,"other",0,1,9
"B260","1995-06",18,1995,6,3,0,0,0,"other",0,1,10
"B261","1994-01",1,1994,1,4,3,0,0,"other",1,0,-7
"B261","1994-02",2,1994,2,3,1,0,0,"other",1,0,-6
"B261","1994-03",3,1994,3,3,1,0,0,"other",1,0,-5
"B261","1994-04",4,1994,4,4,2,0,0,"other",1,0,-4
"B261","1994-05",5,1994,5,5,2,0,0,"other",1,0,-3
"B261","1994-06",6,1994,6,1,3,0,0,"other",1,0,-2
"B261","1994-07",7,1994,7,0,3,0,0,"other",1,0,-1
"B261","1994-08",8,1994,8,3,2,0,0,"other",1,1,0
"B261","1994-09",9,1994,9,5,3,0,0,"other",1,1,1
"B261","1994-10",10,1994,10,2,2,0,0,"other",1,1,2
"B261","1994-11",11,1994,11,2,3,0,0,"other",1,1,3
"B261","1994-12",12,1994,12,2,3,0,0,"other",1,1,4
"B261","1995-01",13,1995,1,2,3,0,0,"other",1,1,5
"B261","1995-02",14,1995,2,2,2,0,0,"other",1,1,6
"B261","1995-03",15,1995,3,3,3,0,0,"other",1,1,7
"B261","1995-04",16,1995,4,4,2,0,0,"other",1,1,8
"B261","1995-05",17,1995,5,1,3,0,0,"other",1,1,9
"B261","1995-06",18,1995,6,4,2,0,0,"other",1,1,10
"B262","1994-01",1,1994,1,0,3,0,0,"other",0,0,-7
"B262","1994-02",2,1994,2,1,1,0,0,"other",0,0,-6
"B262","1994-03",3,1994,3,2,2,0,0,"other",0,0,-5
"B262","1994-04",4,1994,4,1,0,0,0,"other",0,0,-4
"B262","1994-05",5,1994,5,5,2,0,0,"other",0,0,-3
"B262","1994-06",6,1994,6,3,0,0,0,"other",0,0,-2
"B262","1994-07",7,1994,7,2,0,0,0,"other",0,0,-1
"B262","1994-08",8,1994,8,2,2,0,0,"other",0,1,0
"B262","1994-09",9,1994,9,3,2,0,0,"other",0,1,1
"B262","1994-10",10,1994,10,4,0,0,0,"other",0,1,2
"B262","1994-11",11,1994,11,3,1,0,0,"other",0,1,3
"B262","1994-12",12,1994,12,4,0,0,0,"other",0,1,4
"B262","1995-01",13,1995,1,8,0,0,0,"other",0,1,5
"B262","1995-02",14,1995,2,1,3,0,0,"other",0,1,6
"B262","1995-03",15,1995,3,5,1,0,0,"other",0,1,7
"B262","1995-04",16,1995,4,2,1,0,0,"other",0,1,8
"B262","1995-05",17,1995,5,0,2,0,0,"other",0,1,9
"B262","1995-06",18,1995,6,0,1,0,0,"other",0,1,10
"B263","1994-01",1,1994,1,3,0,0,0,"other",0,0,-7
"B263","1994-02",2,1994,2,8,0,0,0,"other",0,0,-6
"B263","1994-03",3,1994,3,6,3,0,0,"other",0,0,-5
"B263","1994-04",4,1994,4,1,2,0,0,"other",0,0,-4
"B263","1994-05",5,1994,5,4,2,0,0,"other",0,0,-3
"B263","1994-06",6,1994,6,3,4,0,0,"other",0,0,-2
"B263","1994-07",7,1994,7,3,3,0,0,"other",0,0,-1
"B263","1994-08",8,1994,8,4,2,0,0,"other",0,1,0
"B263","1994-09",9,1994,9,1,1,0,0,"other",0,1,1
"B263","1994-10",10,1994,10,2,0,0,0,"other",0,1,2
"B263","1994-11",11,1994,11,4,2,0,0,"other",0,1,3
"B263","1994-12",12,1994,12,1,1,0,0,"other",0,1,4
"B263","1995-01",13,1995,1,2,3,0,0,"other",0,1,5
"B263","1995-02",14,1995,2,4,1,0,0,"other",0,1,6
"B263","1995-03",15,1995,3,8,2,0,0,"other",0,1,7
"B263","1995-04",16,1995,4,2,1,0,0,"other",0,1,8
"B263","1995-05",17,1995,5,2,2,0,0,"other",0,1,9
"B263","1995-06",18,1995,6,2,1,0,0,"other",0,1,10
"B264","1994-01",1,1994,1,0,3,0,0,"other",1,0,-7
"B264","1994-02",2,1994,2,4,3,0,0,"other",1,0,-6
"B264","1994-03",3,1994,3,4,2,0,0,"other",1,0,-5
"B264","1994-04",4,1994,4,3,1,0,0,"other",1,0,-4
"B264","1994-05",5,1994,5,2,1,0,0,"other",1,0,-3
"B264","1994-06",6,1994,6,0,1,0,0,"other",1,0,-2
"B264","1994-07",7,1994,7,6,2,0,0,"other",1,0,-1
"B264","1994-08",8,1994,8,3,3,0,0,"other",1,1,0
"B264","1994-09",9,1994,9,3,0,0,0,"other",1,1,1
"B264","1994-10",10,1994,10,2,1,0,0,"other",1,1,2
"B264","1994-11",11,1994,11,1,1,0,0,"other",1,1,3
"B264","1994-12",12,1994,12,2,2,0,0,"other",1,1,4
"B264","1995-01",13,1995,1,4,2,0,0,"other",1,1,5
"B264","1995-02",14,1995,2,1,0,0,0,"other",1,1,6
"B264","1995-03",15,1995,3,4,1,0,0,"other",1,1,7
"B264","1995-04",16,1995,4,1,3,0,0,"other",1,1,8
"B264","1995-05",17,1995,5,3,2,0,0,"other",1,1,9
"B264","1995-06",18,1995,6,3,1,0,0,"other",1,1,10
"B265","1994-01",1,1994,1,3,0,0,0,"other",0,0,-7
"B265","1994-02",2,1994,2,4,0,0,0,"other",0,0,-6
"B265","1994-03",3,1994,3,2,0,0,0,"other",0,0,-5
"B265","1994-04",4,1994,4,0,3,0,0,"other",0,0,-4
"B265","1994-05",5,1994,5,4,1,0,0,"other",0,0,-3
"B265","1994-06",6,1994,6,1,3,0,0,"other",0,0,-2
"B265","1994-07",7,1994,7,2,0,0,0,"other",0,0,-1
"B265","1994-08",8,1994,8,2,3,0,0,"other",0,1,0
"B265","1994-09",9,1994,9,2,1,0,0,"other",0,1,1
"B265","1994-10",10,1994,10,6,3,0,0,"other",0,1,2
"B265","1994-11",11,1994,11,1,1,0,0,"other",0,1,3
"B265","1994-12",12,1994,12,4,2,0,0,"other",0,1,4
"B265","1995-01",13,1995,1,3,1,0,0,"other",0,1,5
"B265","1995-02",14,1995,2,4,1,0,0,"other",0,1,6
"B265","1995-03",15,1995,3,0,0,0,0,"other",0,1,7
"B265","1995-04",16,1995,4,1,2,0,0,"other",0,1,8
"B265","1995-05",17,1995,5,1,1,0,0,"other",0,1,9
"B265","1995-06",18,1995,6,2,0,0,0,"other",0,1,10
"B266","1994-01",1,1994,1,0,3,0,0,"other",1,0,-7
"B266","1994-02",2,1994,2,3,2,0,0,"other",1,0,-6
"B266","1994-03",3,1994,3,2,1,0,0,"other",1,0,-5
"B266","1994-04",4,1994,4,8,2,0,0,"other",1,0,-4
"B266","1994-05",5,1994,5,4,0,0,0,"other",1,0,-3
"B266","1994-06",6,1994,6,1,2,0,0,"other",1,0,-2
"B266","1994-07",7,1994,7,3,1,0,0,"other",1,0,-1
"B266","1994-08",8,1994,8,0,0,0,0,"other",1,1,0
"B266","1994-09",9,1994,9,3,1,0,0,"other",1,1,1
"B266","1994-10",10,1994,10,2,0,0,0,"other",1,1,2
"B266","1994-11",11,1994,11,1,4,0,0,"other",1,1,3
"B266","1994-12",12,1994,12,0,3,0,0,"other",1,1,4
"B266","1995-01",13,1995,1,2,2,0,0,"other",1,1,5
"B266","1995-02",14,1995,2,2,2,0,0,"other",1,1,6
"B266","1995-03",15,1995,3,5,1,0,0,"other",1,1,7
"B266","1995-04",16,1995,4,4,1,0,0,"other",1,1,8
"B266","1995-05",17,1995,5,4,4,0,0,"other",1,1,9
"B266","1995-06",18,1995,6,6,1,0,0,"other",1,1,10
"B267","1994-01",1,1994,1,4,1,0,0,"other",0,0,-7
"B267","1994-02",2,1994,2,3,1,0,0,"other",0,0,-6
"B267","1994-03",3,1994,3,3,1,0,0,"other",0,0,-5
"B267","1994-04",4,1994,4,1,1,0,0,"other",0,0,-4
"B267","1994-05",5,1994,5,1,3,0,0,"other",0,0,-3
"B267","1994-06",6,1994,6,3,0,0,0,"other",0,0,-2
"B267","1994-07",7,1994,7,0,3,0,0,"other",0,0,-1
"B267","1994-08",8,1994,8,0,2,0,0,"other",0,1,0
"B267","1994-09",9,1994,9,3,3,0,0,"other",0,1,1
"B267","1994-10",10,1994,10,0,1,0,0,"other",0,1,2
"B267","1994-11",11,1994,11,2,0,0,0,"other",0,1,3
"B267","1994-12",12,1994,12,1,1,0,0,"other",0,1,4
"B267","1995-01",13,1995,1,3,2,0,0,"other",0,1,5
"B267","1995-02",14,1995,2,2,1,0,0,"other",0,1,6
"B267","1995-03",15,1995,3,6,1,0,0,"other",0,1,7
"B267","1995-04",16,1995,4,1,1,0,0,"other",0,1,8
"B267","1995-05",17,1995,5,5,2,0,0,"other",0,1,9
"B267","1995-06",18,1995,6,3,3,0,0,"other",0,1,10
"B268","1994-01",1,1994,1,2,2,0,0,"other",0,0,-7
"B268","1994-02",2,1994,2,2,1,0,0,"other",0,0,-6
"B268","1994-03",3,1994,3,2,3,0,0,"other",0,0,-5
"B268","1994-04",4,1994,4,3,1,0,0,"other",0,0,-4
"B268","1994-05",5,1994,5,1,2,0,0,"other",0,0,-3
"B268","1994-06",6,1994,6,3,0,0,0,"other",0,0,-2
"B268","1994-07",7,1994,7,2,0,0,0,"other",0,0,-1
"B268","1994-08",8,1994,8,3,3,0,0,"other",0,1,0
"B268","1994-09",9,1994,9,3,1,0,0,"other",0,1,1
"B268","1994-10",10,1994,10,1,0,0,0,"other",0,1,2
"B268","1994-11",11,1994,11,2,1,0,0,"other",0,1,3
"B268","1994-12",12,1994,12,2,0,0,0,"other",0,1,4
"B268","1995-01",13,1995,1,2,2,0,0,"other",0,1,5
"B268","1995-02",14,1995,2,3,2,0,0,"other",0,1,6
"B268","1995-03",15,1995,3,2,0,0,0,"other",0,1,7
"B268","1995-04",16,1995,4,3,2,0,0,"other",0,1,8
"B268","1995-05",17,1995,5,2,2,0,0,"other",0,1,9
"B268","1995-06",18,1995,6,3,0,0,0,"other",0,1,10
"B269","1994-01",1,1994,1,0,0,0,0,"other",1,0,-7
"B269","1994-02",2,1994,2,1,2,0,0,"other",1,0,-6
"B269","1994-03",3,1994,3,5,0,0,0,"other",1,0,-5
"B269","1994-04",4,1994,4,7,0,0,0,"other",1,0,-4
"B269","1994-05",5,1994,5,2,2,0,0,"other",1,0,-3
"B269","1994-06",6,1994,6,1,3,0,0,"other",1,0,-2
"B269","1994-07",7,1994,7,3,0,0,0,"other",1,0,-1
"B269","1994-08",8,1994,8,3,1,0,0,"other",1,1,0
"B269","1994-09",9,1994,9,5,0,0,0,"other",1,1,1
"B269","1994-10",10,1994,10,2,2,0,0,"other",1,1,2
"B269","1994-11",11,1994,11,2,4,0,0,"other",1,1,3
"B269","1994-12",12,1994,12,4,3,0,0,"other",1,1,4
"B269","1995-01",13,1995,1,2,3,0,0,"other",1,1,5
"B269","1995-02",14,1995,2,2,0,0,0,"other",1,1,6
"B269","1995-03",15,1995,3,1,4,0,0,"other",1,1,7
"B269","1995-04",16,1995,4,5,0,0,0,"other",1,1,8
"B269","1995-05",17,1995,5,3,0,0,0,"other",1,1,9
"B269","1995-06",18,1995,6,2,3,0,0,"other",1,1,10
"B270","1994-01",1,1994,1,5,3,0,0,"other",0,0,-7
"B270","1994-02",2,1994,2,3,1,0,0,"other",0,0,-6
"B270","1994-03",3,1994,3,6,3,0,0,"other",0,0,-5
"B270","1994-04",4,1994,4,1,0,0,0,"other",0,0,-4
"B270","1994-05",5,1994,5,2,6,0,0,"other",0,0,-3
"B270","1994-06",6,1994,6,3,4,0,0,"other",0,0,-2
"B270","1994-07",7,1994,7,5,3,0,0,"other",0,0,-1
"B270","1994-08",8,1994,8,3,1,0,0,"other",0,1,0
"B270","1994-09",9,1994,9,0,2,0,0,"other",0,1,1
"B270","1994-10",10,1994,10,1,2,0,0,"other",0,1,2
"B270","1994-11",11,1994,11,5,1,0,0,"other",0,1,3
"B270","1994-12",12,1994,12,2,1,0,0,"other",0,1,4
"B270","1995-01",13,1995,1,6,1,0,0,"other",0,1,5
"B270","1995-02",14,1995,2,2,1,0,0,"other",0,1,6
"B270","1995-03",15,1995,3,5,1,0,0,"other",0,1,7
"B270","1995-04",16,1995,4,3,0,0,0,"other",0,1,8
"B270","1995-05",17,1995,5,2,3,0,0,"other",0,1,9
"B270","1995-06",18,1995,6,1,2,0,0,"other",0,1,10
"B271","1994-01",1,1994,1,1,1,0,0,"other",0,0,-7
"B271","1994-02",2,1994,2,2,4,0,0,"other",0,0,-6
"B271","1994-03",3,1994,3,3,2,0,0,"other",0,0,-5
"B271","1994-04",4,1994,4,1,0,0,0,"other",0,0,-4
"B271","1994-05",5,1994,5,1,2,0,0,"other",0,0,-3
"B271","1994-06",6,1994,6,1,5,0,0,"other",0,0,-2
"B271","1994-07",7,1994,7,1,2,0,0,"other",0,0,-1
"B271","1994-08",8,1994,8,1,1,0,0,"other",0,1,0
"B271","1994-09",9,1994,9,1,5,0,0,"other",0,1,1
"B271","1994-10",10,1994,10,2,1,0,0,"other",0,1,2
"B271","1994-11",11,1994,11,1,2,0,0,"other",0,1,3
"B271","1994-12",12,1994,12,2,3,0,0,"other",0,1,4
"B271","1995-01",13,1995,1,4,1,0,0,"other",0,1,5
"B271","1995-02",14,1995,2,2,1,0,0,"other",0,1,6
"B271","1995-03",15,1995,3,2,0,0,0,"other",0,1,7
"B271","1995-04",16,1995,4,1,1,0,0,"other",0,1,8
"B271","1995-05",17,1995,5,3,1,0,0,"other",0,1,9
"B271","1995-06",18,1995,6,3,0,0,0,"other",0,1,10
"B272","1994-01",1,1994,1,5,1,0,0,"other",0,0,-7
"B272","1994-02",2,1994,2,5,2,0,0,"other",0,0,-6
"B272","1994-03",3,1994,3,3,2,0,0,"other",0,0,-5
"B272","1994-04",4,1994,4,1,0,0,0,"other",0,0,-4
"B272","1994-05",5,1994,5,2,3,0,0,"other",0,0,-3
"B272","1994-06",6,1994,6,3,0,0,0,"other",0,0,-2
"B272","1994-07",7,1994,7,4,3,0,0,"other",0,0,-1
"B272","1994-08",8,1994,8,3,1,0,0,"other",0,1,0
"B272","1994-09",9,1994,9,1,3,0,0,"other",0,1,1
"B272","1994-10",10,1994,10,3,1,0,0,"other",0,1,2
"B272","1994-11",11,1994,11,2,0,0,0,"other",0,1,3
"B272","1994-12",12,1994,12,0,3,0,0,"other",0,1,4
"B272","1995-01",13,1995,1,0,0,0,0,"other",0,1,5
"B272","1995-02",14,1995,2,5,2,0,0,"other",0,1,6
"B272","1995-03",15,1995,3,2,1,0,0,"other",0,1,7
"B272","1995-04",16,1995,4,2,1,0,0,"other",0,1,8
"B272","1995-05",17,1995,5,1,2,0,0,"other",0,1,9
"B272","1995-06",18,1995,6,1,3,0,0,"other",0,1,10
"B273","1994-01",1,1994,1,3,3,0,0,"other",0,0,-7
"B273","1994-02",2,1994,2,0,2,0,0,"other",0,0,-6
"B273","1994-03",3,1994,3,2,2,0,0,"other",0,0,-5
"B273","1994-04",4,1994,4,2,3,0,0,"other",0,0,-4
"B273","1994-05",5,1994,5,3,2,0,0,"other",0,0,-3
"B273","1994-06",6,1994,6,3,0,0,0,"other",0,0,-2
"B273","1994-07",7,1994,7,3,0,0,0,"other",0,0,-1
"B273","1994-08",8,1994,8,4,3,0,0,"other",0,1,0
"B273","1994-09",9,1994,9,2,0,0,0,"other",0,1,1
"B273","1994-10",10,1994,10,4,1,0,0,"other",0,1,2
"B273","1994-11",11,1994,11,4,3,0,0,"other",0,1,3
"B273","1994-12",12,1994,12,1,1,0,0,"other",0,1,4
"B273","1995-01",13,1995,1,4,1,0,0,"other",0,1,5
"B273","1995-02",14,1995,2,3,4,0,0,"other",0,1,6
"B273","1995-03",15,1995,3,3,1,0,0,"other",0,1,7
"B273","1995-04",16,1995,4,2,0,0,0,"other",0,1,8
"B273","1995-05",17,1995,5,0,1,0,0,"other",0,1,9
"B273","1995-06",18,1995,6,0,0,0,0,"other",0,1,10
"B274","1994-01",1,1994,1,1,1,0,0,"other",0,0,-7
"B274","1994-02",2,1994,2,4,1,0,0,"other",0,0,-6
"B274","1994-03",3,1994,3,4,2,0,0,"other",0,0,-5
"B274","1994-04",4,1994,4,2,2,0,0,"other",0,0,-4
"B274","1994-05",5,1994,5,3,2,0,0,"other",0,0,-3
"B274","1994-06",6,1994,6,4,3,0,0,"other",0,0,-2
"B274","1994-07",7,1994,7,2,0,0,0,"other",0,0,-1
"B274","1994-08",8,1994,8,1,0,0,0,"other",0,1,0
"B274","1994-09",9,1994,9,1,2,0,0,"other",0,1,1
"B274","1994-10",10,1994,10,3,2,0,0,"other",0,1,2
"B274","1994-11",11,1994,11,4,1,0,0,"other",0,1,3
"B274","1994-12",12,1994,12,4,3,0,0,"other",0,1,4
"B274","1995-01",13,1995,1,0,1,0,0,"other",0,1,5
"B274","1995-02",14,1995,2,3,2,0,0,"other",0,1,6
"B274","1995-03",15,1995,3,3,3,0,0,"other",0,1,7
"B274","1995-04",16,1995,4,4,2,0,0,"other",0,1,8
"B274","1995-05",17,1995,5,0,0,0,0,"other",0,1,9
"B274","1995-06",18,1995,6,2,1,0,0,"other",0,1,10
"B275","1994-01",1,1994,1,2,1,0,0,"other",0,0,-7
"B275","1994-02",2,1994,2,0,0,0,0,"other",0,0,-6
"B275","1994-03",3,1994,3,3,2,0,0,"other",0,0,-5
"B275","1994-04",4,1994,4,4,3,0,0,"other",0,0,-4
"B275","1994-05",5,1994,5,1,3,0,0,"other",0,0,-3
"B275","1994-06",6,1994,6,3,1,0,0,"other",0,0,-2
"B275","1994-07",7,1994,7,1,1,0,0,"other",0,0,-1
"B275","1994-08",8,1994,8,3,3,0,0,"other",0,1,0
"B275","1994-09",9,1994,9,2,1,0,0,"other",0,1,1
"B275","1994-10",10,1994,10,2,0,0,0,"other",0,1,2
"B275","1994-11",11,1994,11,2,1,0,0,"other",0,1,3
"B275","1994-12",12,1994,12,6,0,0,0,"other",0,1,4
"B275","1995-01",13,1995,1,4,1,0,0,"other",0,1,5
"B275","1995-02",14,1995,2,2,1,0,0,"other",0,1,6
"B275","1995-03",15,1995,3,4,0,0,0,"other",0,1,7
"B275","1995-04",16,1995,4,3,2,0,0,"other",0,1,8
"B275","1995-05",17,1995,5,1,1,0,0,"other",0,1,9
"B275","1995-06",18,1995,6,0,2,0,0,"other",0,1,10
"B276","1994-01",1,1994,1,1,0,0,0,"other",1,0,-7
"B276","1994-02",2,1994,2,4,1,0,0,"other",1,0,-6
"B276","1994-03",3,1994,3,4,3,0,0,"other",1,0,-5
"B276","1994-04",4,1994,4,0,3,0,0,"other",1,0,-4
"B276","1994-05",5,1994,5,3,3,0,0,"other",1,0,-3
"B276","1994-06",6,1994,6,4,3,0,0,"other",1,0,-2
"B276","1994-07",7,1994,7,4,1,0,0,"other",1,0,-1
"B276","1994-08",8,1994,8,3,4,0,0,"other",1,1,0
"B276","1994-09",9,1994,9,0,0,0,0,"other",1,1,1
"B276","1994-10",10,1994,10,2,2,0,0,"other",1,1,2
"B276","1994-11",11,1994,11,4,1,0,0,"other",1,1,3
"B276","1994-12",12,1994,12,4,2,0,0,"other",1,1,4
"B276","1995-01",13,1995,1,3,2,0,0,"other",1,1,5
"B276","1995-02",14,1995,2,1,4,0,0,"other",1,1,6
"B276","1995-03",15,1995,3,2,2,0,0,"other",1,1,7
"B276","1995-04",16,1995,4,2,2,0,0,"other",1,1,8
"B276","1995-05",17,1995,5,1,1,0,0,"other",1,1,9
"B276","1995-06",18,1995,6,4,2,0,0,"other",1,1,10
"B277","1994-01",1,1994,1,2,0,0,0,"other",0,0,-7
"B277","1994-02",2,1994,2,1,3,0,0,"other",0,0,-6
"B277","1994-03",3,1994,3,2,1,0,0,"other",0,0,-5
"B277","1994-04",4,1994,4,1,2,0,0,"other",0,0,-4
"B277","1994-05",5,1994,5,2,1,0,0,"other",0,0,-3
"B277","1994-06",6,1994,6,3,0,0,0,"other",0,0,-2
"B277","1994-07",7,1994,7,1,1,0,0,"other",0,0,-1
"B277","1994-08",8,1994,8,2,1,0,0,"other",0,1,0
"B277","1994-09",9,1994,9,1,1,0,0,"other",0,1,1
"B277","1994-10",10,1994,10,0,1,0,0,"other",0,1,2
"B277","1994-11",11,1994,11,1,2,0,0,"other",0,1,3
"B277","1994-12",12,1994,12,1,0,0,0,"other",0,1,4
"B277","1995-01",13,1995,1,1,2,0,0,"other",0,1,5
"B277","1995-02",14,1995,2,6,2,0,0,"other",0,1,6
"B277","1995-03",15,1995,3,6,3,0,0,"other",0,1,7
"B277","1995-04",16,1995,4,2,0,0,0,"other",0,1,8
"B277","1995-05",17,1995,5,2,0,0,0,"other",0,1,9
"B277","1995-06",18,1995,6,3,2,0,0,"other",0,1,10
"B278","1994-01",1,1994,1,2,1,0,0,"other",0,0,-7
"B278","1994-02",2,1994,2,3,1,0,0,"other",0,0,-6
"B278","1994-03",3,1994,3,2,0,0,0,"other",0,0,-5
"B278","1994-04",4,1994,4,1,0,0,0,"other",0,0,-4
"B278","1994-05",5,1994,5,1,3,0,0,"other",0,0,-3
"B278","1994-06",6,1994,6,3,0,0,0,"other",0,0,-2
"B278","1994-07",7,1994,7,2,3,0,0,"other",0,0,-1
"B278","1994-08",8,1994,8,4,1,0,0,"other",0,1,0
"B278","1994-09",9,1994,9,4,2,0,0,"other",0,1,1
"B278","1994-10",10,1994,10,1,2,0,0,"other",0,1,2
"B278","1994-11",11,1994,11,3,0,0,0,"other",0,1,3
"B278","1994-12",12,1994,12,3,0,0,0,"other",0,1,4
"B278","1995-01",13,1995,1,3,1,0,0,"other",0,1,5
"B278","1995-02",14,1995,2,3,2,0,0,"other",0,1,6
"B278","1995-03",15,1995,3,2,4,0,0,"other",0,1,7
"B278","1995-04",16,1995,4,3,2,0,0,"other",0,1,8
"B278","1995-05",17,1995,5,4,1,0,0,"other",0,1,9
"B278","1995-06",18,1995,6,6,2,0,0,"other",0,1,10
"B279","1994-01",1,1994,1,1,1,0,0,"other",0,0,-7
"B279","1994-02",2,1994,2,3,0,0,0,"other",0,0,-6
"B279","1994-03",3,1994,3,3,0,0,0,"other",0,0,-5
"B279","1994-04",4,1994,4,4,0,0,0,"other",0,0,-4
"B279","1994-05",5,1994,5,4,2,0,0,"other",0,0,-3
"B279","1994-06",6,1994,6,2,3,0,0,"other",0,0,-2
"B279","1994-07",7,1994,7,1,1,0,0,"other",0,0,-1
"B279","1994-08",8,1994,8,1,0,0,0,"other",0,1,0
"B279","1994-09",9,1994,9,2,1,0,0,"other",0,1,1
"B279","1994-10",10,1994,10,3,1,0,0,"other",0,1,2
"B279","1994-11",11,1994,11,0,3,0,0,"other",0,1,3
"B279","1994-12",12,1994,12,4,2,0,0,"other",0,1,4
"B279","1995-01",13,1995,1,5,0,0,0,"other",0,1,5
"B279","1995-02",14,1995,2,4,3,0,0,"other",0,1,6
"B279","1995-03",15,1995,3,2,1,0,0,"other",0,1,7
"B279","1995-04",16,1995,4,3,4,0,0,"other",0,1,8
"B279","1995-05",17,1995,5,5,3,0,0,"other",0,1,9
"B279","1995-06",18,1995,6,3,1,0,0,"other",0,1,10
"B280","1994-01",1,1994,1,2,1,0,0,"other",0,0,-7
"B280","1994-02",2,1994,2,5,2,0,0,"other",0,0,-6
"B280","1994-03",3,1994,3,2,2,0,0,"other",0,0,-5
"B280","1994-04",4,1994,4,3,5,0,0,"other",0,0,-4
"B280","1994-05",5,1994,5,2,0,0,0,"other",0,0,-3
"B280","1994-06",6,1994,6,0,2,0,0,"other",0,0,-2
"B280","1994-07",7,1994,7,0,5,0,0,"other",0,0,-1
"B280","1994-08",8,1994,8,5,2,0,0,"other",0,1,0
"B280","1994-09",9,1994,9,2,2,0,0,"other",0,1,1
"B280","1994-10",10,1994,10,3,1,0,0,"other",0,1,2
"B280","1994-11",11,1994,11,8,0,0,0,"other",0,1,3
"B280","1994-12",12,1994,12,3,1,0,0,"other",0,1,4
"B280","1995-01",13,1995,1,4,1,0,0,"other",0,1,5
"B280","1995-02",14,1995,2,4,3,0,0,"other",0,1,6
"B280","1995-03",15,1995,3,1,4,0,0,"other",0,1,7
"B280","1995-04",16,1995,4,3,1,0,0,"other",0,1,8
"B280","1995-05",17,1995,5,4,2,0,0,"other",0,1,9
"B280","1995-06",18,1995,6,2,2,0,0,"other",0,1,10
"B281","1994-01",1,1994,1,2,0,0,0,"other",0,0,-7
"B281","1994-02",2,1994,2,0,0,0,0,"other",0,0,-6
"B281","1994-03",3,1994,3,2,0,0,0,"other",0,0,-5
"B281","1994-04",4,1994,4,3,0,0,0,"other",0,0,-4
"B281","1994-05",5,1994,5,6,2,0,0,"other",0,0,-3
"B281","1994-06",6,1994,6,1,1,0,0,"other",0,0,-2
"B281","1994-07",7,1994,7,2,0,0,0,"other",0,0,-1
"B281","1994-08",8,1994,8,0,0,0,0,"other",0,1,0
"B281","1994-09",9,1994,9,2,0,0,0,"other",0,1,1
"B281","1994-10",10,1994,10,2,1,0,0,"other",0,1,2
"B281","1994-11",11,1994,11,5,2,0,0,"other",0,1,3
"B281","1994-12",12,1994,12,1,2,0,0,"other",0,1,4
"B281","1995-01",13,1995,1,2,0,0,0,"other",0,1,5
"B281","1995-02",14,1995,2,2,1,0,0,"other",0,1,6
"B281","1995-03",15,1995,3,2,1,0,0,"other",0,1,7
"B281","1995-04",16,1995,4,1,2,0,0,"other",0,1,8
"B281","1995-05",17,1995,5,2,1,0,0,"other",0,1,9
"B281","1995-06",18,1995,6,2,0,0,0,"other",0,1,10
"B282","1994-01",1,1994,1,4,2,0,0,"other",0,0,-7
"B282","1994-02",2,1994,2,4,1,0,0,"other",0,0,-6
"B282","1994-03",3,1994,3,5,1,0,0,"other",0,0,-5
"B282","1994-04",4,1994,4,0,0,0,0,"other",0,0,-4
"B282","1994-05",5,1994,5,3,1,0,0,"other",0,0,-3
"B282","1994-06",6,1994,6,4,0,0,0,"other",0,0,-2
"B282","1994-07",7,1994,7,1,1,0,0,"other",0,0,-1
"B282","1994-08",8,1994,8,3,0,0,0,"other",0,1,0
"B282","1994-09",9,1994,9,2,2,0,0,"other",0,1,1
"B282","1994-10",10,1994,10,3,0,0,0,"other",0,1,2
"B282","1994-11",11,1994,11,4,0,0,0,"other",0,1,3
"B282","1994-12",12,1994,12,3,3,0,0,"other",0,1,4
"B282","1995-01",13,1995,1,4,2,0,0,"other",0,1,5
"B282","1995-02",14,1995,2,4,3,0,0,"other",0,1,6
"B282","1995-03",15,1995,3,2,1,0,0,"other",0,1,7
"B282","1995-04",16,1995,4,2,2,0,0,"other",0,1,8
"B282","1995-05",17,1995,5,5,2,0,0,"other",0,1,9
"B282","1995-06",18,1995,6,0,0,0,0,"other",0,1,10
"B283","1994-01",1,1994,1,1,0,0,0,"other",0,0,-7
"B283","1994-02",2,1994,2,3,1,0,0,"other",0,0,-6
"B283","1994-03",3,1994,3,3,1,0,0,"other",0,0,-5
"B283","1994-04",4,1994,4,3,0,0,0,"other",0,0,-4
"B283","1994-05",5,1994,5,0,1,0,0,"other",0,0,-3
"B283","1994-06",6,1994,6,2,1,0,0,"other",0,0,-2
"B283","1994-07",7,1994,7,2,0,0,0,"other",0,0,-1
"B283","1994-08",8,1994,8,1,0,0,0,"other",0,1,0
"B283","1994-09",9,1994,9,2,1,0,0,"other",0,1,1
"B283","1994-10",10,1994,10,0,1,0,0,"other",0,1,2
"B283","1994-11",11,1994,11,1,3,0,0,"other",0,1,3
"B283","1994-12",12,1994,12,2,2,0,0,"other",0,1,4
"B283","1995-01",13,1995,1,3,5,0,0,"other",0,1,5
"B283","1995-02",14,1995,2,5,4,0,0,"other",0,1,6
"B283","1995-03",15,1995,3,3,1,0,0,"other",0,1,7
"B283","1995-04",16,1995,4,4,0,0,0,"other",0,1,8
"B283","1995-05",17,1995,5,0,3,0,0,"other",0,1,9
"B283","1995-06",18,1995,6,2,3,0,0,"other",0,1,10
"B284","1994-01",1,1994,1,1,0,0,0,"other",0,0,-7
"B284","1994-02",2,1994,2,2,1,0,0,"other",0,0,-6
"B284","1994-03",3,1994,3,2,5,0,0,"other",0,0,-5
"B284","1994-04",4,1994,4,1,2,0,0,"other",0,0,-4
"B284","1994-05",5,1994,5,2,0,0,0,"other",0,0,-3
"B284","1994-06",6,1994,6,3,2,0,0,"other",0,0,-2
"B284","1994-07",7,1994,7,3,2,0,0,"other",0,0,-1
"B284","1994-08",8,1994,8,1,1,0,0,"other",0,1,0
"B284","1994-09",9,1994,9,4,2,0,0,"other",0,1,1
"B284","1994-10",10,1994,10,2,0,0,0,"other",0,1,2
"B284","1994-11",11,1994,11,1,1,0,0,"other",0,1,3
"B284","1994-12",12,1994,12,2,1,0,0,"other",0,1,4
"B284","1995-01",13,1995,1,5,3,0,0,"other",0,1,5
"B284","1995-02",14,1995,2,1,2,0,0,"other",0,1,6
"B284","1995-03",15,1995,3,1,0,0,0,"other",0,1,7
"B284","1995-04",16,1995,4,1,1,0,0,"other",0,1,8
"B284","1995-05",17,1995,5,4,0,0,0,"other",0,1,9
"B284","1995-06",18,1995,6,1,0,0,0,"other",0,1,10
"B285","1994-01",1,1994,1,2,1,0,0,"other",1,0,-7
"B285","1994-02",2,1994,2,3,3,0,0,"other",1,0,-6
"B285","1994-03",3,1994,3,2,1,0,0,"other",1,0,-5
"B285","1994-04",4,1994,4,1,4,0,0,"other",1,0,-4
"B285","1994-05",5,1994,5,0,0,0,0,"other",1,0,-3
"B285","1994-06",6,1994,6,0,1,0,0,"other",1,0,-2
"B285","1994-07",7,1994,7,2,0,0,0,"other",1,0,-1
"B285","1994-08",8,1994,8,2,2,0,0,"other",1,1,0
"B285","1994-09",9,1994,9,4,1,0,0,"other",1,1,1
"B285","1994-10",10,1994,10,3,2,0,0,"other",1,1,2
"B285","1994-11",11,1994,11,2,4,0,0,"other",1,1,3
"B285","1994-12",12,1994,12,4,1,0,0,"other",1,1,4
"B285","1995-01",13,1995,1,1,0,0,0,"other",1,1,5
"B285","1995-02",14,1995,2,3,0,0,0,"other",1,1,6
"B285","1995-03",15,1995,3,1,1,0,0,"other",1,1,7
"B285","1995-04",16,1995,4,6,0,0,0,"other",1,1,8
"B285","1995-05",17,1995,5,2,0,0,0,"other",1,1,9
"B285","1995-06",18,1995,6,2,3,0,0,"other",1,1,10
"B286","1994-01",1,1994,1,3,1,0,0,"other",1,0,-7
"B286","1994-02",2,1994,2,3,0,0,0,"other",1,0,-6
"B286","1994-03",3,1994,3,2,1,0,0,"other",1,0,-5
"B286","1994-04",4,1994,4,2,3,0,0,"other",1,0,-4
"B286","1994-05",5,1994,5,5,4,0,0,"other",1,0,-3
"B286","1994-06",6,1994,6,4,2,0,0,"other",1,0,-2
"B286","1994-07",7,1994,7,1,2,0,0,"other",1,0,-1
"B286","1994-08",8,1994,8,0,0,0,0,"other",1,1,0
"B286","1994-09",9,1994,9,2,4,0,0,"other",1,1,1
"B286","1994-10",10,1994,10,2,0,0,0,"other",1,1,2
"B286","1994-11",11,1994,11,2,2,0,0,"other",1,1,3
"B286","1994-12",12,1994,12,4,0,0,0,"other",1,1,4
"B286","1995-01",13,1995,1,1,0,0,0,"other",1,1,5
"B286","1995-02",14,1995,2,2,0,0,0,"other",1,1,6
"B286","1995-03",15,1995,3,3,0,0,0,"other",1,1,7
"B286","1995-04",16,1995,4,0,2,0,0,"other",1,1,8
"B286","1995-05",17,1995,5,8,0,0,0,"other",1,1,9
"B286","1995-06",18,1995,6,3,2,0,0,"other",1,1,10
"B287","1994-01",1,1994,1,1,5,0,0,"other",1,0,-7
"B287","1994-02",2,1994,2,2,0,0,0,"other",1,0,-6
"B287","1994-03",3,1994,3,2,1,0,0,"other",1,0,-5
"B287","1994-04",4,1994,4,3,1,0,0,"other",1,0,-4
"B287","1994-05",5,1994,5,2,1,0,0,"other",1,0,-3
"B287","1994-06",6,1994,6,3,1,0,0,"other",1,0,-2
"B287","1994-07",7,1994,7,3,0,0,0,"other",1,0,-1
"B287","1994-08",8,1994,8,3,2,0,0,"other",1,1,0
"B287","1994-09",9,1994,9,3,3,0,0,"other",1,1,1
"B287","1994-10",10,1994,10,0,2,0,0,"other",1,1,2
"B287","1994-11",11,1994,11,0,1,0,0,"other",1,1,3
"B287","1994-12",12,1994,12,1,2,0,0,"other",1,1,4
"B287","1995-01",13,1995,1,0,1,0,0,"other",1,1,5
"B287","1995-02",14,1995,2,2,1,0,0,"other",1,1,6
"B287","1995-03",15,1995,3,1,1,0,0,"other",1,1,7
"B287","1995-04",16,1995,4,1,2,0,0,"other",1,1,8
"B287","1995-05",17,1995,5,1,0,0,0,"other",1,1,9
"B287","1995-06",18,1995,6,0,0,0,0,"other",1,1,10
"B288","1994-01",1,1994,1,1,1,0,0,"other",0,0,-7
"B288","1994-02",2,1994,2,0,1,0,0,"other",0,0,-6
"B288","1994-03",3,1994,3,4,0,0,0,"other",0,0,-5
"B288","1994-04",4,1994,4,2,0,0,0,"other",0,0,-4
"B288","1994-05",5,1994,5,2,6,0,0,"other",0,0,-3
"B288","1994-06",6,1994,6,4,1,0,0,"other",0,0,-2
"B288","1994-07",7,1994,7,2,0,0,0,"other",0,0,-1
"B288","1994-08",8,1994,8,0,0,0,0,"other",0,1,0
"B288","1994-09",9,1994,9,5,2,0,0,"other",0,1,1
"B288","1994-10",10,1994,10,3,0,0,0,"other",0,1,2
"B288","1994-11",11,1994,11,2,1,0,0,"other",0,1,3
"B288","1994-12",12,1994,12,1,1,0,0,"other",0,1,4
"B288","1995-01",13,1995,1,1,2,0,0,"other",0,1,5
"B288","1995-02",14,1995,2,2,1,0,0,"other",0,1,6
"B288","1995-03",15,1995,3,1,3,0,0,"other",0,1,7
"B288","1995-04",16,1995,4,3,1,0,0,"other",0,1,8
"B288","1995-05",17,1995,5,6,0,0,0,"other",0,1,9
"B288","1995-06",18,1995,6,4,3,0,0,"other",0,1,10
"B289","1994-01",1,1994,1,1,2,0,0,"other",1,0,-7
"B289","1994-02",2,1994,2,2,2,0,0,"other",1,0,-6
"B289","1994-03",3,1994,3,2,1,0,0,"other",1,0,-5
"B289","1994-04",4,1994,4,2,0,0,0,"other",1,0,-4
"B289","1994-05",5,1994,5,1,1,0,0,"other",1,0,-3
"B289","1994-06",6,1994,6,4,0,0,0,"other",1,0,-2
"B289","1994-07",7,1994,7,2,0,0,0,"other",1,0,-1
"B289","1994-08",8,1994,8,4,1,0,0,"other",1,1,0
"B289","1994-09",9,1994,9,1,1,0,0,"other",1,1,1
"B289","1994-10",10,1994,10,0,2,0,0,"other",1,1,2
"B289","1994-11",11,1994,11,3,0,0,0,"other",1,1,3
"B289","1994-12",12,1994,12,4,2,0,0,"other",1,1,4
"B289","1995-01",13,1995,1,2,4,0,0,"other",1,1,5
"B289","1995-02",14,1995,2,5,2,0,0,"other",1,1,6
"B289","1995-03",15,1995,3,4,1,0,0,"other",1,1,7
"B289","1995-04",16,1995,4,4,2,0,0,"other",1,1,8
"B289","1995-05",17,1995,5,4,0,0,0,"other",1,1,9
"B289","1995-06",18,1995,6,3,1,0,0,"other",1,1,10
"B290","1994-01",1,1994,1,1,1,0,0,"other",1,0,-7
"B290","1994-02",2,1994,2,0,2,0,0,"other",1,0,-6
"B290","1994-03",3,1994,3,3,0,0,0,"other",1,0,-5
"B290","1994-04",4,1994,4,2,0,0,0,"other",1,0,-4
"B290","1994-05",5,1994,5,1,1,0,0,"other",1,0,-3
"B290","1994-06",6,1994,6,1,0,0,0,"other",1,0,-2
"B290","1994-07",7,1994,7,2,4,0,0,"other",1,0,-1
"B290","1994-08",8,1994,8,2,1,0,0,"other",1,1,0
"B290","1994-09",9,1994,9,2,2,0,0,"other",1,1,1
"B290","1994-10",10,1994,10,1,0,0,0,"other",1,1,2
"B290","1994-11",11,1994,11,5,4,0,0,"other",1,1,3
"B290","1994-12",12,1994,12,3,3,0,0,"other",1,1,4
"B290","1995-01",13,1995,1,2,1,0,0,"other",1,1,5
"B290","1995-02",14,1995,2,5,1,0,0,"other",1,1,6
"B290","1995-03",15,1995,3,3,2,0,0,"other",1,1,7
"B290","1995-04",16,1995,4,1,2,0,0,"other",1,1,8
"B290","1995-05",17,1995,5,4,3,0,0,"other",1,1,9
"B290","1995-06",18,1995,6,4,1,0,0,"other",1,1,10
"B291","1994-01",1,1994,1,1,4,0,0,"other",1,0,-7
"B291","1994-02",2,1994,2,3,2,0,0,"other",1,0,-6
"B291","1994-03",3,1994,3,2,1,0,0,"other",1,0,-5
"B291","1994-04",4,1994,4,2,0,0,0,"other",1,0,-4
"B291","1994-05",5,1994,5,3,0,0,0,"other",1,0,-3
"B291","1994-06",6,1994,6,2,2,0,0,"other",1,0,-2
"B291","1994-07",7,1994,7,3,1,0,0,"other",1,0,-1
"B291","1994-08",8,1994,8,2,5,0,0,"other",1,1,0
"B291","1994-09",9,1994,9,2,0,0,0,"other",1,1,1
"B291","1994-10",10,1994,10,1,2,0,0,"other",1,1,2
"B291","1994-11",11,1994,11,3,3,0,0,"other",1,1,3
"B291","1994-12",12,1994,12,3,3,0,0,"other",1,1,4
"B291","1995-01",13,1995,1,0,1,0,0,"other",1,1,5
"B291","1995-02",14,1995,2,3,2,0,0,"other",1,1,6
"B291","1995-03",15,1995,3,2,2,0,0,"other",1,1,7
"B291","1995-04",16,1995,4,2,4,0,0,"other",1,1,8
"B291","1995-05",17,1995,5,3,2,0,0,"other",1,1,9
"B291","1995-06",18,1995,6,0,4,0,0,"other",1,1,10
"B292","1994-01",1,1994,1,3,5,0,0,"other",1,0,-7
"B292","1994-02",2,1994,2,3,2,0,0,"other",1,0,-6
"B292","1994-03",3,1994,3,6,2,0,0,"other",1,0,-5
"B292","1994-04",4,1994,4,3,0,0,0,"other",1,0,-4
"B292","1994-05",5,1994,5,4,0,0,0,"other",1,0,-3
"B292","1994-06",6,1994,6,2,4,0,0,"other",1,0,-2
"B292","1994-07",7,1994,7,3,1,0,0,"other",1,0,-1
"B292","1994-08",8,1994,8,4,3,0,0,"other",1,1,0
"B292","1994-09",9,1994,9,6,1,0,0,"other",1,1,1
"B292","1994-10",10,1994,10,2,3,0,0,"other",1,1,2
"B292","1994-11",11,1994,11,1,0,0,0,"other",1,1,3
"B292","1994-12",12,1994,12,6,2,0,0,"other",1,1,4
"B292","1995-01",13,1995,1,4,0,0,0,"other",1,1,5
"B292","1995-02",14,1995,2,4,6,0,0,"other",1,1,6
"B292","1995-03",15,1995,3,1,1,0,0,"other",1,1,7
"B292","1995-04",16,1995,4,3,2,0,0,"other",1,1,8
"B292","1995-05",17,1995,5,2,3,0,0,"other",1,1,9
"B292","1995-06",18,1995,6,1,4,0,0,"other",1,1,10
"B293","1994-01",1,1994,1,1,2,0,0,"other",0,0,-7
"B293","1994-02",2,1994,2,1,0,0,0,"other",0,0,-6
"B293","1994-03",3,1994,3,2,1,0,0,"other",0,0,-5
"B293","1994-04",4,1994,4,3,1,0,0,"other",0,0,-4
"B293","1994-05",5,1994,5,2,2,0,0,"other",0,0,-3
"B293","1994-06",6,1994,6,1,1,0,0,"other",0,0,-2
"B293","1994-07",7,1994,7,4,2,0,0,"other",0,0,-1
"B293","1994-08",8,1994,8,3,1,0,0,"other",0,1,0
"B293","1994-09",9,1994,9,2,1,0,0,"other",0,1,1
"B293","1994-10",10,1994,10,2,0,0,0,"other",0,1,2
"B293","1994-11",11,1994,11,2,1,0,0,"other",0,1,3
"B293","1994-12",12,1994,12,5,2,0,0,"other",0,1,4
"B293","1995-01",13,1995,1,1,2,0,0,"other",0,1,5
"B293","1995-02",14,1995,2,3,4,0,0,"other",0,1,6
"B293","1995-03",15,1995,3,4,1,0,0,"other",0,1,7
"B293","1995-04",16,1995,4,3,2,0,0,"other",0,1,8
"B293","1995-05",17,1995,5,1,0,0,0,"other",0,1,9
"B293","1995-06",18,1995,6,0,0,0,0,"other",0,1,10
"B294","1994-01",1,1994,1,1,2,0,0,"other",0,0,-7
"B294","1994-02",2,1994,2,5,2,0,0,"other",0,0,-6
"B294","1994-03",3,1994,3,1,2,0,0,"other",0,0,-5
"B294","1994-04",4,1994,4,4,3,0,0,"other",0,0,-4
"B294","1994-05",5,1994,5,1,4,0,0,"other",0,0,-3
"B294","1994-06",6,1994,6,3,2,0,0,"other",0,0,-2
"B294","1994-07",7,1994,7,2,3,0,0,"other",0,0,-1
"B294","1994-08",8,1994,8,1,0,0,0,"other",0,1,0
"B294","1994-09",9,1994,9,5,2,0,0,"other",0,1,1
"B294","1994-10",10,1994,10,3,0,0,0,"other",0,1,2
"B294","1994-11",11,1994,11,3,2,0,0,"other",0,1,3
"B294","1994-12",12,1994,12,3,0,0,0,"other",0,1,4
"B294","1995-01",13,1995,1,1,2,0,0,"other",0,1,5
"B294","1995-02",14,1995,2,3,1,0,0,"other",0,1,6
"B294","1995-03",15,1995,3,3,4,0,0,"other",0,1,7
"B294","1995-04",16,1995,4,4,2,0,0,"other",0,1,8
"B294","1995-05",17,1995,5,3,0,0,0,"other",0,1,9
"B294","1995-06",18,1995,6,2,3,0,0,"other",0,1,10
"B295","1994-01",1,1994,1,2,1,0,0,"other",0,0,-7
"B295","1994-02",2,1994,2,1,0,0,0,"other",0,0,-6
"B295","1994-03",3,1994,3,3,1,0,0,"other",0,0,-5
"B295","1994-04",4,1994,4,2,1,0,0,"other",0,0,-4
"B295","1994-05",5,1994,5,1,1,0,0,"other",0,0,-3
"B295","1994-06",6,1994,6,2,3,0,0,"other",0,0,-2
"B295","1994-07",7,1994,7,2,1,0,0,"other",0,0,-1
"B295","1994-08",8,1994,8,8,2,0,0,"other",0,1,0
"B295","1994-09",9,1994,9,3,0,0,0,"other",0,1,1
"B295","1994-10",10,1994,10,5,0,0,0,"other",0,1,2
"B295","1994-11",11,1994,11,3,0,0,0,"other",0,1,3
"B295","1994-12",12,1994,12,2,0,0,0,"other",0,1,4
"B295","1995-01",13,1995,1,0,1,0,0,"other",0,1,5
"B295","1995-02",14,1995,2,0,2,0,0,"other",0,1,6
"B295","1995-03",15,1995,3,1,0,0,0,"other",0,1,7
"B295","1995-04",16,1995,4,3,1,0,0,"other",0,1,8
"B295","1995-05",17,1995,5,2,2,0,0,"other",0,1,9
"B295","1995-06",18,1995,6,2,1,0,0,"other",0,1,10
"B296","1994-01",1,1994,1,3,2,0,0,"other",1,0,-7
"B296","1994-02",2,1994,2,0,1,0,0,"other",1,0,-6
"B296","1994-03",3,1994,3,4,1,0,0,"other",1,0,-5
"B296","1994-04",4,1994,4,2,1,0,0,"other",1,0,-4
"B296","1994-05",5,1994,5,4,3,0,0,"other",1,0,-3
"B296","1994-06",6,1994,6,2,3,0,0,"other",1,0,-2
"B296","1994-07",7,1994,7,2,2,0,0,"other",1,0,-1
"B296","1994-08",8,1994,8,1,3,0,0,"other",1,1,0
"B296","1994-09",9,1994,9,5,2,0,0,"other",1,1,1
"B296","1994-10",10,1994,10,0,1,0,0,"other",1,1,2
"B296","1994-11",11,1994,11,2,1,0,0,"other",1,1,3
"B296","1994-12",12,1994,12,3,5,0,0,"other",1,1,4
"B296","1995-01",13,1995,1,2,4,0,0,"other",1,1,5
"B296","1995-02",14,1995,2,4,2,0,0,"other",1,1,6
"B296","1995-03",15,1995,3,1,1,0,0,"other",1,1,7
"B296","1995-04",16,1995,4,3,1,0,0,"other",1,1,8
"B296","1995-05",17,1995,5,1,0,0,0,"other",1,1,9
"B296","1995-06",18,1995,6,4,2,0,0,"other",1,1,10
"B297","1994-01",1,1994,1,2,1,0,0,"other",0,0,-7
"B297","1994-02",2,1994,2,4,2,0,0,"other",0,0,-6
"B297","1994-03",3,1994,3,1,1,0,0,"other",0,0,-5
"B297","1994-04",4,1994,4,2,1,0,0,"other",0,0,-4
"B297","1994-05",5,1994,5,2,0,0,0,"other",0,0,-3
"B297","1994-06",6,1994,6,5,1,0,0,"other",0,0,-2
"B297","1994-07",7,1994,7,2,0,0,0,"other",0,0,-1
"B297","1994-08",8,1994,8,1,1,0,0,"other",0,1,0
"B297","1994-09",9,1994,9,5,4,0,0,"other",0,1,1
"B297","1994-10",10,1994,10,0,1,0,0,"other",0,1,2
"B297","1994-11",11,1994,11,1,1,0,0,"other",0,1,3
"B297","1994-12",12,1994,12,3,2,0,0,"other",0,1,4
"B297","1995-01",13,1995,1,2,0,0,0,"other",0,1,5
"B297","1995-02",14,1995,2,0,1,0,0,"other",0,1,6
"B297","1995-03",15,1995,3,3,0,0,0,"other",0,1,7
"B297","1995-04",16,1995,4,1,3,0,0,"other",0,1,8
"B297","1995-05",17,1995,5,1,2,0,0,"other",0,1,9
"B297","1995-06",18,1995,6,2,0,0,0,"other",0,1,10
"B298","1994-01",1,1994,1,1,2,0,0,"other",1,0,-7
"B298","1994-02",2,1994,2,3,1,0,0,"other",1,0,-6
"B298","1994-03",3,1994,3,1,1,0,0,"other",1,0,-5
"B298","1994-04",4,1994,4,2,1,0,0,"other",1,0,-4
"B298","1994-05",5,1994,5,3,3,0,0,"other",1,0,-3
"B298","1994-06",6,1994,6,1,1,0,0,"other",1,0,-2
"B298","1994-07",7,1994,7,5,0,0,0,"other",1,0,-1
"B298","1994-08",8,1994,8,0,2,0,0,"other",1,1,0
"B298","1994-09",9,1994,9,1,1,0,0,"other",1,1,1
"B298","1994-10",10,1994,10,3,3,0,0,"other",1,1,2
"B298","1994-11",11,1994,11,3,5,0,0,"other",1,1,3
"B298","1994-12",12,1994,12,5,1,0,0,"other",1,1,4
"B298","1995-01",13,1995,1,2,1,0,0,"other",1,1,5
"B298","1995-02",14,1995,2,0,1,0,0,"other",1,1,6
"B298","1995-03",15,1995,3,1,4,0,0,"other",1,1,7
"B298","1995-04",16,1995,4,2,1,0,0,"other",1,1,8
"B298","1995-05",17,1995,5,3,2,0,0,"other",1,1,9
"B298","1995-06",18,1995,6,1,1,0,0,"other",1,1,10
"B299","1994-01",1,1994,1,2,0,0,0,"other",1,0,-7
"B299","1994-02",2,1994,2,3,1,0,0,"other",1,0,-6
"B299","1994-03",3,1994,3,1,0,0,0,"other",1,0,-5
"B299","1994-04",4,1994,4,2,3,0,0,"other",1,0,-4
"B299","1994-05",5,1994,5,1,2,0,0,"other",1,0,-3
"B299","1994-06",6,1994,6,5,0,0,0,"other",1,0,-2
"B299","1994-07",7,1994,7,3,1,0,0,"other",1,0,-1
"B299","1994-08",8,1994,8,2,0,0,0,"other",1,1,0
"B299","1994-09",9,1994,9,2,2,0,0,"other",1,1,1
"B299","1994-10",10,1994,10,2,2,0,0,"other",1,1,2
"B299","1994-11",11,1994,11,4,1,0,0,"other",1,1,3
"B299","1994-12",12,1994,12,2,2,0,0,"other",1,1,4
"B299","1995-01",13,1995,1,1,0,0,0,"other",1,1,5
"B299","1995-02",14,1995,2,5,0,0,0,"other",1,1,6
"B299","1995-03",15,1995,3,1,1,0,0,"other",1,1,7
"B299","1995-04",16,1995,4,4,1,0,0,"other",1,1,8
"B299","1995-05",17,1995,5,5,0,0,0,"other",1,1,9
"B299","1995-06",18,1995,6,5,4,0,0,"other",1,1,10
"B300","1994-01",1,1994,1,1,1,0,0,"other",0,0,-7
"B300","1994-02",2,1994,2,3,0,0,0,"other",0,0,-6
"B300","1994-03",3,1994,3,3,1,0,0,"other",0,0,-5
"B300","1994-04",4,1994,4,3,0,0,0,"other",0,0,-4
"B300","1994-05",5,1994,5,2,2,0,0,"other",0,0,-3
"B300","1994-06",6,1994,6,2,0,0,0,"other",0,0,-2
"B300","1994-07",7,1994,7,0,0,0,0,"other",0,0,-1
"B300","1994-08",8,1994,8,2,1,0,0,"other",0,1,0
"B300","1994-09",9,1994,9,3,0,0,0,"other",0,1,1
"B300","1994-10",10,1994,10,3,3,0,0,"other",0,1,2
"B300","1994-11",11,1994,11,3,2,0,0,"other",0,1,3
"B300","1994-12",12,1994,12,0,1,0,0,"other",0,1,4
"B300","1995-01",13,1995,1,2,0,0,0,"other",0,1,5
"B300","1995-02",14,1995,2,0,2,0,0,"other",0,1,6
"B300","1995-03",15,1995,3,2,0,0,0,"other",0,1,7
"B300","1995-04",16,1995,4,0,1,0,0,"other",0,1,8
"B300","1995-05",17,1995,5,3,1,0,0,"other",0,1,9
"B300","1995-06",18,1995,6,0,3,0,0,"other",0,1,10
