"applicant_id","score","enrolled","wage_index","exit_score","prior_score"
"S0001",92.0599437691271,1,129.542540245683,57.9819311079461,71.6292846212763
"S0002",64.9617702327669,0,99.4535632866459,52.4821287560452,53.8301145305992
"S0003",88.6600420437753,0,101.634454808723,67.680164454368,65.7812543058517
"S0004",93.7446405179799,1,140.96999767781,73.0652073321711,68.2376207651209
"S0005",74.7895147558302,0,97.0803922739618,64.1521902916371,46.8262353892872
"S0006",85.8990131877363,0,110.027606109448,57.8258653344146,59.8626725910338
"S0007",89.9946752563119,1,119.593443106274,63.5460576048797,65.1371695009847
"S0008",72.3573870863765,1,106.466672119183,61.3663748009777,60.1812432738549
"S0009",63.2642164733261,0,83.8379051059805,60.3895939923799,47.3049650863283
"S0010",90.2811838500202,1,131.737776754032,72.1457645322608,55.9998083102898
"S0011",95.866493312642,1,133.003139664399,75.8063918900178,59.310704167875
"S0012",96.807125210762,1,140.376853598626,73.4964346600233,71.2517634227085
"S0013",69.6723554283381,0,93.2065397742023,56.8597043428877,52.7833082646226
"S0014",66.3592186383903,0,88.2050392886698,64.1044114559755,49.7138592401305
"S0015",83.8837721943855,1,114.372348696414,74.5563520067293,63.4112296054051
"S0016",87.648147912696,1,106.360442468165,63.1033637148327,51.4032576489921
"S0017",74.5422682445496,0,104.27070342912,65.2877779440019,49.5650770125894
"S0018",78.9155241940171,0,100.190273319938,66.6445693578203,58.2032358880952
"S0019",83.930105464533,1,113.805489069863,69.4592085255275,55.3882393416999
"S0020",87.5799347553402,1,126.680094925883,64.5334390753464,67.5766001150189
"S0021",73.3351573254913,0,101.181941974214,65.6559230738731,50.3850741909736
"S0022",87.0301226060838,1,123.894238793819,63.103059701214,66.9419187905914
"S0023",67.6633152272552,0,80.7920655467733,53.5620075181366,56.5422876355904
"S0024",79.7443790175021,0,107.661337436504,62.1025143430759,57.5941962450797
"S0025",78.6994226556271,0,103.721707000614,76.4020570163812,53.6445650834204
"S0026",86.6616975981742,1,115.574795475743,63.5888538414508,58.5537029790759
"S0027",87.3000678885728,1,131.063087114822,68.7746653198472,67.7199442123999
"S0028",94.4182986672968,1,139.884703660691,68.701161594088,70.3258588756756
"S0029",71.9017904065549,1,113.708134193229,67.4880417221347,57.1542584147754
"S0030",61.2226646300405,0,91.6667326608323,49.0603300475566,42.2399429817764
"S0031",65.6507341377437,0,87.994192200499,58.2526282404569,53.8433183040514
"S0032",78.4085954725742,0,98.4573372161261,73.556903456718,55.7919823979623
"S0033",76.1820892989635,1,104.039632532072,65.8822569311927,51.8380487473882
"S0034",67.4000257439911,0,87.8374477493084,52.6020557783467,54.4989738953909
"S0035",88.7981385737658,1,118.980532652927,73.117098578577,68.2216918685145
"S0036",74.1493259370327,0,97.9783254172254,66.1477000010039,46.7551683687465
"S0037",99.5979636441916,1,156.274068454276,75.5426141738383,73.5254029967655
"S0038",63.4783768095076,0,87.2611381634257,60.8330728892553,61.6312383109289
"S0039",64.2350227478892,0,93.3686955262198,52.1527688433355,55.4452059131203
"S0040",67.3623441066593,0,85.4272244128051,52.8334517018752,49.8873517961452
"S0041",67.593934033066,0,89.9476666401196,56.4923758326701,52.0463850926913
"S0042",70.2228476852179,0,98.0214393945712,59.9452732008439,52.1637428618726
"S0043",87.1682671643794,1,111.29027300692,59.5371493160394,59.7218658933705
"S0044",81.7539198324084,1,112.920406758972,63.1599999342005,57.655108210499
"S0045",64.1899015195668,0,88.9803397704272,59.7217298323631,56.7896509939757
"S0046",89.1955784521997,1,118.903734394556,67.8499800041586,62.5636737994096
"S0047",89.031090810895,1,115.785870001558,68.1990969610229,57.9827619726515
"S0048",65.5437820684165,0,81.060738524934,56.394715314584,47.8858406294873
"S0049",71.8437390588224,1,112.531406240622,59.9256526171888,59.5561733274854
"S0050",73.2303944136947,0,81.2410739311356,67.8511791263026,55.7605416345303
"S0051",72.2282298933715,0,87.762562165449,62.1018639924576,60.7873351574599
"S0052",63.0369226448238,0,76.1969969147015,59.4682528983534,54.7916941971822
"S0053",86.6843753773719,1,111.490741750035,61.9891213588187,54.3137876818365
"S0054",89.7999109793454,1,127.881778064713,63.5371908488228,63.7060983698529
"S0055",85.4457982908934,0,118.567985288358,70.0989247686113,54.063430981884
"S0056",99.8789698351175,1,150.101473278783,80.1999772640662,70.7357314274918
"S0057",68.4228310640901,0,89.0876482195134,50.9860125035086,48.3578962810382
"S0058",79.6572232060134,1,120.295837118601,65.3014597096674,57.1367519090028
"S0059",89.859126592055,1,129.411724943066,68.3822367969847,68.4062954249263
"S0060",63.96279534325,0,92.4936385412706,58.9620306451534,49.6817495876245
"S0061",88.1338532269001,1,121.379985712874,64.3875421536297,70.141398561928
"S0062",94.4511185586452,1,136.556471209204,69.2483639411383,72.3108848495164
"S0063",92.987622031942,1,131.336016816506,77.0549853354468,58.7465937582808
"S0064",69.9592599552125,0,100.102497931152,52.3713533770083,56.827590030387
"S0065",92.8942724782974,1,133.904734482129,64.9349553158022,63.6922381344854
"S0066",62.9216202721,1,94.6264278742514,55.4041448950906,54.9654534642702
"S0067",63.2269456796348,0,85.6664896077665,49.8851891826444,47.9323044827835
"S0068",65.64772750251,0,98.8183951466346,63.2533886193631,54.54411059795
"S0069",83.7697635404766,1,116.044438631923,67.9660491725137,53.911472157511
"S0070",82.7549471240491,1,114.372004520984,59.3151629382231,51.641670027132
"S0071",82.9778150655329,1,113.34164581736,71.7966197384397,54.4306722094928
"S0072",81.1218683794141,1,98.5316266225842,64.6893739288848,58.6322207645619
"S0073",78.8428798038512,0,119.528976455286,63.7109782927103,50.7506577924949
"S0074",94.2303927894682,1,129.861845214424,74.2406389095846,66.9415789248365
"S0075",98.1901067122817,1,151.15661090037,73.743955908283,60.6061539080581
"S0076",81.5626678243279,1,109.621945384334,71.2663222315911,63.6054319266986
"S0077",98.7588017899543,0,139.140823221968,69.1639035715702,57.9520712736739
"S0078",69.7309505101293,1,112.934826902685,63.8972596955239,53.6445158285721
"S0079",65.9156540129334,0,88.5380531315175,64.625483566322,54.7281165679344
"S0080",96.6353222820908,1,149.608363631441,69.8390684108899,76.5263142337865
"S0081",99.1744379233569,1,154.78025688856,75.7737293251626,70.4562395019538
"S0082",73.868596367538,0,89.2567747417931,53.8844853973872,54.1053763853714
"S0083",60.0944648031145,0,99.8521707781912,60.4629790155572,46.2779836904023
"S0084",87.1407639421523,1,109.57944586301,74.6053421661836,62.3624202920927
"S0085",73.173753246665,0,115.269677478463,68.767337668278,57.8981693793235
"S0086",86.6186950262636,1,127.094213543989,70.2703966661583,64.1227742237098
"S0087",87.4611614644527,1,121.016194891068,68.598806211771,61.8802583537234
"S0088",98.6132353078574,1,144.909954612334,80.0965861384508,64.8604123083934
"S0089",76.5024065598845,1,100.997066991103,58.5938716058196,53.4722315381466
"S0090",76.9236561935395,1,110.413991459511,68.0543152933707,62.4892725122056
"S0091",79.6075031999499,0,99.7493488491605,58.6344678337902,65.9853957222738
"S0092",65.7932672277093,0,84.9421776580263,70.8648317339161,57.7189808480791
"S0093",82.3663559276611,1,110.229673102891,70.9740089057392,53.8883212178366
"S0094",60.6604485865682,0,81.6883091781691,64.4660046998117,47.305945819998
"S0095",76.1567959468812,1,102.949671985205,60.9854820371704,56.4045514817272
"S0096",80.5354222841561,1,100.044159278686,69.4417652455784,58.4684276174647
"S0097",90.2661463618279,0,118.535194362619,73.8518197337998,63.9532054427222
"S0098",87.6359140314162,1,128.721617036455,60.1727931828397,60.4932262895045
"S0099",90.504654776305,1,115.795831888435,70.8358785677388,64.8268959809002
"S0100",84.5766424480826,0,103.607590078036,67.5819134610861,50.7227444213456
"S0101",63.9433832187206,1,102.008201553952,54.4126784195796,47.2934076800592
"S0102",64.2456165421754,0,102.624799817373,52.2062332827068,52.6235986405844
"S0103",66.1627958435565,0,83.2674688944048,69.5736535800916,57.3383379563914
"S0104",97.8697098046541,1,145.749851485562,79.3832628859528,65.1918507652017
"S0105",72.84398695454,0,87.1636174786569,57.2204978927225,61.5481405850112
"S0106",87.80541931279,1,115.950830941081,68.9724566507257,68.8433823207726
"S0107",75.9262700658292,0,88.5582952073943,59.4463580815457,67.3809926405449
"S0108",61.7272065300494,0,85.7282533458179,57.9840663388098,58.5751792320252
"S0109",65.1125371921808,0,96.0233855775766,58.7979352344323,55.0757876999385
"S0110",79.0423168987036,1,118.831936559411,58.7673375437665,66.7542705204909
"S0111",70.8075737487525,0,92.8938337306214,61.7212457944257,49.8320794606284
"S0112",63.692832980305,0,91.0771060748847,57.164393530632,47.2936975606568
"S0113",65.7557373214513,0,89.4502403004997,65.9764274483336,57.1557084685678
"S0114",96.8066425342113,1,144.008038777525,68.4293988926168,60.3013565524791
"S0115",86.9320003781468,1,122.592057551934,75.3458341538978,74.792337131982
"S0116",75.1847708784044,0,98.8354666741851,62.9986513751085,54.9016983151714
"S0117",67.3515914566815,0,97.4287941982347,66.7296947691699,57.3797859465232
"S0118",89.798499327153,1,133.417515714846,77.7605614616346,66.8053693512374
"S0119",98.229191461578,1,146.352144863953,79.393268992983,68.622460014643
"S0120",95.8789334632456,1,139.009606607796,81.0943956695491,65.124813720799
"S0121",72.4378955923021,0,102.373627364739,62.7513551151052,60.6303693497147
"S0122",89.409043379128,0,113.869321133311,65.2153832144659,67.4978042051021
"S0123",70.1661416143179,0,92.0249695146717,63.0567361686631,57.5905491440856
"S0124",97.8815983887762,1,151.48137225732,70.0232073809141,73.9828966124172
"S0125",87.6264928281307,1,122.385469629905,68.5940303095235,70.4656830784631
"S0126",74.2504662554711,0,96.2974511498845,56.9874983959156,58.283586343293
"S0127",85.6238299049437,1,116.845237200422,64.8875441362879,66.9015881140242
"S0128",97.9236297495663,1,141.454288854977,77.8068121523349,72.4739585198866
"S0129",64.5083473809063,0,86.7276146672362,58.4341799837533,56.8413395577485
"S0130",74.1167719010264,0,92.9047304200976,62.3393856195833,56.9909572112921
"S0131",88.459932859987,0,117.73112966474,66.282546972643,61.8527991357701
"S0132",86.7497952934355,1,118.141898857701,64.5019878636215,59.8397927838949
"S0133",92.9753720387816,1,138.731533304913,73.251427502708,71.3965297398483
"S0134",93.1532617099583,1,130.921950318626,75.9241039880713,72.3604235551827
"S0135",95.3118212148547,1,138.255082209435,75.7917871124947,57.4024159198468
"S0136",79.6090587973595,0,96.7221944486932,66.2913395127341,48.3868251539836
"S0137",90.8267307188362,1,131.518696952655,64.5655885963923,65.4777429210346
"S0138",79.951503155753,0,94.2750903363692,59.7469285275767,53.901430503854
"S0139",77.645816532895,0,100.483473316879,69.7366147449981,54.9829512140459
"S0140",76.406727572903,1,118.654653699225,67.8689146686507,56.7069662594078
"S0141",61.8190828245133,0,98.0498201518298,64.9263313076908,48.5122554229999
"S0142",84.1437801159918,1,105.637411196954,67.8181235620783,62.6915771863891
"S0143",91.6046891640872,1,118.595779091409,67.9965525007602,58.7138714409002
"S0144",63.8993800058961,0,97.4881183322197,65.6718712147169,59.0868097839771
"S0145",77.7247966546565,0,97.482597317505,67.0326903350561,71.5999503374432
"S0146",83.2610751874745,1,107.075816367275,58.2742407023534,66.6288969846501
"S0147",63.4089078754187,0,77.8014509294067,51.8803333605306,43.5180606056352
"S0148",95.1668571215123,1,154.514159658616,65.0758155270105,63.7959378328539
"S0149",62.0522352308035,0,90.2569718622415,48.8362435738272,46.6647606113122
"S0150",82.0701092202216,1,98.5988373252059,66.4244552618307,62.3254177265951
"S0151",85.5386574100703,0,109.621477473844,72.000213072655,66.5979595045374
"S0152",76.9487812556326,1,107.80929964347,51.7589449332904,51.5313945447434
"S0153",94.162201359868,1,133.456833148746,72.3655053508737,66.1884682916829
"S0154",79.5200589019805,0,114.513270370821,66.5011896806407,61.7981018810124
"S0155",63.1223894655704,0,100.121730495668,65.3078830005529,45.7022341241941
"S0156",82.3494895547628,1,109.020915439588,64.7491721465872,66.6679299230861
"S0157",63.782960800454,0,86.5174642301676,52.6117477213205,62.1332302203456
"S0158",74.9514900334179,0,100.096655590684,73.4034457047568,47.4597550933767
"S0159",82.1492196619511,1,103.501958222804,58.2315367670416,61.3138447795858
"S0160",78.0716778337955,0,95.2128157030895,56.3756374483859,70.3247461640548
"S0161",63.9523287769407,0,82.7926912522471,58.7546975239238,58.9830306083958
"S0162",63.8619860541075,0,98.4321709742331,59.0383789668151,52.6283251180933
"S0163",91.6541960090399,1,128.300677390173,70.4273305301058,69.3984074062857
"S0164",67.1077214274555,0,90.1705950590684,65.860367266802,50.8715829159469
"S0165",80.5860663112253,1,117.500746537192,67.6447793056982,53.3951760712143
"S0166",82.2963589709252,1,104.410494660027,64.3153025898054,65.601746244972
"S0167",63.158126110211,0,96.7338961209598,56.1998085096103,51.9513494321676
"S0168",67.5622107740492,0,94.7348934404039,60.7762676588843,55.2450104088135
"S0169",80.9687976446003,0,113.074774865938,63.3328270276155,60.593579120928
"S0170",82.4313132837415,1,93.4827897531245,67.586439282249,62.5610521322929
"S0171",75.3836828377098,0,88.1410862625559,56.9629479506057,49.3368870275105
"S0172",69.3351358827204,0,94.9968574126847,61.4721072225947,59.9632549201603
"S0173",89.0423277858645,1,119.945388171965,66.5303282117911,62.9994414987275
"S0174",78.7359654624015,0,99.6519560700698,61.4342453764778,56.4947853841501
"S0175",81.4584048651159,1,92.0026699537502,62.8903125148296,60.2375922833838
"S0176",95.7627091929317,1,126.803963110227,63.125368902678,71.1088129645172
"S0177",70.9000807534903,0,100.721667400635,66.9549374269093,57.0627635348092
"S0178",69.619872905314,0,105.242070287056,52.9598078690256,57.0549612046064
"S0179",75.5126873683184,0,94.1600328291768,67.7339103502399,56.947514044564
"S0180",76.4843846205622,1,108.971156971696,60.866982827572,55.4844253564039
"S0181",61.355218263343,0,85.3147626301468,63.6773372194254,52.9116054194154
"S0182",88.8167988229543,1,123.286578180689,74.0538519714249,67.5655082040748
"S0183",72.6248839404434,0,96.91919362791,55.8793543067266,58.6645852119719
"S0184",83.9068374410272,1,99.2028537810215,73.7871925074967,61.8623624857227
"S0185",95.0784633681178,1,131.493572262209,84.1872449303351,66.3192125937634
"S0186",99.4074711482972,1,143.39456817886,71.1682110753596,65.2120138742304
"S0187",82.812715228647,0,122.73706498034,60.1730925580108,69.8927018203379
"S0188",74.4706624280661,0,99.1461587165935,59.4571534594786,63.7750001125361
"S0189",62.8796670492738,0,78.7169262789933,51.9212830476025,49.0720400797506
"S0190",68.756542596966,0,100.499222764252,57.03988551058,49.1748651906061
"S0191",93.2557377498597,1,133.444487671659,65.2259342974565,63.8362905288254
"S0192",91.5951572731137,1,131.409680197696,71.5328233333705,63.568793155555
"S0193",98.3150397334248,1,140.525271324083,71.4126033596078,73.1467930032121
"S0194",63.4961549099535,0,91.2336867277536,63.0327616941387,57.3825764579751
"S0195",81.6742248181254,0,92.8530578627303,69.2618976487097,63.8342244510156
"S0196",77.7340454980731,0,104.52957594844,56.8974859273605,57.0166486870281
"S0197",69.1758396849036,0,107.37035948781,58.3201911618642,49.8860376586899
"S0198",66.538499314338,0,82.7715487566642,59.9669462368668,56.0336362914775
"S0199",65.9958637971431,0,89.9893385431653,53.0093332466459,45.0819978643327
"S0200",95.6234682071954,1,133.77317860099,73.3023819940443,68.2746339186974
"S0201",72.8776815906167,0,93.4797679451813,61.3456621538511,47.7564088782294
"S0202",81.2065294384956,1,112.240894912837,73.2096970902271,51.2512776447915
"S0203",60.263448599726,0,96.8248388141904,61.9236173838975,46.2160955153137
"S0204",72.0491293072701,1,103.476500590769,59.1880693753387,52.347991171428
"S0205",88.1350777111948,1,119.240773576482,77.1656524277829,70.4416004368823
"S0206",74.5114614255726,0,109.638413026048,64.1296492948286,49.1026391665626
"S0207",94.5146739110351,1,146.30508807003,73.3487019798502,64.944184556728
"S0208",92.525527710095,1,123.448475210151,78.2410238949032,65.1222341681237
"S0209",82.9946431517601,1,103.506621370434,73.299653793639,65.1760366031945
"S0210",67.4544547684491,0,93.5264434433596,55.7653683050034,51.8032050679068
"S0211",77.292166473344,0,105.780150237883,66.5015146947524,59.9112198924268
"S0212",98.2179867662489,0,125.529382460655,69.8918823411289,65.9394147314086
"S0213",74.7691678535193,1,102.807833984889,61.7698285249377,67.3021838969349
"S0214",84.5131556224078,1,113.197179728398,71.8786061652478,55.4903720706906
"S0215",68.3020475227386,0,91.5230402167525,63.1992054681962,54.7177250204691
"S0216",62.1142061799765,0,85.1907887010768,56.5547242426287,43.2498479886503
"S0217",74.3099714163691,0,112.653407595248,69.1436680633834,54.1140595274797
"S0218",64.7717942204326,0,89.5138477107775,69.5473919771652,57.9025100426349
"S0219",66.6983449272811,0,95.0651158653675,57.8818854283085,55.4856334603225
"S0220",76.7591361235827,1,94.8414197114548,56.7844628207608,56.1788534019241
"S0221",89.6855425275862,1,109.087483752024,71.7376091744857,63.0936436099942
"S0222",76.8364146258682,0,108.013215809536,61.1192579357085,59.6030001580877
"S0223",96.9909579772502,1,140.444884887263,65.6427016727873,62.5622087510196
"S0224",97.397427521646,1,149.643126772241,75.1167293942315,66.4261960182824
"S0225",74.907235596329,0,90.5311850471696,62.6774414212544,56.5437706152082
"S0226",75.7180948369205,0,98.9385498240764,73.6896636795116,66.9569631973852
"S0227",60.8320598490536,0,77.6420220470696,56.1683284068551,51.6634584044929
"S0228",92.1151676960289,1,120.154753436242,65.9012044653572,68.6680429122739
"S0229",72.2756532765925,0,89.1861680522285,57.4346416432323,56.9770680911798
"S0230",88.3438178244978,1,122.601387525574,66.3981060742282,69.6586045409737
"S0231",82.2965177148581,1,121.36286975225,70.1937557742717,63.4184656620688
"S0232",72.3453155532479,1,101.292193191673,55.5120819394931,61.4142302782965
"S0233",78.9821650646627,0,95.5034717806464,61.3779050945697,61.4782268449429
"S0234",65.4292992595583,0,87.5173184126132,64.6689433063115,51.9934221868089
"S0235",93.7415455561131,1,153.339844389051,75.9507611738886,65.0197589793219
"S0236",90.1297023333609,1,121.921380358695,65.1715966921155,60.0810211479286
"S0237",82.2515731770545,1,108.939769679785,62.7666792055056,69.1782053932319
"S0238",79.4647765066475,1,106.700389065781,75.5276170390434,60.2439873057196
"S0239",65.2678031753749,0,90.0791387220717,56.5921790581762,45.309285459338
"S0240",71.1936907749623,0,84.5007492404488,62.1114433901594,60.6298289775165
"S0241",89.4711927231401,1,112.645543057836,70.083177437027,61.8734461354
"S0242",68.5484390333295,0,79.6183922628432,63.1930466084042,55.8754175632812
"S0243",89.8374829441309,1,125.602665863856,70.0199616958241,57.7189238909586
"S0244",72.1085130330175,0,93.204690421826,52.3785790983655,52.3859800917013
"S0245",99.6828135661781,1,154.35085608491,77.440487477703,72.7673156747402
"S0246",88.960769129917,1,127.789585421679,78.69666123552,77.0000616836825
"S0247",68.9747857116163,0,89.5746381576606,65.6980177872547,58.5936778032995
"S0248",94.6918254625052,1,127.501297176346,73.1124298214014,64.3684111963493
"S0249",79.1505565680563,0,96.607972381193,68.8253429721367,64.0280354198529
"S0250",92.3114897124469,1,125.764236623131,67.1163639615633,62.8023236294862
"S0251",97.9424377717078,1,144.383660338139,76.0236154146333,73.3391765412478
"S0252",91.4129970874637,1,125.207951831272,72.3052057713683,63.8134254991313
"S0253",69.9094876460731,0,104.060551725032,65.0741748443533,55.4177727369349
"S0254",79.266028823331,0,95.3154522934661,63.8676026708474,49.397793160835
"S0255",85.8218617085367,0,110.049543747174,68.4335383884522,70.8224730140841
"S0256",99.100496051833,1,158.868959839567,79.2743604540486,64.3218201214955
"S0257",88.8268104381859,1,120.593610461277,70.4477101375583,69.5597981819305
"S0258",73.0764484219253,0,117.266952980536,62.1522207941834,52.9594080639587
"S0259",72.341993926093,0,96.0379794632314,56.880856986345,60.5385701941944
"S0260",61.0894678905606,0,85.076337301298,63.265996675864,46.6299128526382
"S0261",87.3334752395749,0,118.174621818293,70.1758959615723,70.5713084708495
"S0262",96.8036519456655,0,134.488225440272,69.5284648166436,71.1982234642035
"S0263",90.0655433163047,1,118.365242914523,62.115097410719,61.016609617307
"S0264",75.5350256897509,0,95.287495028526,64.5724228985994,53.2828270577353
"S0265",75.5456902831793,0,105.082009530292,57.0429168069466,54.1528639913193
"S0266",93.5103273391724,1,140.182693677231,74.8860147717069,69.3529249979529
"S0267",70.1031409855932,0,83.5921734724354,59.9097071154869,52.1070313875612
"S0268",63.8062231522053,0,80.5441059648742,53.3899514099946,50.1346764295306
"S0269",81.1708091013134,1,112.940531329845,69.693113445865,62.0777587779682
"S0270",62.8273158054799,0,102.993964311293,47.1384283673201,48.9104897092221
"S0271",93.8335227966309,1,134.85107804209,76.9096442499408,59.8842404751659
"S0272",81.5607458911836,0,123.429007698302,69.1496307883925,57.8446493417623
"S0273",64.4675041548908,0,104.2521023318,52.3180081416462,51.136889676809
"S0274",61.6103345900774,0,83.476293175678,58.482638811432,53.7389782216966
"S0275",77.4623937997967,0,103.031381287517,64.4218404892188,54.9114828354355
"S0276",75.9703828021884,0,89.6938825437696,58.1760900224062,59.7856872355059
"S0277",60.3825914300978,0,78.0578018951637,61.604703201611,53.2782397773932
"S0278",81.7308219149709,1,116.710285512718,65.0452890514096,55.859147726693
"S0279",76.4568952471018,0,95.5119746759942,62.1714884818407,54.298520088123
"S0280",64.0667496714741,0,90.6010000454106,52.1951349397572,44.7682785539277
"S0281",69.995576357469,0,85.5197489266952,65.569633055093,48.1588905904067
"S0282",93.4528488200158,1,142.638200229013,73.1861455371023,68.9666865126288
"S0283",81.0773263406008,1,112.852713873852,64.61432210368,70.3281433826915
"S0284",68.2918856106699,0,97.0893937734225,60.1072572868266,61.3823402546777
"S0285",78.2238604780287,0,96.8434977456291,71.3749499945536,56.9662046385015
"S0286",93.9761037472636,1,137.672986404166,77.3183880588272,64.2089948212109
"S0287",60.9701710101217,0,92.1867911098388,55.5657637078869,50.7026129415457
"S0288",68.3004017453641,0,93.2688334915405,61.2698440853166,50.1410326010857
"S0289",68.7366673909128,1,115.325397815379,66.1603105295668,46.693212262836
"S0290",69.0384494699538,1,100.145458335421,53.3528285305579,61.0411697738315
"S0291",79.0254324208945,0,105.876923364463,63.8076568682884,65.6408392140095
"S0292",76.8027308024466,0,94.7699544365912,69.1446575643337,49.0238914572727
"S0293",96.7257488332689,1,138.111704587582,77.5435714159396,69.6727525803336
"S0294",85.9787626843899,1,119.281529589694,71.6811343446348,71.3958333377481
"S0295",87.4279621429741,0,123.121875568513,62.9006368349774,60.5729864085838
"S0296",84.3095503840595,0,107.237652165137,60.7431603011302,67.431077199713
"S0297",62.6143219321966,0,113.56702701024,61.2031578068058,49.4286125307645
"S0298",74.3477361649275,1,108.196586759226,62.7649974344412,47.2291838105059
"S0299",75.0906034186482,0,102.002800720055,62.7221091316744,67.1323463149799
"S0300",80.5698619782925,0,100.270473369718,68.7512327014047,62.758628720097
"S0301",74.2183418385684,1,93.9979709709954,61.7084696538853,61.2614753894104
"S0302",75.2236305642873,0,96.696287580062,61.5585340057871,61.3979915159385
"S0303",83.8389887474477,1,118.435307207024,68.125208483806,67.6412060117462
"S0304",68.0917679984123,0,87.3114137732561,60.5752331515608,55.0811996849114
"S0305",86.5095126256347,1,123.628409607013,69.6540093600259,64.0033938218002
"S0306",87.0668793376535,1,115.081722768969,72.0740057718311,62.6541682662412
"S0307",69.7028577886522,0,84.7211307200203,58.8364425912523,51.6197320601914
"S0308",94.7166013065726,1,138.790263722685,75.0011320601529,74.4042451467888
"S0309",60.5620236694813,0,106.185556959977,57.7335661154796,38.3051906935944
"S0310",74.6068339329213,0,91.7061950966822,54.6456720116868,52.2727937466902
"S0311",63.4431651234627,0,88.7973633170377,57.3852718607815,47.1430147014183
"S0312",63.7596078589559,0,76.0981176229263,49.0837502761127,57.2003230681344
"S0313",79.6605806238949,0,95.260284625267,64.8139113837915,57.0481112203524
"S0314",81.0691514331847,1,115.893850072089,63.4674522880495,59.9495330396519
"S0315",96.6119659133255,1,154.527760597996,67.2618509904467,66.4737923791542
"S0316",66.245613405481,0,100.857837414301,50.9173298207897,61.2604717829112
"S0317",69.1654173098505,0,97.2197130222463,63.3997629659709,69.6694727059565
"S0318",77.9867668356746,1,88.5094630782861,63.0841625477763,67.1347885785177
"S0319",73.9516390301287,0,96.7451059546049,65.1489800350612,60.0702848129167
"S0320",91.0314438864589,1,137.30127555811,72.3801779167627,68.388459185493
"S0321",90.6293623242527,1,105.582803263581,71.0278570934653,68.4949653818589
"S0322",86.8011748511344,1,109.535383854772,70.7409357888548,57.0147620536866
"S0323",80.6275116838515,1,105.490868549199,67.6284617352421,60.2530433127213
"S0324",94.9694042559713,1,137.518363383052,69.3937782844408,67.2697859013118
"S0325",88.1339595653117,1,124.087081644189,76.5944620212779,62.7218293476128
"S0326",92.5275166984648,1,133.55125851287,69.231678653248,74.9626589827907
"S0327",61.1342347692698,0,81.3282174505837,62.749144868976,52.0953859006638
"S0328",77.8945431113243,0,105.303314967051,59.3123818356666,57.7663905962336
"S0329",94.9926458392292,1,138.384761537491,80.2792974125352,64.3793412056556
"S0330",92.0694373827428,1,119.729469349413,67.9478026592526,66.906701501181
"S0331",82.7510569058359,0,109.417151505683,60.2578287449819,60.6974968004932
"S0332",96.1700110416859,1,143.264645403348,72.6399918692841,68.5068321240881
"S0333",90.5238864850253,1,119.068103399313,67.9671073690158,62.3244522453636
"S0334",90.3442177642137,1,116.359504367899,74.9483700997064,69.7098106357408
"S0335",84.7073008865118,1,116.655672864084,69.5595250687047,63.0620178398121
"S0336",71.060605943203,0,91.388351059213,62.1334770825951,52.9389277645554
"S0337",94.6124701201916,1,130.540767723743,73.4923508579423,63.4159954279801
"S0338",97.5161108374596,1,160.532629895589,82.7583551261538,62.1564817673282
"S0339",71.5228093136102,0,98.2114298801426,71.5609750263222,58.6543758683169
"S0340",73.6164401564747,0,102.653422178718,64.1415632697217,59.0573689448551
"S0341",83.9029740449041,0,111.808294889229,70.8111334456884,57.8814283428833
"S0342",93.3251797035336,1,113.736815379503,72.9959868968493,73.3101822514542
"S0343",70.0109572149813,0,84.0510143165179,64.8231682259202,59.7059096292768
"S0344",62.6133656781167,0,93.6935354225915,63.5016931963517,53.5930158142356
"S0345",77.1225744020194,0,104.758719931574,58.5663417965981,52.1957221157848
"S0346",63.6326951440424,0,91.0722748876789,54.9102326679555,43.0679727829366
"S0347",93.1225747615099,1,139.149764267667,69.3879573282318,66.6507597060641
"S0348",87.9126273561269,1,117.555817551257,70.7234700812356,56.7551978081795
"S0349",77.9873551148921,0,97.6923818060936,61.9153118896096,58.3803825085863
"S0350",69.2751359008253,0,95.2918861066382,53.0517798342164,52.5904876900474
"S0351",97.8666315786541,1,141.900084299113,68.637380795133,71.7836754872535
"S0352",70.7120038289577,0,91.7204553260875,56.4028486007369,55.2532836279166
"S0353",60.1199380774051,0,84.8089952908923,51.0924235601684,46.9928687187647
"S0354",67.0485484041274,0,93.0386520196046,56.5917725066447,49.5812816648984
"S0355",82.5460022687912,0,110.214240959896,68.5749342737162,63.604736286493
"S0356",64.801234677434,0,87.5994155903829,57.2860632148018,54.6792611367533
"S0357",81.7295268643647,1,115.191540773475,72.0745087720068,71.1283516743872
"S0358",91.6272532194853,1,140.794704623016,65.0651545367456,59.5149069953721
"S0359",90.6354261934757,1,132.157825487043,67.0590330005795,68.0034005054585
"S0360",60.6482497416437,0,105.015412948101,54.5842561148245,49.5547631819182
"S0361",82.8238908573985,1,121.275821115647,65.4921286095389,61.1800683149839
"S0362",91.248916555196,1,133.435104917586,69.4849210170641,60.6907672726668
"S0363",98.9291008934379,1,161.345160283531,76.528103745386,56.8904457096627
"S0364",90.5289686284959,1,122.978251942486,64.3856430168013,65.9319007650403
"S0365",62.240287149325,0,96.5789207873235,55.1437865706115,38.0045634061541
"S0366",83.9597171451896,1,113.149975445631,64.8350527283465,59.7307559854406
"S0367",64.2303690686822,0,100.073051302132,57.1448227416605,56.4242964218384
"S0368",67.4206086155027,0,100.545959834858,56.6959292512163,50.758110590092
"S0369",70.7120696734637,1,109.014708766678,76.6817203368112,58.0776117887965
"S0370",98.3690946828574,1,151.164045716483,72.6780796457485,69.6299976248737
"S0371",63.5042882245034,0,92.5389875137205,62.3872530276659,54.8076199965445
"S0372",84.6048107277602,1,116.162203793374,67.699815511023,63.2014679669995
"S0373",89.5181093551219,0,114.780970857586,73.3560514186614,78.6895202008205
"S0374",63.2856838963926,0,83.4305414335137,52.3470867903888,40.2914535276673
"S0375",79.8134242650121,0,78.2736575643385,56.1766386664207,59.2234990070645
"S0376",61.1335817817599,0,88.9227934781859,45.2827007443761,51.2970683882928
"S0377",81.5340437088162,1,105.449334966622,68.9735483581175,57.3382985149021
"S0378",80.8050047047436,1,99.7452869804183,61.39972116654,51.588113423925
"S0379",94.2375630605966,1,136.891636514178,68.1984001986051,73.3466343392808
"S0380",92.6428110059351,1,140.167492523947,69.2967502816291,63.8480956463398
"S0381",71.8957712221891,0,94.1552644871432,58.1372738502757,53.6492843794664
"S0382",66.280729835853,0,100.174932519498,51.3050309887575,40.5935834573547
"S0383",83.494182927534,0,94.8434551457128,67.5836771263615,62.1258018104326
"S0384",93.6954901367426,1,123.750950470285,74.6870680419054,65.7871006018468
"S0385",72.0137420110404,1,112.554011432046,56.7021856084502,64.9361167258367
"S0386",87.5269446521997,1,120.027205268862,72.4371009588469,60.5271294058238
"S0387",65.6393019109964,0,97.5855683479939,64.8995966812538,53.5221025521743
"S0388",68.1516854185611,0,78.9498825363866,56.8399882565425,41.5003492742165
"S0389",63.2330267317593,0,108.629272923825,50.817161157281,55.6158666759962
"S0390",96.0460154991597,1,151.958667583186,78.5432330648592,70.3869034508306
"S0391",94.5505465660244,1,141.462471294094,73.9357433564206,65.7399927817882
"S0392",98.390589999035,1,144.025393728409,68.499860703047,71.5534422477786
"S0393",83.4208083152771,1,122.832891806572,73.1399007241894,67.204831353883
"S0394",73.1796654686332,0,93.231245759278,60.5698178028523,52.2503942581375
"S0395",98.0453287810087,1,164.647168695201,80.0799715410447,73.7869929351149
"S0396",85.082044294104,1,114.014745342684,76.4679185479046,57.0127742569789
"S0397",83.1353269610554,1,117.352268715856,67.357566258129,55.6108715380663
"S0398",98.0625493265688,1,160.232791309098,73.3500515005916,71.5402600720255
"S0399",99.1657034121454,1,159.066023617356,71.3860093864788,71.5976373603848
"S0400",65.2205723337829,0,90.7530443016987,58.0178052607233,58.9582731890579
"S0401",88.3045380190015,1,103.00791718642,70.4268864987284,59.2561890786137
"S0402",66.0981788951904,0,97.6082488870816,68.944474448024,59.7046100124161
"S0403",83.1585563346744,1,104.679311372591,61.6140685975,61.7224814406145
"S0404",75.2072656340897,1,96.1959136821219,57.0134242428233,60.3776960850803
"S0405",76.1448189988732,0,84.5183997216842,70.1028549403306,55.8684991611731
"S0406",69.8426857218146,1,94.253554564432,56.792347241047,43.6871880157564
"S0407",65.3744620643556,0,88.4608653788287,58.7395445377844,51.4272921595206
"S0408",91.1528047546744,1,131.52545505343,72.7207485436403,67.1333771867563
"S0409",88.8209273759276,1,117.965624068329,73.1006166756051,59.6392081347671
"S0410",85.2612366713583,1,109.52919170847,71.6750058572275,71.2899330404287
"S0411",96.1451261490583,1,143.560741373969,70.8317531599834,63.5788180007806
"S0412",94.0594481583685,1,139.141742969564,70.894214740624,76.1320317422247
"S0413",91.8086676392704,1,127.007024756523,71.1120541350431,66.5601803208898
"S0414",85.4585282225162,1,111.378665596205,67.4915291050159,62.736893331467
"S0415",73.579858392477,0,93.8512849708471,62.9682125687065,58.2609391955957
"S0416",72.8052301052958,0,91.9221140019433,70.3070040870793,55.862102603076
"S0417",82.1412959787995,0,95.6612795814984,62.1314445209372,55.4306941745083
"S0418",92.0381989330053,1,129.889524932884,69.1727285137955,61.7502588282731
"S0419",71.601838953793,0,97.7484626747486,63.8550520910172,53.9012892721997
"S0420",90.4915076121688,1,138.097313423978,64.2747547125549,63.2169841569567
"S0421",87.0643038395792,1,114.336031575053,80.6657410143172,68.5226790878707
"S0422",75.0269757583737,0,103.234532428142,64.5887205122644,52.6686771790317
"S0423",81.1616236902773,0,91.8444664871561,60.6649380092725,62.9401255210012
"S0424",72.1578808594495,1,98.232708862028,65.9870602108987,52.3591827760718
"S0425",65.4566977452487,0,92.6419812638388,50.120328492462,56.8664223357421
"S0426",73.6057466827333,1,109.299587632874,47.9715408592694,61.6010239224198
"S0427",66.2435333337635,0,111.074202328149,68.4356082787062,51.9186868512445
"S0428",78.4123176150024,0,101.19550963923,62.8730287996187,65.1379453512625
"S0429",62.2684364020824,0,73.2667088729066,58.4952231114796,54.1843926694349
"S0430",75.1228442415595,1,96.0131176653105,61.5294231645165,56.3674418194166
"S0431",99.4090758170933,1,152.601638886142,83.3703079055302,74.2243676980896
"S0432",66.7945393454283,0,89.4871178212529,66.1077755873274,48.1779355404164
"S0433",97.6872891560197,1,145.313748866144,76.2233965952245,66.6850680460873
"S0434",92.9503590613604,1,128.453666921025,66.0357916694308,59.7048455649127
"S0435",76.5307799726725,0,106.253444554358,68.6024029522454,50.2062058452946
"S0436",65.3413699846715,0,109.054272694949,57.0080211274166,47.5129671446488
"S0437",86.5362009126693,1,112.936014221084,66.4441785772931,61.9254272379429
"S0438",68.0534660443664,1,95.7871186383346,58.6396419997964,52.0066071933971
"S0439",90.1816449873149,1,125.325833977113,68.8820390863089,67.3713549930303
"S0440",67.5764154270291,0,99.4274029566802,60.0739613553011,44.9088964161624
"S0441",89.1634588316083,1,124.878423407707,74.3174437639761,67.3649642178699
"S0442",79.6656358893961,0,102.737901106736,57.615436611462,57.9836378303375
"S0443",60.3652172256261,0,87.789605185265,47.3689787380139,56.5052403816031
"S0444",75.9200024232268,0,104.795452145541,64.4342146606751,55.8002805435224
"S0445",88.0294616613537,1,120.333269116862,75.6577391359488,62.7865419757449
"S0446",79.9543580319732,0,102.797890392523,62.0017059850855,72.4239688942471
"S0447",98.2523175794631,1,167.798335548944,70.1966642527213,76.4874414909442
"S0448",71.8908096384257,0,109.346433895772,57.8011091226848,47.2053287843234
"S0449",89.6957778371871,1,129.768203694199,70.2481338965974,68.2402668208063
"S0450",86.3534286338836,1,112.713399992159,68.4501165596296,57.5452600798761
"S0451",89.5872432086617,1,124.266996789762,71.8830948400529,61.424532641133
"S0452",78.6789207160473,0,99.1436690435504,67.0841576575288,58.9778613616765
"S0453",71.2123266607523,0,103.815244989678,63.7248876339889,48.4195219990475
"S0454",77.7002463117242,0,89.832419736457,58.1770983575262,54.322180412551
"S0455",64.9742076825351,0,103.069063670754,63.6032742619588,51.4438293503513
"S0456",85.4093558620661,1,119.793839610296,67.1777517833151,61.9239315800899
"S0457",83.7259008642286,1,123.269396446396,71.7139994018853,65.6268805756497
"S0458",83.9952248521149,1,125.349455547029,61.2722113830925,57.9151162228881
"S0459",65.443310290575,0,82.5715535212107,50.2337217097317,49.5615465468133
"S0460",64.3318279180676,0,85.7182561649738,60.0210635634299,48.9167095376042
"S0461",77.8650019876659,0,101.793544159733,64.3655301666452,61.8337328365698
"S0462",81.2133875116706,0,101.396420063752,69.540764206327,53.8666663108779
"S0463",64.8187379166484,0,95.8911489721261,55.96820533832,47.732254253446
"S0464",87.7749032527208,1,126.955651869546,74.6845633463504,69.3199132469004
"S0465",95.298955636099,1,134.637410183182,71.8226797629265,65.122258695869
"S0466",89.1235480643809,1,128.913227257233,76.0512781584058,64.4914179207737
"S0467",61.4682881999761,1,85.6199908300783,52.638994276464,48.070122094201
"S0468",61.1391150578856,0,85.2490507970822,54.5507928093802,53.4458809455747
"S0469",74.2682967055589,0,86.5477044929793,65.5638959928906,52.328299642359
"S0470",70.4392305668443,0,109.141092345158,53.6447275309282,61.6365441832955
"S0471",63.8747615460306,1,109.587273641286,53.6926668638231,57.3948165564716
"S0472",86.6631495673209,1,111.988512069269,60.0785214279029,57.9018284168057
"S0473",84.1322683077306,0,98.2058966997701,57.8977401511699,59.4674861733442
"S0474",61.5813111606985,0,98.2741784395951,56.4496860531596,47.529054680121
"S0475",91.0645907558501,0,121.41272908697,66.6120626511357,64.1838433161221
"S0476",90.4009477980435,1,134.728929941095,76.0416238422986,64.0728980808546
"S0477",97.8091946709901,1,144.934306431652,70.9043253043267,67.8239125564578
"S0478",81.5823241043836,1,116.76325695364,64.8137486519123,64.7894927519482
"S0479",81.7520684748888,1,120.919650187348,55.6595877879326,57.0934724659298
"S0480",66.6553932055831,0,88.1809859450646,59.2559716699764,47.7004675565187
"S0481",72.6392582431436,0,88.6909297662812,75.201660570447,54.7449914323688
"S0482",78.8784423470497,0,105.579391097587,71.6481451235408,56.0241995802472
"S0483",90.1531516201794,1,125.14690640303,71.1179840283822,63.8319322000451
"S0484",67.4024206958711,0,80.4140863555148,57.3678124461386,46.5467482646266
"S0485",85.2281354181468,1,108.544967730626,64.4016591723104,73.1478781445607
"S0486",71.1868891119957,0,85.7804039558678,57.6079299231106,53.0377606979147
"S0487",65.8427654672414,0,81.408973069482,55.8731852703546,53.9633866088831
"S0488",81.1877495329827,1,124.128552311685,69.1425172759128,56.9455359718172
"S0489",82.1675067674369,1,113.180108049754,75.1533635528825,60.4595138734851
"S0490",84.3239808734506,0,114.007977255454,70.0281108841293,59.1482461446305
"S0491",88.0090965144336,1,116.90928594852,70.4570733018561,63.0740414042583
"S0492",71.6525630094111,0,95.8379391298468,68.9778654180158,59.7438029020605
"S0493",82.7162989508361,1,125.292353008646,64.237937365522,59.0922716167936
"S0494",66.3303118385375,0,97.0906320163179,67.512034760657,58.737316341826
"S0495",69.1789441369474,0,93.5970261138773,64.3030848106347,59.6238475490386
"S0496",72.423822293058,0,76.5868750127693,57.9131500855779,63.0925521697646
"S0497",83.2401995453984,1,118.428297890085,71.5373022848139,60.7174337279046
"S0498",94.7635264322162,1,147.396755417936,64.9208112762303,75.7089928101428
"S0499",76.8342027813196,0,83.4223985349191,66.5767514201091,52.0571291838017
"S0500",70.479063373059,0,97.7526134668499,63.6992387092089,59.4349405526827
"S0501",71.4749930519611,0,79.9926908901582,61.5375842816936,54.4170795153796
"S0502",78.1985017471015,0,101.930519682992,62.7961156478275,56.3144190275244
"S0503",76.1969077493995,0,96.4321701824498,67.5125863293252,58.3763589088407
"S0504",78.0082282610238,0,118.838170406007,69.9291023426754,73.2457263364406
"S0505",82.6054159365594,1,109.75661478472,71.3867268422892,64.6163113671679
"S0506",93.8587789610028,1,120.818229795339,74.9296351304556,64.6208034198609
"S0507",87.6259695086628,1,126.69786558849,70.6464110968416,61.907065563739
"S0508",64.5710101444274,0,92.9222482124094,58.2266784861347,52.6544190912698
"S0509",92.0328086148947,0,128.616690552976,69.0617406934326,72.1297493750912
"S0510",61.6276662424207,0,92.524119409882,57.7612264588866,40.8788126318711
"S0511",99.560703644529,1,174.395912191194,78.6301294579214,69.8290637439172
"S0512",82.8441887721419,1,120.052128568909,56.1297329088202,65.7179517162024
"S0513",93.6966952588409,0,107.607411074264,64.8060139538797,66.8192157479413
"S0514",95.1295912824571,1,139.01117287427,68.7985958014617,61.7610684973646
"S0515",74.616469014436,0,100.22843369746,59.2063828141267,60.398051366956
"S0516",83.2540073990822,0,95.7711032560007,67.3018469296474,56.6296505552306
"S0517",76.6452300269157,0,91.6562068532187,67.8893550252272,58.1282492641808
"S0518",77.775491643697,0,97.5543868735391,69.5311148259434,62.4783402712606
"S0519",77.9989580065012,0,105.850849054299,64.4216476316835,55.8896716274521
"S0520",89.6028885617852,0,115.017149985308,71.0106140509811,59.3623046599412
"S0521",94.8414085339755,1,140.001552523991,82.5625873666921,69.8618340882871
"S0522",62.4387397803366,0,73.8661309267008,50.3142837910951,49.1372796903456
"S0523",80.1489261724055,0,87.3031236414536,61.5136521791271,67.9461619043158
"S0524",93.6520477384329,1,136.525220990665,68.7078349626791,62.3424246474567
"S0525",69.7574449237436,0,89.0987973026539,64.6036951098012,55.7127819169165
"S0526",93.3971207588911,1,132.457979401559,69.2888744930063,61.9174344476937
"S0527",77.7229944244027,0,92.8800472252174,64.8929396846247,54.1761894709461
"S0528",89.4633244723082,1,129.586178402279,78.1977186550499,67.0986053197751
"S0529",73.8217915780842,0,88.2057929989733,65.6749364372134,56.9258109314182
"S0530",98.6235057655722,1,157.695882415171,77.628130297552,66.920368610645
"S0531",97.9216823913157,1,161.199935424916,66.4425260489901,71.7365710849976
"S0532",95.2001988980919,1,127.878167465415,70.0667638847963,67.6874487467819
"S0533",60.9836912434548,0,87.2948020957694,63.6676659296963,47.8917498947462
"S0534",86.2566651869565,1,110.664410565622,66.1419049301793,65.2704791518463
"S0535",97.7224128786474,1,143.440359962163,80.9294218734799,64.7807371329786
"S0536",97.937939921394,1,131.148392395417,68.1187058375364,67.7749216724155
"S0537",72.4610724486411,0,96.3356247418604,61.4127370759411,59.4139295150412
"S0538",70.2488983888179,0,109.868972606437,54.4594464627316,59.0932889734272
"S0539",81.1026845127344,0,84.0715991952374,72.9655526720841,61.3634661296271
"S0540",82.6534002181143,1,104.696263564158,65.1741972680975,63.3092503844066
"S0541",88.7072905246168,1,120.316462432388,67.5720891879853,64.5081431682707
"S0542",75.2491712942719,0,95.8447683087344,67.1200011510799,65.5611558615298
"S0543",96.6204507183284,1,150.545621741511,70.8454237462592,64.0682159529425
"S0544",92.8552974294871,1,142.601615208419,73.1931452377642,56.3907147483939
"S0545",78.9048386365175,0,108.65179150042,65.580999717073,57.8059387719606
"S0546",76.4166601281613,0,97.2088080963884,71.2759672256022,58.1944362137589
"S0547",95.1004972867668,1,149.736200048086,70.4108409469726,72.3412024928765
"S0548",81.1530713830143,1,113.235285792477,65.8558897470275,61.8467402681323
"S0549",89.903203221038,1,137.023355598443,78.2151574566749,67.2771386329726
"S0550",77.7879196126014,0,105.097002122662,62.2152398809426,61.4463504035655
"S0551",91.8931681942195,1,122.151410676733,68.4761344759629,65.9243858175235
"S0552",82.2927115019411,1,106.501216059323,72.1152731488212,65.0256819958025
"S0553",98.8250601943582,1,148.48678261382,80.845438613837,71.4963036184674
"S0554",79.7910233866423,0,81.4357143001041,67.3933608146409,61.7313316035823
"S0555",76.9537826068699,1,91.9586575983514,55.8819583156021,54.0018411408656
"S0556",62.5125972367823,0,88.8943620808757,56.6944623854986,51.8087804549171
"S0557",83.4039779659361,1,124.177966627053,66.0175023499179,64.1030780081086
"S0558",65.9299250040203,0,80.2297060457174,58.2957910671257,48.2899243194778
"S0559",74.1240726783872,0,109.198333137751,50.238155241725,58.6653111899485
"S0560",69.4643149711192,0,82.1321871306773,54.4583116203564,53.6798170851994
"S0561",90.9102796483785,0,115.629978715901,67.220101971555,67.3724763188061
"S0562",82.4458563048393,1,126.861460129379,67.7605125650437,67.1199101678916
"S0563",94.2304197512567,1,124.473722051235,66.5904566912806,64.4560459923797
"S0564",71.8015739042312,0,93.583729642288,60.6201336998329,67.5186895834576
"S0565",63.4222655557096,0,81.5962385356484,58.3947718412647,47.194112757272
"S0566",78.3826174680144,1,117.617849850674,64.1533167076705,58.0828832677488
"S0567",83.6092416290194,1,101.588853640766,70.5719089386545,62.9880404850762
"S0568",63.5395960975438,1,86.9907184737498,67.0612854074831,52.4972137837346
"S0569",77.3470790497959,0,93.7562883101769,68.1823152647124,58.0853943248348
"S0570",69.3864853680134,0,82.6707717377991,50.1679625135689,62.7112000482989
"S0571",74.3131458293647,1,118.757106942017,65.9023784681998,57.3852834433869
"S0572",76.8656420987099,1,117.092847056245,64.5411344670182,59.8085361180616
"S0573",91.3750003371388,1,115.143260934744,78.4922898590462,70.4108458278735
"S0574",88.6026946548373,1,123.155320832256,64.7254069958882,57.2485820948519
"S0575",85.3066175617278,1,123.908959443293,62.3693802506231,61.7126888193119
"S0576",66.0821384191513,0,94.0723328263703,63.8273602174389,58.4406549476063
"S0577",97.6864662207663,1,147.371351053311,71.9636562758661,61.1353222840423
"S0578",96.2297655828297,1,138.875554725805,72.3927732399476,78.0006524886922
"S0579",84.3429201375693,0,107.375595435765,62.2535969781863,60.8815030880537
"S0580",96.3710308633745,1,130.649898627597,79.1512872955135,71.4224827684918
"S0581",95.1628433167934,1,136.751409227328,73.8489617978337,59.9364259320943
"S0582",71.9725261069834,0,104.721364409788,60.2595321049075,60.5972455776605
"S0583",96.9249909929931,1,128.227259070195,73.4964197409478,68.537270238557
"S0584",89.0327550005168,0,124.463018455387,63.712637421151,53.0552254956907
"S0585",60.5026311147958,0,71.1840797882896,51.1240320953952,50.3253608043696
"S0586",92.7345174923539,1,125.366734331776,76.7581397735679,61.6651910977499
"S0587",65.9256127942353,1,106.895812935605,56.718047317422,52.957687796448
"S0588",85.8046943321824,1,113.235484362301,70.5281251955486,60.974421278995
"S0589",91.0544784739614,1,128.345604398607,72.6291349052407,68.4103784999891
"S0590",99.4627530872822,1,161.618851837776,67.3163989058638,73.9460225891881
"S0591",87.7650087699294,1,130.973132038415,69.8910312652073,61.7615137371165
"S0592",65.2108944114298,0,90.6274062432057,60.1172304585689,49.3312407746002
"S0593",76.8705228157341,0,97.2299605571824,66.628487275774,58.9849025963674
"S0594",60.6147578731179,0,91.5625938286817,53.2324987636131,43.5496277708373
"S0595",98.7212273105979,1,154.548054354416,75.3937230691198,63.8979366686591
"S0596",93.0548833683133,1,139.892133351383,67.5153798754035,63.4082082114743
"S0597",61.8141609150916,0,89.285030453969,57.8476498414627,47.1063354815778
"S0598",69.1348573565483,0,97.2323457762767,54.5916783746732,50.6331314528359
"S0599",71.0235084965825,1,113.778457608353,52.8177607632308,56.5398774229238
"S0600",98.8220570702106,1,151.220214842774,76.6096517476596,60.9737857577042
"S0601",99.6008804999292,1,152.682412533974,75.5708877840228,59.8736193861682
"S0602",77.007300471887,0,91.0777526902125,65.6877442075002,61.439068134597
"S0603",96.7120418976992,1,144.794843485722,76.2260745083868,72.2530274575804
"S0604",92.8957381099463,1,139.205825467183,71.4452287081279,58.2299362699592
"S0605",61.5675578918308,0,103.475796662238,54.0915676848537,51.7118058637426
"S0606",65.8493611961603,0,101.831534319664,68.3951255946305,50.3004468098717
"S0607",66.6413884982467,0,95.681838981253,59.5657813281416,49.7657269759688
"S0608",78.4087094292045,0,89.8519652772119,58.026901896124,54.1327641873782
"S0609",89.7752913739532,1,136.649286421256,65.9862040523911,68.0611889549356
"S0610",64.101937385276,0,93.2839002317549,57.3193746863767,57.5339260065992
"S0611",63.2363033108413,0,91.4386117035247,54.1647877567438,52.5712308307431
"S0612",78.1335049681365,0,85.1280685015599,57.524709570812,46.9134022165078
"S0613",84.3281305022538,1,109.818033388262,65.3242260651804,58.4380651249186
"S0614",72.412348613143,0,91.0555446701948,57.1613126125398,64.2296621181519
"S0615",71.3764004036784,0,91.0183275672871,62.273862695301,55.403953138569
"S0616",97.5816181953996,1,135.893228143719,80.6990289794141,69.1641598334936
"S0617",68.901623012498,0,100.383338459744,55.1088732443332,46.2890364292609
"S0618",93.2178848702461,1,136.451698193087,72.0958735543413,71.1267824092677
"S0619",69.0900928713381,0,101.785631243256,60.4143119101355,54.118506269736
"S0620",86.4349637832493,1,106.567580980142,72.3776978634193,63.981802874345
"S0621",92.6074473187327,1,134.517635147885,75.0245155215592,67.0614178446963
"S0622",99.8167397268116,0,138.839304934961,71.1566512391703,66.4694853719816
"S0623",87.1083641424775,1,112.299273913352,66.5502120776864,59.248287794682
"S0624",91.4846831187606,1,121.622349334037,76.0019242166768,76.0825712416563
"S0625",73.3653696998954,0,102.168868311765,64.5558409974419,56.1440420064968
"S0626",93.9319887012243,1,136.961513356112,76.0050138602701,66.5217255014704
"S0627",65.8506692852825,0,85.5005237316149,54.2439060646227,53.2968376235608
"S0628",94.7016058675945,1,109.311309353492,71.5455322250278,74.0610295935013
"S0629",87.9077374190092,1,118.67940505086,76.6154633011518,53.3551241085506
"S0630",72.9473080020398,0,96.7752080081007,63.2590447048696,60.5821973325216
"S0631",93.442751923576,1,120.420382337181,75.6044677725897,69.1752161071474
"S0632",96.2992309685796,1,144.362089427423,69.3757384893297,66.8113280707966
"S0633",85.6477995589375,1,116.714494453055,70.0453494204789,62.0107376053266
"S0634",81.8996988702565,1,115.300106523695,65.3134196616288,67.7277830148921
"S0635",65.6629873812199,0,98.5082097277799,57.8449156834287,47.2448046304402
"S0636",93.0837599374354,1,136.345479754933,65.2020725967389,73.238670895075
"S0637",74.7187331691384,0,96.2584087155828,62.8228160367102,55.9972728556251
"S0638",89.8380907904357,1,123.505802260634,72.0483291980659,65.6061845702082
"S0639",74.0014652069658,0,94.6435116079978,68.0487998801072,60.5097401828595
"S0640",95.1229767873883,1,140.17640105736,71.7958642813539,69.4810643591022
"S0641",95.4020306747407,1,146.299848951895,72.7153748377307,56.2802069873636
"S0642",92.8614375833422,1,140.945802655491,75.2660830213275,61.721766711572
"S0643",99.0791271068156,1,144.612829294713,70.3829266870343,80.1476237889754
"S0644",70.0099087879062,0,96.4550356192346,49.2475509847941,63.5871221741192
"S0645",72.3408542014658,0,94.8702373908546,62.8884377106928,53.0736732244313
"S0646",97.5701706670225,1,144.606750270933,70.9921822534314,70.9906415056613
"S0647",88.0489413626492,0,112.579569045942,75.7595579330468,59.2956187926382
"S0648",86.854757508263,1,115.573700920116,65.6092106815953,60.3023885114086
"S0649",93.8119745720178,1,148.975645988599,75.1650833631075,68.2510778402197
"S0650",99.2598566785455,1,153.189044844601,78.4286182766793,69.1524686058088
"S0651",84.3953580129892,1,126.076300293554,67.1179849282086,59.5540484618168
"S0652",63.7323337700218,1,103.861253397045,55.3301201047581,47.18154009105
"S0653",85.9585211705416,1,106.585529743776,60.4562431023882,57.218655622308
"S0654",93.7199204601347,1,130.859476616011,75.6214903087929,71.2731919813304
"S0655",63.233846090734,0,100.862729089382,60.2913693540376,41.5550749986752
"S0656",77.7773815672845,0,96.7303847928666,55.9979758531532,52.3296247713084
"S0657",83.114977683872,1,105.633970542498,64.6176846721825,60.6117388842615
"S0658",81.9308127462864,0,92.5789037562686,66.0854254187914,66.9772245947987
"S0659",87.1578666381538,1,112.033298148328,65.0389602551421,64.6879971273621
"S0660",83.855137405917,0,105.519317647612,68.0899200402058,55.6903312484254
"S0661",78.937269533053,0,87.1758102756237,64.4302931148707,52.4359728567402
"S0662",95.6383694708347,1,140.238398961234,70.4932949407228,72.6377473536352
"S0663",78.2311881892383,0,104.078866439004,63.5467960767708,56.6370067488462
"S0664",77.7509003132582,1,103.183300491104,67.902680157486,61.3561126313555
"S0665",73.1164343096316,0,80.6331228332139,56.8557024391155,57.9807293813741
"S0666",85.7924854755402,0,106.697405113867,58.442831651939,62.8829106593985
"S0667",61.9894492998719,0,94.5703270863536,57.2793773713728,42.5626887719174
"S0668",60.0060415733606,0,84.6162504028136,55.6058145122515,56.1413705061074
"S0669",91.8783336225897,1,127.317920507554,84.0126284901875,71.4883344245112
"S0670",91.99463468045,1,113.246307838373,66.2541556449514,62.3636009944937
"S0671",77.6508230995387,1,111.71841042242,62.7772709578789,49.375399385514
"S0672",81.6589595004916,1,104.239251922549,63.6820957882571,54.04690481399
"S0673",81.5603365655988,1,119.33198603827,75.080764024704,63.1912009575209
"S0674",83.0052316375077,0,119.487393476006,60.2547542957424,66.0335770138105
"S0675",78.1416677031666,0,97.7128921723841,69.0490083290403,53.316767508596
"S0676",96.8746799230576,1,146.471224619409,70.3939117494854,73.8266235277512
"S0677",97.2209851257503,1,161.586995749862,84.5928411611451,68.3049469883631
"S0678",83.2115376181901,1,102.236343317185,68.646512799754,65.0428716583182
"S0679",60.1237646862864,0,84.7509847260333,58.1418483492901,44.9332178465955
"S0680",62.6212594471872,1,102.90371407054,51.7395489544093,44.7905168519304
"S0681",67.8298788424581,0,99.2886642390847,43.927789303522,56.4792131237435
"S0682",66.9762490037829,0,91.9549639965294,60.8517987960759,55.4867134306726
"S0683",64.945743791759,1,90.9878745019072,59.9553230744506,43.6081006862536
"S0684",82.0519262552261,1,126.963347735465,64.6743631995992,66.0917361799594
"S0685",61.8547705374658,0,86.0895222928185,64.0092893519455,57.7514232061577
"S0686",91.4389044232666,1,122.308216652957,71.1469119590939,69.3589364450852
"S0687",85.5155483819544,1,116.580854817907,65.7207409698899,61.9654715237962
"S0688",74.4899788778275,0,97.433570146259,65.3204963425337,56.7941520277242
"S0689",70.4854794126004,0,88.0620850887189,57.5101175391951,63.9365248818121
"S0690",96.8446397036314,1,146.138868314011,75.7526178157208,57.3552605994551
"S0691",85.0313036516309,0,102.851879110421,69.0148776172515,62.8407553579953
"S0692",83.0716936849058,1,108.459513370723,75.9404888872955,59.1616992316837
"S0693",87.178240288049,1,104.750320103,68.8736339551618,53.569124145814
"S0694",69.6723077446222,0,86.2559645292491,55.0955143085804,56.1370223651998
"S0695",79.7801154572517,0,99.0263048671698,57.0360175176194,59.1806422797956
"S0696",79.7614710219204,0,113.238313805252,66.4320132976356,58.5587574826549
"S0697",92.7553187776357,1,132.22489944827,70.35988075393,61.4171367904574
"S0698",85.6495026033372,0,93.1785943413577,69.2610850038358,56.7677535300651
"S0699",93.6097101215273,1,135.315783441539,76.3402394934756,74.6157475416837
"S0700",98.7596237100661,1,146.985225625119,65.1515661146853,71.6251888479327
"S0701",91.7735733278096,1,124.383462709168,57.0646888567678,63.0416129251842
"S0702",91.0065894667059,1,114.869672002249,79.3877983208244,60.7156583846287
"S0703",77.4425888899714,0,96.4300241585722,65.5200440887808,55.9968297739141
"S0704",62.2278774529696,0,88.7015717468036,52.5802939773361,52.1696232740831
"S0705",70.0692853890359,0,90.1769481510724,53.9789731006232,60.3976993598853
"S0706",92.1955911070108,1,128.752577862482,67.5220154198528,53.8056894886867
"S0707",97.2782270982862,1,132.530714377629,69.2349182085791,65.9293672579506
"S0708",99.460710156709,1,142.895064244956,69.2690260758085,67.8844125088583
"S0709",94.0540154278278,1,128.940159153178,84.9227065226134,57.2909428127995
"S0710",66.1897179670632,0,91.246255350751,64.5984635203025,53.1116234597153
"S0711",86.3053612969816,1,114.391021168495,72.7949390473163,62.4690357004662
"S0712",80.6195134203881,1,115.70131830867,65.533673825426,61.4413745615015
"S0713",91.5176531113684,1,117.374461592442,73.177197461546,66.3081232729296
"S0714",86.0302658565342,1,108.750391972919,67.8850313311964,66.4393585640714
"S0715",80.3358529973775,1,95.5535175068139,66.8462461213666,54.2066597263263
"S0716",78.5677089728415,0,113.406854832798,61.6827866053533,60.3454086497691
"S0717",60.4217453766614,0,86.5700257157184,48.7052529985579,60.0665482424778
"S0718",82.8305602446198,1,106.635017306856,65.5812943376816,53.4952425583778
"S0719",61.5692831575871,0,88.5216382646414,63.5247123448031,52.0660591465064
"S0720",68.1279034633189,0,84.0937102477103,47.3717619861281,58.013159287002
"S0721",77.2399637941271,1,111.094863199958,66.7426136020435,57.7324026596476
"S0722",66.5014204289764,1,108.802663151407,59.9322349673346,56.5037780081368
"S0723",99.3483966682106,1,147.641080003405,73.3335169430547,74.0040340028978
"S0724",66.2433228921145,0,88.5668715528889,55.3294896555187,50.6637283537529
"S0725",84.9484421126544,1,116.723324061563,68.893109296086,65.3309802010753
"S0726",77.1982153784484,0,102.048177538795,70.9346152112264,57.6970304014111
"S0727",92.2286239732057,1,126.248276402168,74.3559037644198,61.7552192159296
"S0728",66.1752292234451,0,84.770209364341,55.9284100625097,55.3828078660322
"S0729",66.1842561606318,0,102.635137597916,64.0907196720341,51.0649429938576
"S0730",73.3251370489597,0,96.4791031598869,63.1545890295613,63.5796954565358
"S0731",94.2448154650629,1,140.86063997395,83.0314415989501,67.1775924905793
"S0732",63.4504659846425,0,93.6885260945681,55.263697785644,53.1437259920214
"S0733",61.2669226527214,0,91.2331920983711,53.7959708868223,51.5396198735031
"S0734",67.3386011179537,0,66.5562021330881,49.4530972466263,55.6642892259622
"S0735",81.7038666829467,1,110.748819759882,66.8658500865363,59.2535172150308
"S0736",60.3000724408776,0,70.7656188754481,62.3250131120494,57.48053969724
"S0737",88.7017025612295,1,132.920001466475,74.6889346227753,64.0629312244808
"S0738",80.2990875858814,1,111.139250898313,63.7099080157938,61.6011605777762
"S0739",98.1480088736862,1,164.20625878978,75.7000762572531,76.8172749210421
"S0740",81.8148368876427,1,111.457986702962,62.2686636504874,59.8049019359313
"S0741",64.1960171982646,0,87.3674674106332,58.5093324365172,43.4128430396366
"S0742",85.801261710003,1,110.432839700435,63.4054708578747,62.2247214842198
"S0743",86.291072415188,1,102.791444556677,66.9198300608396,65.9114681203142
"S0744",77.8706889040768,0,107.039658277691,64.1928214300523,62.5255634257568
"S0745",78.5700456891209,0,97.0997649170715,55.681740160786,62.7293522710605
"S0746",97.829428659752,1,154.65920066102,75.7982857084633,68.2296213509526
"S0747",80.7082942780107,1,119.087808667042,57.7607076572506,55.3236286265524
"S0748",97.8005570825189,1,154.417227469651,68.9576297316234,71.1941969975072
"S0749",60.8573333639652,0,84.9178930518629,53.6917358418688,49.9591732842475
"S0750",87.7540680486709,1,126.614150778224,67.0945514513014,58.8808635386217
"S0751",66.7945756576955,0,90.4256252101608,64.0694405345681,59.2124036019534
"S0752",74.245213214308,0,98.0613276305459,59.543457142631,51.7983536922826
"S0753",61.6887171100825,0,101.585359476912,54.4422441376939,51.9319120363797
"S0754",74.0209635999054,1,99.0094134626371,65.9991691552568,52.3926968173672
"S0755",60.1304003968835,0,88.7027529286653,59.3972715921372,47.0448375736849
"S0756",74.8825195338577,0,97.8183635257533,69.2212913471835,59.0864249440989
"S0757",85.0086422543973,1,116.048790250871,70.6468245667645,69.6876237078252
"S0758",83.7867280188948,1,107.47406057535,64.1236822279639,61.9990910856109
"S0759",62.692037243396,0,101.420266977207,59.0171572357628,56.783339901245
"S0760",92.8076903522015,1,135.077600070673,71.9321273687665,64.6666351589906
"S0761",81.9092383887619,1,117.522617506965,72.1903042873137,63.8981926989591
"S0762",80.6266195233911,1,112.487753953298,63.9725241324396,58.6769852680716
"S0763",87.4530398845673,1,106.620125606557,62.2792499080008,57.149913477584
"S0764",84.1077741701156,1,128.728160139599,67.9167554791789,61.071083961417
"S0765",81.7461927887052,1,109.550800364468,64.2666682572855,52.5267616604109
"S0766",69.0269182436168,0,90.9885231602614,48.6428976091414,44.5510512419003
"S0767",83.0560409091413,1,114.086612363917,75.3668108185866,54.9106613815487
"S0768",76.505035739392,0,94.0477002043396,66.5508815005057,59.2303011987171
"S0769",91.9275466073304,1,125.157891813939,64.0816025613052,68.0513815175533
"S0770",66.181281292811,0,79.0100774227054,54.0989642710905,51.383788251908
"S0771",94.2470741551369,1,131.09234077371,69.1298904068494,64.7843925501131
"S0772",62.2457447741181,0,98.8686203117785,59.6941346093071,56.9326278027598
"S0773",93.3304434455931,1,132.323913267983,73.7983205937272,70.4004488248881
"S0774",85.8248678222299,1,105.406898918603,63.7683448587094,64.2315194755575
"S0775",64.4422398507595,0,104.491157682969,69.3109433142002,51.6137536307949
"S0776",94.8762764129788,1,124.768962966632,71.350811009503,73.4050289954377
"S0777",92.2459877002984,1,124.258067926946,71.5914148901248,64.6401758471288
"S0778",74.6365787927061,0,100.059583110356,58.8112595121323,50.9889941378949
"S0779",67.9413520917296,0,85.0481538643243,54.080805402648,49.6235071278648
"S0780",92.8168289922178,1,140.994075145093,73.8937429804378,66.5523320465338
"S0781",99.79676569812,1,156.250347350821,74.3656993039216,73.0942446410051
"S0782",71.4770296029747,0,89.4009664163929,50.7029314688696,46.2554733895024
"S0783",64.6279995609075,0,100.692357324559,60.0824898354281,53.879039107403
"S0784",90.1316727884114,1,118.716471687057,71.4431947599056,65.102551292885
"S0785",60.9234050381929,0,86.6113609155084,51.4014337400864,52.826340948006
"S0786",92.5141066219658,0,122.398924686914,70.6856808191899,66.6242002407906
"S0787",68.2631949335337,0,89.4849558501547,56.8408577331522,42.7999146292208
"S0788",97.6230818126351,1,152.327081317044,68.2790951657319,73.2895366953477
"S0789",68.7873147055507,1,97.1238990939908,53.0084863941052,47.1391239979989
"S0790",85.4085643496364,1,110.038831537407,66.2585324454808,61.1985503229293
"S0791",60.2073768340051,0,69.804045961975,46.4359403494699,49.2203700133089
"S0792",93.7539741303772,1,126.378998312746,68.3377171819834,66.170828623535
"S0793",98.0049112066627,1,137.985270798386,80.7406703952316,70.1814530584421
"S0794",82.6408429257572,1,114.092511487396,70.2675055771581,65.596129163638
"S0795",66.2209009751678,0,96.9830780821323,60.482541873722,62.1257144338895
"S0796",93.7679354008287,1,135.00692076778,81.2644695911674,65.2586290856206
"S0797",90.3987919166684,1,125.215826808061,66.7792043493803,59.3761243041977
"S0798",79.4436115026474,0,108.373025730335,65.4952470631975,51.2755266523352
"S0799",87.6871080696583,1,127.901177545496,62.1133463791534,62.95991287965
"S0800",79.3490620143712,0,107.447650970288,65.831183489685,58.5060649514756
"S0801",83.1811239290982,1,109.227257288201,75.136672150038,61.9019654894794
"S0802",87.220699172467,1,113.949232172534,64.3351495794063,61.3321927521349
"S0803",94.09603478387,0,103.919906132277,80.4944434008636,62.6198259966038
"S0804",86.0284911189228,1,112.533589252462,77.278945390838,58.7504844231462
"S0805",92.6093363575637,1,128.959062510265,67.5333518521917,70.5802596162455
"S0806",65.3943347744644,0,102.718435197994,61.9248258065582,57.0954188122053
"S0807",67.5726967304945,0,91.1388660912059,57.5944873856877,52.7928296677141
"S0808",73.8745824806392,1,92.402434654389,60.5666302984387,51.1960882705305
"S0809",91.1484560836107,1,132.316608931567,68.817318721365,60.9448350654094
"S0810",65.9734243806452,0,83.8926309663371,56.468656584594,49.4276318287911
"S0811",92.284037033096,1,133.172824233785,79.5835727203666,63.0454583993925
"S0812",78.3641191478819,1,112.332721073245,61.4979411024951,53.5385966875251
"S0813",80.9603815618902,0,95.5400567433533,76.5338730427646,67.2572338699654
"S0814",76.6927100066096,1,108.22267051773,59.6520482474848,62.8240432828469
"S0815",77.8471976425499,0,80.3248118753671,65.5967451238682,61.9547535654676
"S0816",90.1131160091609,1,133.022421240613,69.8973034652923,61.0584233135571
"S0817",94.9213987030089,1,145.230009431362,78.833759397276,69.2534154052092
"S0818",72.0247378014028,0,91.7937856532947,58.0917892721175,54.9373155557594
"S0819",85.1711073331535,1,104.803882158993,62.9289520661262,65.6721898403575
"S0820",76.8715500365943,0,100.99371837024,60.4486989132674,55.7052828621908
"S0821",82.7696977742016,1,98.3603837662627,68.8671468889581,61.8239893835074
"S0822",81.3359804358333,0,97.6222874717925,59.9113828393488,55.136396927605
"S0823",67.919954797253,0,92.5310057582824,63.433627021426,57.5884838199063
"S0824",86.402392257005,1,123.255598068313,75.9219752699726,73.3509328237414
"S0825",60.0757355615497,0,95.9607802031868,48.6537991187029,54.2798296099925
"S0826",78.6626028455794,0,104.73634808186,69.7125173665481,63.0372651973653
"S0827",60.7346443738788,0,88.3951803626373,51.8947110541901,47.4751022899705
"S0828",63.1494140718132,0,88.1407612932434,54.0098259381871,51.1679175906468
"S0829",68.5977100022137,0,102.69778157956,43.5770832191907,47.2738466531271
"S0830",70.8877012040466,0,90.8172114983416,60.7222354011105,68.4967267357973
"S0831",98.8178446982056,1,151.97697922983,69.8820419207818,69.9385288386802
"S0832",71.1714718397707,1,101.289859191356,62.4384076258704,60.8130936245096
"S0833",62.1791398525238,0,85.9194125942051,59.5891733297029,55.9067748495482
"S0834",78.9341709390283,0,98.6174757639916,61.9159510402182,62.206554045493
"S0835",74.7668305598199,0,97.5402637725229,60.9280780798903,54.3012733761508
"S0836",88.4649481158704,1,118.361304357359,67.3898240303733,64.8411112969784
"S0837",67.1581526752561,0,91.8016738574783,67.5555825492944,49.3582495326055
"S0838",81.2013371754438,1,107.757208689136,69.0902233556807,58.365672751899
"S0839",81.7823987733573,0,91.7146469726485,69.2181609587167,65.5032124654753
"S0840",76.6888913698494,1,120.390166278482,53.1309171193331,54.0388042176532
"S0841",71.0389744769782,0,94.0553607163801,50.2042253878458,63.6993025144589
"S0842",78.1457774620503,0,104.449271909728,73.2024743673648,56.1024988809817
"S0843",64.4330296386033,0,95.4802153002377,59.3191320215557,51.8505916244414
"S0844",96.172319278121,1,143.472586835251,74.2995234367513,64.0175423435178
"S0845",70.4288835264742,0,102.089937436266,58.2835658629619,47.0043852956251
"S0846",87.6584927737713,1,118.799599689097,67.0733407288726,60.8631478898121
"S0847",76.2018605042249,1,91.0188540514052,63.4322939461629,53.51193773221
"S0848",73.0614880099893,0,94.1505660667609,55.842163598904,52.0743201383088
"S0849",67.8990076575428,0,81.4509868198004,59.719657414723,38.7430788880006
"S0850",69.0801893081516,1,102.834485627526,63.8712354941019,55.644450951961
"S0851",75.0672820862383,0,93.6343867853554,66.4783044054378,52.8181822283712
"S0852",94.4742949400097,1,138.928419893655,75.0468902666087,69.5894791436367
"S0853",72.7520256862044,1,98.497594183972,55.3633553176993,60.1135845069231
"S0854",68.3934659138322,0,97.6884333270046,59.0846867154797,58.0299975976314
"S0855",73.627411313355,0,83.4147584468122,70.6472873328757,51.6491664396562
"S0856",92.773158820346,1,126.005162053754,72.3189626076787,58.416960659961
"S0857",93.9049579296261,1,130.956544668944,69.3393530135434,62.9437373868184
"S0858",66.5872481279075,0,81.2439821728188,58.2513803579787,52.9117559563506
"S0859",78.1663480773568,1,107.01398909828,66.6810056474004,63.4903207085177
"S0860",83.1655594520271,1,102.786277474441,67.1986564288902,58.0393509844905
"S0861",88.447562744841,1,134.071723532759,71.0960332172017,61.6331989562732
"S0862",88.4657818730921,1,111.588623041651,71.0834431547832,58.9041321554166
"S0863",88.7867025844753,1,130.231040733682,71.3533811350153,65.0263461037893
"S0864",86.4584624487907,1,125.563218859603,62.6905671926384,61.2214808905406
"S0865",63.7778607755899,0,111.010804283567,53.6315490962846,49.2458297181129
"S0866",78.3569371327758,0,93.5031469795858,64.2713582108932,59.4160923658848
"S0867",71.2948841694742,0,98.356063045742,74.9206494986552,59.4697813095987
"S0868",77.727636191994,0,92.4398768201486,65.2588100345632,57.0871748246308
"S0869",82.621789816767,0,114.955419634294,59.7016614684889,61.2158817846881
"S0870",72.7754885796458,0,102.439949046876,59.137258598917,63.5507903824409
"S0871",96.4747601747513,1,143.914725701686,70.6037130805215,67.8973561935659
"S0872",99.9193390831351,1,150.192514396177,78.140647118716,69.7777892257566
"S0873",83.5414323024452,1,119.448964310494,67.7137207444152,72.2484180433856
"S0874",83.9243582915515,1,120.704229997512,70.004399396615,63.0678123986062
"S0875",91.7869910225272,1,130.515758746656,67.3211952097308,62.3347307340083
"S0876",93.2549300976098,1,124.627702189117,78.5709224691622,69.1248131054098
"S0877",67.3615664709359,0,97.7153705381193,59.8618251656585,53.950809803155
"S0878",89.3138561956584,0,127.203827159067,66.3697618964244,67.5050321324106
"S0879",82.1855543460697,1,105.536440172985,51.1748776533482,59.3866695253119
"S0880",63.8418485317379,0,106.520864223705,60.3682953666222,53.7318380547837
"S0881",90.6706340797246,0,110.608407507261,77.1930859440412,63.0344433801884
"S0882",61.0010999906808,0,90.0444643026097,55.3305976543899,58.3397766958289
"S0883",98.5597089398652,1,155.000693814307,72.9320153085305,69.713854758178
"S0884",93.2656907476485,1,147.244812963062,76.3029615008281,68.8233796393003
"S0885",75.8568533044308,1,101.217035077584,59.4223850477047,47.4462125795271
"S0886",83.2982731610537,1,107.324318682155,60.6433808148459,58.4541879113827
"S0887",95.7934894133359,1,151.997803655547,82.560496052463,71.4581154798585
"S0888",84.9971874151379,1,134.407373672623,65.5867036325464,65.0652206540901
"S0889",72.351643005386,0,102.850386679868,67.3749168427417,54.4832432587878
"S0890",60.7560109905899,0,78.3439943162123,58.04182291126,55.0474504845501
"S0891",75.1719057839364,0,95.5742234084456,47.7559687776101,54.0412962024832
"S0892",79.3424263224006,0,92.7225107715053,66.8778368607449,60.4612486493021
"S0893",97.2090681456029,1,148.918835013173,78.8180175394744,73.4103584143834
"S0894",70.479876305908,0,89.236652385622,64.6546441724554,49.4928587791763
"S0895",72.9512784164399,0,92.9068845068044,65.2360635528027,66.2779644504919
"S0896",60.8963978476822,0,83.8629558339012,50.7342114903456,58.1364109849931
"S0897",78.4554075356573,0,100.625160212013,72.8416621311709,59.8968422014554
"S0898",92.5022564735264,1,128.053505981424,75.3154231088997,66.9758821112958
"S0899",86.4071157760918,0,100.419763093772,65.1481121385073,52.4249813571148
"S0900",93.1275584734976,1,131.741132397222,73.9912395350248,69.5384055914351
"S0901",91.0361180175096,1,127.760257488099,78.1141109564061,68.2902045868394
"S0902",89.9321088567376,1,122.189513927142,70.3873561130273,60.9908541690834
"S0903",74.9852131959051,0,102.958700307385,59.1120471843332,53.187111190144
"S0904",76.1665064375848,0,99.547321979883,59.4552763526593,57.1568654728326
"S0905",62.0407170895487,0,91.9033862765984,52.535114029572,48.4870393231419
"S0906",60.4323810897768,0,86.6966932587049,54.0733548163652,51.4476979578219
"S0907",94.8007711861283,1,129.871715640478,72.2503452196921,73.6802590466102
"S0908",86.8300385307521,1,103.298051336388,65.7399901616732,63.0649997697102
"S0909",76.9128431007266,0,98.7959974943739,62.7231550484817,64.2957366484806
"S0910",88.51443214342,1,121.047496864133,72.9824976638,62.8980299624753
"S0911",79.8443961329758,0,92.4725479892249,64.4592714664013,67.4382131956265
"S0912",81.3506602309644,1,114.101298154556,72.7510161697599,67.6954211050856
"S0913",69.7504492942244,0,75.0428776135028,58.1386682102501,46.8584610162403
"S0914",60.2094877604395,0,87.6446115829315,53.7392014115542,49.1992098931099
"S0915",72.0235002506524,0,93.9026811409154,63.6318499926276,66.2644820291882
"S0916",88.0630256980658,1,121.413294165007,67.4852973618662,57.5468787532865
"S0917",92.206959547475,1,141.220239412031,69.820885355852,69.5554803528682
"S0918",80.2150292042643,0,94.5980941219269,63.7993397148873,60.6400111573243
"S0919",76.8701711390167,0,110.231929024354,64.4160953886793,63.4918160205959
"S0920",62.0199624355882,0,97.5371471027363,48.0903098079253,51.0249730350751
"S0921",65.4690390639007,0,100.661460035554,70.3731189447664,50.4189423189608
"S0922",92.5757884047925,1,124.577297462141,69.0758334087088,64.8917359278445
"S0923",78.4682617057115,0,109.082558579645,61.6883423899234,58.3995737445062
"S0924",98.0235426407307,1,154.650349039293,79.1577586529479,57.7716570227456
"S0925",79.2604969348758,1,110.571935970615,70.1629304903669,61.9305644945208
"S0926",93.4551994595677,1,125.876729843337,75.197237116925,63.2559573420439
"S0927",69.4126158207655,0,107.658527178958,54.5772340290981,53.9466788214985
"S0928",99.3359988834709,1,147.053892700406,78.0269893622396,67.7862314043719
"S0929",76.6298219002783,0,91.7913851481727,64.8826143917568,51.4277998198794
"S0930",69.1634900122881,0,80.5126842666656,53.7697754498788,51.4095177769414
"S0931",82.9907325003296,1,96.5926036855662,62.7014967303896,64.7690616219386
"S0932",78.4037305694073,0,104.689814631406,65.8414124853848,64.672925174287
"S0933",82.0421042386442,1,99.866055059423,70.0607917953431,55.6310634689351
"S0934",80.7778584770858,1,124.446493808011,68.3997769552766,59.5105221719748
"S0935",68.8836694229394,0,96.0920905260479,63.4548537384035,63.0785405307085
"S0936",85.1421635318547,1,125.632500115953,78.0688679329627,58.8943594702541
"S0937",96.6854009963572,1,158.190002402801,77.939218398256,77.181998569756
"S0938",64.9417532421649,0,84.5855484670451,59.8732257160961,53.1648333781426
"S0939",97.2388470545411,1,151.03474800006,78.603988751582,65.5185304944831
"S0940",92.7806347887963,1,131.70367156465,66.7446714562207,66.3667913001658
"S0941",95.7256819587201,1,133.654398526883,73.9341056091792,64.7115399980078
"S0942",96.9890545960516,1,145.290568214102,79.3985879179919,72.9220217162745
"S0943",63.0445208773017,0,91.6876993564949,55.3300428390477,56.4681414558328
"S0944",91.4958120509982,1,134.119307701851,72.7347293003019,66.922806023078
"S0945",90.6180667225271,1,128.436379703541,70.6916663373917,63.6559696393597
"S0946",92.3968856967986,1,144.125281911908,74.9539880957807,70.111468670186
"S0947",98.0413060821593,1,151.556138174006,76.1870648033359,63.689364509117
"S0948",96.3785111531615,1,134.435130947549,65.6072905891797,70.6128353238534
"S0949",95.8643244672567,1,136.754423918395,70.8674683651964,68.4892145602909
"S0950",63.3941941615194,0,95.7008558340263,56.1698466690885,49.5974308901434
"S0951",89.5399533677846,1,127.843661004405,69.768238454451,62.9106618871733
"S0952",64.2752468213439,0,98.9883700946337,56.566175686641,44.7695698389566
"S0953",91.3307533506304,1,127.807134800654,60.3746886229092,63.7145954647615
"S0954",88.2380368001759,1,114.004452630515,69.6822800225035,65.4434027577288
"S0955",93.7008938938379,1,148.653346020854,67.4433567315233,68.2328971813474
"S0956",66.5161642339081,0,87.6889152035898,50.6867131572863,58.7021437498465
"S0957",84.3447483144701,1,126.564546240125,73.562019184587,67.8088951153556
"S0958",66.6463155951351,0,79.6864810912487,59.7235817129267,59.2576449596747
"S0959",93.3091257791966,1,133.819023318516,68.9234439133649,61.1908440552421
"S0960",69.8990048561245,0,97.979122366908,61.8256008565319,58.2695467751246
"S0961",83.7097890581936,1,122.485380397038,57.8760860331279,65.8131953589295
"S0962",76.8670101091266,0,108.842804884722,57.5352156305525,55.364507312715
"S0963",79.9857946112752,0,89.7761003931997,63.3540960863111,57.4389116879385
"S0964",76.6907862108201,0,106.309395609357,67.2188653983292,57.280343715541
"S0965",93.0450649838895,1,142.89485315604,70.0560221680499,73.6022156721095
"S0966",81.867657341063,1,116.287214508336,62.3865497635818,62.6276469884167
"S0967",66.5545286051929,0,85.6693862211186,65.3851090658227,54.7149054721536
"S0968",68.110709246248,0,85.3273551357103,62.2478684813204,63.3669404842641
"S0969",65.5631086789072,0,90.8488556259894,58.9687676194375,55.405826447403
"S0970",84.5119928382337,1,98.6907580101187,72.5161446150965,62.1301214419243
"S0971",81.1960492562503,1,106.803400919973,67.3456092889331,61.6263834581703
"S0972",98.9882880728692,1,152.70112425567,73.8117070934279,73.0290010519048
"S0973",78.9258293993771,0,112.69637099609,63.3727394437314,59.8508467877109
"S0974",71.4342605601996,0,79.8859706668439,60.2034549129786,59.7529189025052
"S0975",92.3191531654447,0,126.630256680091,69.510439206829,63.4197671441922
"S0976",85.4709910973907,1,117.259876943818,62.6824614255459,67.1132401283074
"S0977",98.4578356426209,1,157.754525156655,68.9084025227227,62.5118359985502
"S0978",62.2072944138199,0,89.775411507273,55.0109249544189,50.5618827900318
"S0979",91.6646162606776,1,133.745427912194,77.5899032470344,55.5268594907875
"S0980",67.3167662788182,1,99.1226317731528,61.7737613567328,51.1834042263323
"S0981",93.8224610406905,1,134.039203216031,81.6954779790471,72.3354856073659
"S0982",77.0069358963519,1,120.463468859415,63.2231628026247,56.3870694364485
"S0983",81.531796939671,1,99.2887979840289,71.9224079266548,56.9995650507075
"S0984",88.3172375243157,1,104.400473268143,71.1991953046469,62.4825657850437
"S0985",93.871967419982,1,128.904899406474,75.9954605511787,70.6520252795379
"S0986",79.3208186235279,0,103.987085735877,60.2895885940298,60.8089488062281
"S0987",61.9764346629381,0,90.5280761194628,54.4383187120274,48.7509332885146
"S0988",86.0183161310852,1,116.774208528817,58.5647421640156,67.2112464192029
"S0989",73.1084454245865,0,80.7507503185806,58.2113021121955,56.0697466896214
"S0990",62.7348705753684,0,92.7562169808751,59.3930911728606,56.7941833763648
"S0991",64.5821627043188,0,76.6668200480769,51.7062998813166,56.1737950234477
"S0992",61.7849547602236,0,93.717879766137,52.5469978193621,48.301874682772
"S0993",63.6047029308975,0,79.7136795080618,53.5647689909037,55.4834064828111
"S0994",89.2238123901188,0,116.584054791982,67.4419698913741,66.6526629689484
"S0995",74.9287447240204,1,107.097104726207,55.9366930632286,52.4861481073776
"S0996",60.3372546564788,0,98.8385788638417,53.4548377774155,46.2624076470124
"S0997",85.1525644864887,1,126.826246231578,70.5578745688215,59.5100570157046
"S0998",75.0767647847533,0,104.791200902968,66.90444037116,59.8750416697452
"S0999",85.1535700634122,1,127.282338196538,67.5532430624614,66.8702207483559
"S1000",87.675126362592,1,123.376464168075,73.9040042262018,56.6926842658253
"S1001",78.4729281626642,0,108.344257289419,58.5947130622433,57.6380666767444
"S1002",87.1981535665691,0,105.720858093336,79.604567309644,69.1061855352692
"S1003",65.6208660174161,0,88.7379950098344,46.4298011600481,46.9684222031715
"S1004",92.0030114799738,1,132.109902489962,68.9236317285918,68.1847282015061
"S1005",70.1428443565965,0,102.980302115788,53.1168939962638,55.1238334097436
"S1006",63.5609005764127,0,87.4673716427639,63.6863336218002,48.4758525185131
"S1007",96.0863805003464,1,154.015159666834,77.6635601957294,74.2479494287116
"S1008",96.5892223827541,1,146.037361659492,68.2771083634052,57.4460773053897
"S1009",78.9450251683593,0,103.651974292442,63.9176624909494,58.7981341569928
"S1010",85.8034302014858,1,116.36091586022,73.2075369167583,56.4765329151587
"S1011",65.0018708780408,0,91.3633311406655,55.80582482082,47.4469703367566
"S1012",91.2496982421726,1,124.235482131288,71.8627778217693,60.0680576051112
"S1013",65.1156081538647,0,95.3955587510768,63.7294821277806,51.7898753103835
"S1014",71.6714962478727,0,89.9816957966547,60.0846356294903,55.3359362689365
"S1015",91.2729824241251,1,132.340398803186,75.8383669693211,71.4244192350658
"S1016",66.7110327165574,0,87.4943724174413,62.461437623777,42.3988560684231
"S1017",92.0741101074964,1,123.899525540172,73.3526669673422,68.4573658897044
"S1018",61.9715387187898,1,109.000764446524,59.213994602773,43.3254438388057
"S1019",74.726053243503,0,89.4170725305001,61.5546639989445,53.1610219283306
"S1020",95.0173227395862,1,137.210399601269,71.7792308925183,68.1427670032619
"S1021",70.1054400485009,0,98.8811030664085,58.455461604182,46.5605471864793
"S1022",97.2022265288979,1,142.86970350609,78.0856362923443,71.9012342992172
"S1023",86.1115368828177,0,110.678026717921,67.3572767478191,67.182428729635
"S1024",69.867294812575,0,99.0792754108311,58.0803465572977,50.9014263642307
"S1025",62.3407388199121,0,92.627766387429,49.6266263804718,43.8780769450874
"S1026",75.4908766970038,1,105.621352665785,65.4204911570146,57.2656740418161
"S1027",64.0948451310396,0,99.4745309370948,54.9152901848943,51.2560469487341
"S1028",61.2169280648232,0,97.2457084878953,55.6028149997617,39.1572918724695
"S1029",91.7362390086055,1,143.984543647945,80.1457553003972,63.6781127390835
"S1030",97.3271800577641,1,135.423660291161,66.4329623428076,70.4190678522106
"S1031",84.2408808972687,1,112.187657155637,69.0721410809179,58.7134819509781
"S1032",69.7719334252179,0,82.4322017399145,66.9242761881214,59.4454076215941
"S1033",84.2052497342229,1,117.939026662405,64.0276558871668,69.8901002325562
"S1034",99.9684789776802,1,145.167414196368,84.1695125435409,75.8672809695404
"S1035",81.0370223317295,1,118.801447837395,72.2096845785883,69.3593712802867
"S1036",75.0275744684041,0,99.5029776922446,68.190378678609,52.0037750716421
"S1037",89.312928058207,0,109.884234817064,63.5420966409835,64.7455878412218
"S1038",94.5406337920576,1,134.120240113069,76.9030213212056,63.6261243842884
"S1039",83.7944483570755,1,121.125190062838,73.3676522009549,64.6137281681665
"S1040",95.9156110975891,1,138.36173480763,73.8195539578559,60.9168990625434
"S1041",73.9278121292591,0,101.192540235439,60.3128379341559,48.2605695438578
"S1042",81.81540411897,1,111.631469818461,69.6241068167266,67.1521819930609
"S1043",69.6163176372647,0,86.904938333537,59.2277680991717,54.7140779816346
"S1044",73.9595006592572,0,90.6644723112806,69.4111488839606,55.5083550111526
"S1045",99.3336909543723,1,157.091272273366,75.4204886842085,75.191230631933
"S1046",89.9391460232437,1,140.722713434359,83.9101116819114,54.6695223898659
"S1047",91.7831272352487,1,131.082674060332,75.3302214210932,68.0492537823473
"S1048",72.0030784606934,0,101.283085586669,56.0140121768765,56.2002452856276
"S1049",96.550977434963,1,134.249141185445,77.2220256569112,70.2675586375893
"S1050",76.1112858075649,1,117.504822289746,68.948138522618,59.3606676592559
"S1051",86.2922482285649,1,99.9164042643879,71.8254228509964,65.3786445373669
"S1052",76.5134119335562,0,98.5726519944718,62.1716079568376,52.818224845402
"S1053",97.4809128046036,1,151.350299437587,74.5788774142864,73.5509790063106
"S1054",67.9332394339144,1,91.1176732820833,56.4313557705465,46.4476505231797
"S1055",82.2894784808159,1,113.200746883092,56.676575666439,57.5931001386076
"S1056",89.4585230574012,1,133.242903358115,76.5532324976877,58.9219885109915
"S1057",70.5172475241125,0,83.0859891324123,61.7072820988594,47.4245528331941
"S1058",66.2397907301784,0,87.52204556217,60.4141985737843,57.0544995088023
"S1059",92.0244079176337,1,136.03055546316,72.2668268226879,61.6423435041296
"S1060",90.8932573720813,1,120.397178953475,71.1622572567091,67.3159875070198
"S1061",74.9573702272028,0,99.842654316341,56.9677400087078,50.997387292328
"S1062",67.1348111983389,0,86.2999215554699,52.6171604144197,55.9962902413476
"S1063",67.0998238120228,0,89.1465048552739,59.5505980557394,57.4281285988966
"S1064",92.9151618480682,1,139.530562306542,71.9809644041522,63.52366188698
"S1065",89.435078734532,1,121.041283117084,69.2887716884794,71.1441345216987
"S1066",90.072499262169,0,103.114575224427,71.5417894311384,81.5511926448758
"S1067",73.5998763889074,0,94.8459719712266,55.7514314561962,54.5586518242139
"S1068",77.8419186454266,0,103.535839345362,69.3212298653941,56.7379916390375
"S1069",91.8915144819766,1,138.834201853433,65.2000488879554,68.9561833728033
"S1070",69.9467573035508,0,88.491135595778,60.4165155137038,54.0599911575947
"S1071",65.3482180181891,0,89.5896696268993,57.8326466574297,59.401835130204
"S1072",75.793223567307,0,106.980533110772,69.5464388832093,59.909371532575
"S1073",92.5100485887378,1,121.315514900815,78.0208154112819,71.3304387073757
"S1074",66.8614936619997,0,92.453613590412,63.9569948979129,54.8703790453517
"S1075",71.8859014380723,0,90.2964064035465,65.1663888647647,58.9354167500079
"S1076",70.3753976337612,0,99.7078375791385,62.6948843577654,52.956937493685
"S1077",97.8073133341968,1,144.989899819189,81.7793546871982,70.8281337789231
"S1078",68.5815072897822,0,76.7879559278188,59.6497889012703,51.8409858068362
"S1079",73.5101141221821,0,93.3963408490113,61.1211058336657,48.7063226314127
"S1080",70.7661142479628,1,103.833710132395,68.6227855677198,57.4922241718342
"S1081",61.5050348173827,0,83.4012876110778,58.3395456939672,43.9049614302031
"S1082",63.1693814694881,0,101.608216515825,61.9749084054019,49.5440065688096
"S1083",84.232304468751,1,106.08851764226,68.0750950588758,60.108496394767
"S1084",60.7221620995551,0,86.2004140457446,61.6564502572734,49.8244548474262
"S1085",79.3528367951512,0,94.0128024347293,73.0744674195257,57.3224203849656
"S1086",90.4808120895177,1,121.45308776747,70.3431051577669,61.5780443584905
"S1087",85.4068815428764,0,96.7067257249096,66.0967799726478,61.0483724171177
"S1088",95.8629847783595,1,138.656919407758,78.6699080120845,62.580093453926
"S1089",71.793289585039,0,100.686424914957,49.7436963374151,55.3359947027494
"S1090",99.155180323869,1,152.380077691402,72.6230425486809,77.872771111068
"S1091",69.5420425664634,0,83.6098593734878,72.3003727749699,60.7396225069579
"S1092",94.7871531825513,0,117.34126733902,72.3309631856034,58.3963686128743
"S1093",68.306332025677,0,91.4831767371159,54.2804123420692,54.5335302536324
"S1094",66.5419366210699,0,83.0572206027276,54.1187100910506,56.4933763116263
"S1095",81.5880411025137,1,102.163247294854,71.1062377509166,66.0234285895668
"S1096",95.2601975109428,1,130.110831608616,73.6211635696724,63.4935573441347
"S1097",86.2849951535463,1,134.874650681182,62.5927216833596,53.8326078982631
"S1098",84.7382523026317,1,123.269364510971,59.1190093172869,60.508043928209
"S1099",62.7851097658277,0,95.4415715123264,59.9716630713265,48.2030773407404
"S1100",61.6512667853385,0,88.1798440398174,52.1434028022374,50.4818071347631
"S1101",90.0016117282212,1,129.529175230084,67.2628963768208,67.5586315168567
"S1102",69.3520271219313,0,97.391492931788,58.5220242950336,51.1540332826163
"S1103",74.3597308080643,0,91.3841154621102,51.50964854374,52.3055177662047
"S1104",90.7712667994201,1,118.073822418677,72.394920974788,73.1497306543964
"S1105",85.4358368460089,1,121.960794241278,67.9382502131049,55.525180701737
"S1106",75.8120989240706,0,90.0871205860373,71.1303208368527,48.6968979116028
"S1107",84.3450778815895,1,111.683177595612,69.078817046665,61.3245182109089
"S1108",71.9763897359371,0,90.2360887638202,63.3692247728196,49.0012137604488
"S1109",68.5884717199951,1,86.7065041648158,61.8276709825279,58.671809405443
"S1110",84.509651651606,1,107.160781021093,66.2230932846613,59.5352095080482
"S1111",77.4285690765828,0,82.973903778623,65.6607933612501,58.241971454912
"S1112",94.0766481868923,1,135.566855191968,66.3055698889158,67.6806709571792
"S1113",77.7969449851662,0,101.122416296092,74.7157927811606,56.4784438182621
"S1114",63.7353010382503,0,91.9082813655859,56.9022150153927,43.0703247564247
"S1115",81.3096974790096,1,112.178106261215,61.1324611284681,54.5598902044866
"S1116",60.540767442435,0,97.9291191704271,58.2707931867651,51.3707692143084
"S1117",81.7082791402936,1,124.17155932905,66.0277856893415,61.4045438165574
"S1118",88.8836479093879,1,130.933184621449,76.1437065711332,64.4918831673522
"S1119",91.8778251670301,1,116.582984388069,70.2244426330298,65.1262816424236
"S1120",89.6128081623465,1,111.339189832589,75.0644937971573,65.4018570384186
"S1121",70.1205632369965,0,83.9092041381951,67.6325541010773,50.0351144877527
"S1122",79.119141837582,0,100.15640264644,66.1222690533103,57.3504783764248
"S1123",63.6331415176392,0,85.0811244456226,59.3756018900415,57.5598228670238
"S1124",95.9710375592113,1,136.939270328534,71.0851182988212,64.5666558725743
"S1125",94.0771294571459,1,131.39268041595,67.7084363908981,65.5909313084097
"S1126",68.6554383486509,0,86.6992524026585,55.0396276964041,50.5552084511976
"S1127",75.6203680858016,0,104.820400317769,66.9234416221277,45.6666557914778
"S1128",74.2181311920285,0,79.9079225657898,68.5522639935259,49.9592783407734
"S1129",62.4758880119771,0,107.47401256641,52.4794951521369,49.5357440892211
"S1130",67.0817148219794,0,88.4081623313803,58.0549112599521,60.0684679275002
"S1131",67.8718302492052,0,98.8830398269691,53.889529814489,52.8404176170105
"S1132",90.6000698637217,1,119.162610556473,69.2162883226068,65.2975726767593
"S1133",98.8476003520191,1,152.564320617556,77.3413813430268,64.4853697219423
"S1134",72.5813999865204,0,103.204914754665,64.7915194270457,60.3273400644861
"S1135",71.1193208768964,0,95.6778997491998,67.8524269303158,57.9728305095351
"S1136",61.9499571435153,0,81.6613973034609,62.9514460728636,53.4938713455501
"S1137",84.1273336298764,1,117.066206169445,66.9832346186097,60.4270286644499
"S1138",76.7169934138656,1,116.57961148007,63.93274827846,58.1977403158959
"S1139",75.3110447805375,0,105.287392315082,56.0857459847463,55.9924776593438
"S1140",61.434497050941,0,87.4830410012316,55.2170369261459,53.5498346236633
"S1141",81.146699115634,0,111.592645285039,74.2090105791305,57.8748690343967
"S1142",81.5412186551839,0,128.204189159589,66.1909098124954,69.5817765418124
"S1143",96.1163125466555,1,149.452143459165,73.9084342911094,72.8226765119809
"S1144",69.2814793530852,0,87.7718489295932,70.0527516771859,52.052824301939
"S1145",60.1566360797733,0,85.5059656095485,54.2298224292735,48.8432274595522
"S1146",88.2562747690827,1,116.46004331131,69.3899389036996,64.1801579177886
"S1147",79.9581329990178,0,96.5034004143362,70.8893970967797,61.9633996472182
"S1148",70.5340477824211,0,90.409151566306,65.6034564587651,55.6437749276589
"S1149",69.9950903560966,0,92.0270855139678,46.1952438490729,67.326157121004
"S1150",86.6297781839967,1,106.093522821761,67.6810534539715,65.7228732187833
"S1151",77.6651699095964,0,102.784930828153,65.1945466121506,58.7433479498517
"S1152",97.8453128412366,1,145.347522299363,76.000987774063,61.725149285772
"S1153",88.7524482980371,1,119.880934942849,70.5499556119384,65.4780558087024
"S1154",71.6698515322059,0,91.4989993307711,68.8927041319414,43.3299564273845
"S1155",96.2563071027398,1,145.860974994074,72.0011636962789,69.2730308858135
"S1156",80.7506679929793,1,112.21825083967,60.0646429988406,60.2760516099113
"S1157",72.2590982075781,1,97.5849141741469,59.0804187511754,56.2373811743884
"S1158",61.7821563128382,0,82.5483847132944,59.5210672440698,40.522601492747
"S1159",62.5657755415887,0,93.6117271767645,57.2129744628041,46.7776043057118
"S1160",64.4895214401186,0,89.2715994363727,58.0052277948817,48.0946397749175
"S1161",71.5160175412893,0,92.4688248647103,67.7491654841074,54.8105652213687
"S1162",67.4391490314156,0,86.2012372768675,68.4458734437766,56.3085792854007
"S1163",81.8277267925441,1,108.23247273054,63.4422082224469,59.6205854452189
"S1164",97.5664319191128,1,158.283819969693,73.4195214206469,72.9149937932957
"S1165",97.3710014671087,1,144.015027788985,68.7662475007116,65.9801282795158
"S1166",88.8108472339809,1,113.087884343474,64.2060678816712,61.9038723230289
"S1167",85.4924200940877,0,118.112981017055,68.414488830216,61.5320858672487
"S1168",68.7810841575265,0,92.0261523558304,50.9367220222987,52.7002268820915
"S1169",66.084341770038,0,83.5179811483557,51.9813563405311,60.686921349898
"S1170",86.8743084184825,1,117.021997288867,61.2295183738355,69.469569059789
"S1171",88.9977370202541,1,123.111423680955,59.6676952049621,64.4609625309937
"S1172",83.2632682379335,1,110.398913713354,74.9013149523778,61.1760795041656
"S1173",64.616194665432,0,84.4758332761859,62.8076310218391,55.4707611038915
"S1174",85.8211495075375,1,124.221433504677,65.2235069940784,65.0645853455074
"S1175",92.7526558283716,1,122.482146816967,66.977896003658,70.0131904963494
"S1176",77.9288041312248,1,85.9515230221659,62.853663547717,52.3525490328903
"S1177",69.1103732120246,0,108.822245885525,57.151415297499,58.0918968975598
"S1178",92.8423339407891,1,128.744249183902,79.8876362419079,68.2570663639772
"S1179",76.4206480327994,0,111.011800048968,59.8522445940024,62.5244500824201
"S1180",78.5682073794305,1,117.628918239725,64.8825347152667,60.0063176435054
"S1181",60.4318811930716,0,84.2501776705047,53.9487963947477,48.0902900013572
"S1182",98.1417571939528,1,133.563313759602,70.3029585815336,69.2257738075041
"S1183",93.7022475898266,0,119.986373632595,69.0063211472525,60.42832080197
"S1184",78.2815050706267,1,105.660791456992,54.3639723267189,59.5793782175842
"S1185",81.2436875142157,1,118.120256036224,68.8776695414621,62.2532569936171
"S1186",60.9288173541427,0,81.0556709085379,48.1321560065212,52.4189755123105
"S1187",93.4694691374898,1,153.946679256473,67.0665821217592,67.1859146885326
"S1188",84.6882606856525,1,123.928923886364,71.6799181750122,62.5969023997094
"S1189",86.5036789979786,1,122.763346919505,60.5468352377095,52.2782455528336
"S1190",73.7029969319701,0,111.899204107495,61.5987168790575,58.5464049188167
"S1191",79.6406447514892,1,102.977466884432,62.0365320728613,63.0515812563905
"S1192",97.9804313741624,1,143.397767561464,74.1969602190918,66.3919804272748
"S1193",98.56584652327,1,159.648446942688,84.3835132347184,60.6091451508967
"S1194",85.6539076380432,1,114.609943869721,70.378882595108,60.4756940126181
"S1195",94.967340156436,1,131.955984466815,72.2163563968723,72.5231102347849
"S1196",76.4264318346977,0,93.7891361093756,63.4356790856191,55.3322021774455
"S1197",78.1364445947111,0,102.284281352697,70.2574822811289,64.0634683435908
"S1198",99.093310572207,0,148.179836452047,82.8544091753979,71.853128227946
"S1199",77.2827350348234,0,99.4471856290491,71.9069106109169,53.567830852997
"S1200",67.6414040476084,0,101.945730522887,50.2922912820913,57.4832069384544
"S1201",62.7809482067823,0,87.8943352741771,52.5608716897031,48.5277617091225
"S1202",62.301082983613,0,92.2561571633311,67.2953535600619,51.4793330133697
"S1203",74.4760198704898,0,98.9193673144815,60.5861222756004,62.3320846097195
"S1204",99.7365698777139,1,152.549967914306,77.1195980684181,73.1689345907304
"S1205",68.4013294987381,0,89.061954976335,60.2470654525525,57.2130571079903
"S1206",93.4926463011652,1,133.658538776092,74.9918730469364,69.8958047168266
"S1207",97.7553292084485,0,135.840445122698,78.3315719377587,75.1689081060358
"S1208",94.5736505556852,1,144.935850979918,76.4269775918138,61.3332621022758
"S1209",77.9951495211571,0,102.425537957737,66.3882196366048,65.4160519982247
"S1210",85.9891795832664,1,110.564168162993,64.6629012456213,73.8882245929809
"S1211",62.1429739799351,0,107.906041770928,47.2878099193359,42.1523371784185
"S1212",79.4932381529361,0,90.4211441798172,66.9825911127317,53.9348109140287
"S1213",97.6651584729552,1,152.208587186416,72.2862955646461,64.4994717871283
"S1214",72.1539949905127,0,97.9062573049247,64.3151465441576,58.7396375616081
"S1215",64.8723351582885,0,75.2217014909111,51.6942419858723,49.1724406495334
"S1216",65.1645310781896,1,88.2603309149972,61.4578316860057,62.2793992393518
"S1217",93.0618070531636,1,125.586459864556,60.5925741734683,68.051009110972
"S1218",92.9864301532507,1,136.049308688741,76.6221172638404,68.9285915368477
"S1219",66.7124960478395,0,93.3963965769559,49.8996819758446,49.7546962130668
"S1220",65.9644796419889,0,102.914061597898,51.8570362345663,56.1951785364376
"S1221",79.1443045344204,0,99.9856986848692,63.5452465212072,62.7979289912898
"S1222",60.7289309427142,0,81.8784821702985,44.4669197834852,57.5444656030995
"S1223",89.0133768506348,1,116.055616381173,78.2615942565092,67.0079909497791
"S1224",61.6496778931469,0,96.496122295164,57.1870057767663,49.1832115819299
"S1225",76.4086617808789,1,112.870710771408,70.1935666142597,63.9922273581196
"S1226",67.4034230411053,0,92.4887671514478,56.9524525541297,56.3388792359507
"S1227",92.0403022598475,1,120.859210259803,80.9256794388628,56.6708176953471
"S1228",95.8706824760884,1,137.255086666032,70.1536082242726,72.0908355376939
"S1229",98.8089809846133,1,133.960399567159,72.9565895674331,71.6762860964092
"S1230",77.5919687747955,0,96.2830238932356,64.3265922800136,67.1761503692636
"S1231",82.5070197321475,1,107.133903564406,66.5145686623376,53.563981286523
"S1232",99.7135330177844,1,163.6562750564,73.7794221467206,67.659398653657
"S1233",69.9860457517207,0,95.1048489924164,59.2403112861129,52.0591015269191
"S1234",64.1853259131312,0,100.426478301946,62.9215934826015,53.9917786646676
"S1235",98.535037226975,1,165.541993864166,73.0732452201363,70.042344262203
"S1236",94.560237666592,1,146.514702395124,63.0748411735762,71.1108302371951
"S1237",69.4904605392367,0,85.2191729411362,59.6014184570577,58.3674522035316
"S1238",97.3708128277212,1,144.849107057625,75.0703800104571,64.6536619441899
"S1239",84.1919449530542,1,119.832240241819,62.7169963599308,62.8103688833049
"S1240",94.7687349095941,0,121.968629215945,77.1377491869879,75.7929278680956
"S1241",86.8842738494277,1,120.168510329372,69.9284146141746,62.2742063771223
"S1242",94.3058669939637,1,136.65927117676,74.0322716316952,63.9596319493604
"S1243",73.7338970974088,0,86.6343626261335,60.6909444037211,58.3874701796017
"S1244",69.0894944872707,0,105.583694815122,59.6962513822752,54.9659009246272
"S1245",98.305046511814,1,147.510714871262,71.6851338502303,75.4493629558837
"S1246",96.6090633533895,1,142.957738042102,75.673798097357,71.1854891125933
"S1247",75.9285270608962,1,103.537899378264,56.6369495991369,51.0465783922581
"S1248",64.5492403209209,0,104.020093677193,56.7618891033845,49.8423143443285
"S1249",99.6016656048596,1,155.394094114497,66.9375143337574,71.6189816063294
"S1250",97.4160317145288,1,144.750579887611,73.6672191719995,67.1474700471892
"S1251",83.9554656296968,1,111.752002235661,64.6832847827067,64.9831104070761
"S1252",86.2258824892342,1,127.184328900848,67.811682383702,52.1092585710133
"S1253",72.2614475432783,1,103.376000976035,49.6058909929887,54.7864687271049
"S1254",62.5481402780861,0,74.2577426412738,61.3663140446994,57.535384888758
"S1255",90.189451938495,1,111.050391708151,67.4697303864344,64.3277350185527
"S1256",68.9376623276621,0,81.2495589059629,57.6397110366064,58.9658614283722
"S1257",61.7395826335996,0,83.6649616813153,57.0785304820136,49.8802768268194
"S1258",99.6006424352527,1,149.315969978251,71.7102842691428,61.0847399851338
"S1259",62.3970172461122,1,88.5355685734731,59.0512565615218,50.2581491880859
"S1260",92.0715371705592,1,126.285976566673,70.3914855170384,68.9350853770501
"S1261",82.09378474392,1,108.440051960232,63.9411035358753,58.8253456011611
"S1262",76.1555048823357,0,101.258372423334,70.0361469485323,64.6792141385358
"S1263",96.3326870091259,1,152.355010529718,71.5246520629961,72.7240429187634
"S1264",64.1781861241907,0,101.841197655197,52.7534836588023,48.4682779111528
"S1265",68.2273888960481,0,101.841471255475,64.17273288933,56.3923552994442
"S1266",71.9996629003435,0,92.9478737583035,69.8107105272295,59.5515214588787
"S1267",98.6339683365077,1,147.821857937757,74.8240613381677,69.0573815174604
"S1268",85.7787723466754,1,119.127818169662,70.3244147892884,59.0937147809667
"S1269",99.9967161566019,1,151.744202941496,67.2302396186316,76.5843190595668
"S1270",70.1630549505353,0,87.3311607170757,60.071038407458,52.4372067670582
"S1271",86.7273945361376,1,120.742039460973,70.4994909123571,60.2614907279418
"S1272",81.6660092771053,1,122.461457290587,62.1566504779217,62.6659408557003
"S1273",89.1556272376329,1,119.574439281983,64.5546744141962,64.6251076858227
"S1274",74.6663821395487,1,96.0038408781317,60.757076698457,62.0134484971635
"S1275",97.3066059406847,1,153.594398105264,69.5524460549585,59.0383364250752
"S1276",80.5019040498883,1,108.705725350089,70.1740739586369,58.767654042645
"S1277",73.4837489947677,0,94.4471639612049,62.1852508877026,51.0416139213768
"S1278",68.8282208889723,0,102.233835618394,61.3329295121166,53.810308035566
"S1279",84.6207199897617,1,111.276483120488,68.6620880770248,60.66932877442
"S1280",83.4433755744249,1,113.052017274026,69.8812645350833,62.9178197911625
"S1281",65.6307142414153,0,96.4662418759661,58.7790047711899,46.081643355458
"S1282",87.4926594179124,1,111.716871424296,77.2831345194685,69.5122933905861
"S1283",86.9416965544224,1,119.859922469158,71.4669066137304,63.7200130084425
"S1284",62.0085259526968,0,99.3650181143138,54.3000962248632,55.173586010374
"S1285",97.4104513134807,1,145.508926269008,63.5295580118925,59.4053940018347
"S1286",84.9532424844801,1,128.81844818195,73.0235264357727,59.1050535808301
"S1287",86.7447651643306,1,119.532178389487,66.8259748993129,62.8174688223762
"S1288",72.1922301035374,0,90.100787628069,53.2809618502984,56.8815356746226
"S1289",96.4197378139943,0,132.494371875605,74.6427928389397,66.0298294055793
"S1290",60.0649623107165,0,92.0047041740105,55.8647898084287,47.8259567150195
"S1291",77.8674989007413,0,101.251219645729,62.887334209712,59.8351095264945
"S1292",66.6385787911713,0,99.6520565643407,55.0438541760285,44.2104061546784
"S1293",73.4432985261083,0,92.6103720424713,59.4232597899151,56.1597553689307
"S1294",80.3935301303864,1,108.094338395555,65.3678705805649,61.3254314010138
"S1295",83.1266862433404,1,135.618590445072,64.1249413532391,59.8973221461443
"S1296",72.9377613589168,0,93.3103945128449,67.685660865045,50.6228008340205
"S1297",80.866878721863,1,105.220366716281,73.3041990432952,51.5658102303441
"S1298",67.6235717348754,0,78.0545776552164,56.0241457821858,60.238507361854
"S1299",88.4627688396722,1,135.016841378112,76.1641523536301,75.8425720240126
"S1300",85.3885750100017,1,107.273967251195,73.7860363893116,65.2507923380898
"S1301",78.6197754833847,0,95.036495470095,64.7925080674955,64.1500648722187
"S1302",94.0196222066879,1,149.412988189766,76.5379068880673,65.7438702003955
"S1303",86.3740293495357,1,125.927621806247,68.4359887447091,63.9029439050039
"S1304",79.888993948698,1,115.65324630233,69.7894057064709,56.4149693109224
"S1305",70.7393872458488,1,109.296254751268,57.3533179070831,51.0801786481181
"S1306",88.6874835379422,1,132.925652461682,72.3702658709023,64.9849413771196
"S1307",68.0124281998724,0,84.8802917264635,62.3714546401862,53.2536857589034
"S1308",68.5699037928134,0,99.127910132133,61.2456073637668,61.8531214850293
"S1309",60.0321158859879,0,94.9711791392748,49.5041381435528,45.0788015979141
"S1310",92.5856630690396,1,116.932697764941,71.482283683472,58.250088732064
"S1311",94.4529951550066,1,147.176787622491,74.070434581243,64.9512701433567
"S1312",80.2887531928718,0,109.456222086148,72.1715194243133,68.6126559076874
"S1313",65.2596750017256,0,93.6036708716524,54.3747345515836,54.4360150248026
"S1314",85.8890775032341,1,112.328295074205,68.0431382592831,66.1204862616717
"S1315",99.199932096526,0,144.236392496357,79.1632103911664,70.5500547550715
"S1316",69.3658880703151,0,103.588831726782,68.8666092820415,62.093391152358
"S1317",74.9021405074745,1,97.0342306550384,57.8626483035301,63.3677777622089
"S1318",61.4004297368228,0,99.0299214807225,57.5372421679894,42.2076804534496
"S1319",79.6221620589495,0,99.9646189648236,73.9921669083347,60.7465433135326
"S1320",69.5183381158859,0,101.786096684081,55.0730925306167,63.4257962403623
"S1321",89.3458695616573,1,133.572374089289,70.1111985201004,69.4911241515634
"S1322",74.730066312477,1,111.925217982644,63.2257681877028,53.1705989520922
"S1323",71.8821064662188,0,98.9057832159586,53.0246500701483,50.0045255690038
"S1324",67.6924231927842,0,91.3356955606624,58.146492743893,60.4408973065617
"S1325",65.9161858912557,0,93.0268263365731,62.4957676858693,55.462065985601
"S1326",69.300798997283,0,102.028984849514,61.7334488832092,51.0793890717347
"S1327",66.3547628186643,0,82.736583444267,47.3823884495633,45.233624607881
"S1328",80.2793681994081,0,98.096035741615,65.8557210007484,49.3777213548151
"S1329",79.3768526613712,1,105.370877064228,63.212665241268,56.8418272331064
"S1330",66.3394456170499,0,93.6691106583082,58.0320491196233,58.7335567603445
"S1331",64.8793659545481,0,89.231446869687,47.7592328362312,55.0641118874913
"S1332",68.2326702866703,0,96.2661861527351,63.0710836232374,60.2742439804179
"S1333",80.8562466781586,1,101.760514383534,64.5971116909322,71.3933388364844
"S1334",84.4200114905834,1,104.497783023571,66.1169514760434,65.0059255021735
"S1335",66.7280907556415,0,99.6679370130072,50.6663602876612,48.6001469191318
"S1336",86.5487193781883,1,112.112798084505,70.0649424591714,64.0676813316688
"S1337",71.7077142093331,0,80.4734191018574,57.8689419498109,61.6662459397278
"S1338",99.0655492059886,1,147.699901195631,74.8123876901735,71.5092998021853
"S1339",73.8533547427505,0,101.517284195545,60.7483919560432,56.2905766340237
"S1340",95.3283053822815,1,139.835542610113,64.2533445590981,78.5093670166206
"S1341",86.192245176062,1,112.520149158528,56.8752509878383,63.8295902281867
"S1342",69.7766304481775,0,106.125019129264,54.7970294266272,59.6993076543183
"S1343",72.5712535530329,0,90.467426305835,62.2622318546788,57.0014098736788
"S1344",63.9034034218639,0,75.2572701662662,54.2218191504042,46.3831110020699
"S1345",76.4285494852811,0,90.7952149213219,74.9118716072273,68.1293757479153
"S1346",86.3159423973411,1,118.069011719604,73.2675111513668,61.6431893522004
"S1347",77.0373846683651,0,97.6230223101847,72.6770225371622,58.7876048296956
"S1348",75.1701061055064,0,93.1349979268349,57.8470041429002,55.6177664033345
"S1349",97.5155280623585,1,149.843220788024,73.0417670987504,74.8115660933969
"S1350",92.9568474087864,1,137.417094460824,67.950173740774,69.9377847614502
"S1351",72.4811894353479,0,92.9063567738584,65.3038880522451,63.745907066092
"S1352",68.9715884067118,0,95.3787893764945,61.0658000638396,54.7342805337563
"S1353",67.6227867044508,0,90.3841243063837,63.5368268712987,50.9652740035683
"S1354",91.2134361732751,1,142.439259286376,70.3912465003121,63.4815924733075
"S1355",64.261438800022,0,90.8140806301277,52.6117976590414,47.0973651108357
"S1356",79.3840174842626,0,80.3051750374646,71.1940626881344,64.5794782106549
"S1357",86.4653857331723,1,118.625865128258,66.7861138250533,59.0812171618787
"S1358",63.375062244013,0,86.68245592089,58.9960935663664,57.3112052421396
"S1359",84.7567190788686,1,120.399312773617,74.5440197828963,55.5154154092116
"S1360",72.5316800922155,0,88.1136085941393,66.2734058226455,55.7835610926198
"S1361",81.3558134436607,1,101.10321845958,65.3468393121326,55.8792140631798
"S1362",71.7799482867122,0,87.8056386712687,62.5018506951924,54.2268646372513
"S1363",61.1285168398172,0,86.7529213959619,52.1277229671751,49.8732102190343
"S1364",75.4364021774381,0,91.9829787302437,60.1692195905389,58.81486889234
"S1365",99.6071528829634,1,151.278658465424,73.2778459347897,63.846342225587
"S1366",74.2732399702072,1,105.421358803527,55.6710236718892,52.6329407059314
"S1367",95.7341405097395,1,145.849524935425,78.5583203540769,63.9987169795598
"S1368",75.6855856440961,0,95.2712109221248,61.5429901136291,57.1818207766689
"S1369",96.2651853729039,1,134.288854117926,72.6652941614505,62.4259493134426
"S1370",62.5656306184828,0,93.8225130632056,53.1552447374495,52.0754507744049
"S1371",83.7047814112157,0,107.324835432056,66.7789669762949,56.6491518233329
"S1372",80.7635102979839,0,92.9867965876887,69.9549867319142,59.5830299505032
"S1373",79.9508897587657,0,101.181251010039,63.3453774407717,64.995673364573
"S1374",94.7004109062254,1,127.074523380186,72.7760508420236,69.1669605746401
"S1375",91.4606182649732,1,139.72224138568,76.838528539757,65.2307099257872
"S1376",89.2975427862257,1,120.557536174317,69.3890822981458,60.0155660597692
"S1377",76.0205141827464,0,98.600198264183,57.6867051631148,58.6364592167032
"S1378",67.0311590004712,0,93.7771486844093,54.7232243381833,52.3303089820455
"S1379",69.473784416914,1,113.155138561276,68.1018026111174,55.4966351622983
"S1380",92.3638869449496,1,123.597584507114,77.5702246445169,61.3996367862751
"S1381",94.1888202354312,1,140.128996474261,59.0552783306594,62.3071537091015
"S1382",67.3768393415958,0,93.3291975707446,60.1328076677112,56.6128149394945
"S1383",92.6348884403706,0,122.897985602153,72.1690219476183,73.353764751871
"S1384",82.1587809827179,0,102.200080481919,68.4303958742994,60.6403030807298
"S1385",79.8439603485167,0,106.7128566885,64.8907006661636,65.4395169735055
"S1386",70.656343428418,0,86.8528308850999,56.2054439985015,65.5603668879622
"S1387",99.9156500585377,1,148.201408608303,82.0465749334286,67.0251453218316
"S1388",68.2417741045356,0,90.7233071393046,56.8936149067355,58.7196976160611
"S1389",64.0929297078401,0,88.6155350729733,59.3818591849954,56.7569226067441
"S1390",64.3507319502532,0,92.3794482837524,54.8537414632854,46.3358482659812
"S1391",83.1875984463841,1,99.6174312057916,62.343671166422,62.6822037562398
"S1392",90.7394853699952,1,138.071612038294,71.0993250378274,62.4901519714627
"S1393",64.6605440787971,0,83.8724749877117,53.4403626292733,48.6248183994785
"S1394",70.4857650212944,0,81.3977989318584,61.0618981938867,64.8271414504357
"S1395",77.7748233359307,1,107.678102351288,66.1560636090013,58.8153652170572
"S1396",64.7240171022713,0,84.3676371888477,57.4476150857094,47.3196163297645
"S1397",60.6067021470517,0,97.7759198702818,52.6949610470646,48.5638447110213
"S1398",78.8912560045719,1,97.8119627689022,72.4203555444634,59.0928746418703
"S1399",97.651782091707,1,154.394685565787,73.2759536671508,75.0334758768559
"S1400",81.5278069954365,1,108.394625101015,62.1431072073083,51.6058803713676
"S1401",75.7735854759812,0,89.9356288307856,60.0813845999942,54.9684621925386
"S1402",91.1403235141188,1,123.661373386183,69.729485090854,63.5622574309926
"S1403",72.0310497190803,0,101.537126089915,59.2895518888024,56.765062324745
"S1404",76.9428610894829,0,100.553011593515,57.395927204567,55.8969307286095
"S1405",66.3907828740776,1,113.173271324255,65.5372010195601,62.7576231650399
"S1406",90.7147937268019,1,115.851321341031,72.7651728263917,66.9751868263355
"S1407",68.1974652130157,0,82.0021686793839,58.6721308541974,48.1144123462645
"S1408",64.1841369587928,0,102.829359807564,56.8961955171832,50.3860319949757
"S1409",60.9222050756216,0,97.2392145436575,56.481340468556,57.6980916785606
"S1410",79.6502969879657,0,92.3358362130611,64.0940053394528,54.7448203784905
"S1411",82.6664090249687,1,108.519777926763,60.6572467491149,60.7267182592513
"S1412",88.3001687377691,1,118.840848403592,72.9438815611606,54.9451972480551
"S1413",64.6224172506481,0,85.9688788603239,56.0690323879024,53.3204960214145
"S1414",75.1503910496831,0,92.5080837174771,56.155157913511,59.1649460239152
"S1415",84.4192629493773,0,101.789637021037,63.0049791081023,59.0465996960774
"S1416",73.4971605241299,0,96.2764320641868,63.130135002229,56.2759100305779
"S1417",73.2098573446274,0,96.888422771782,63.6883834825201,53.0079138954802
"S1418",81.2899291887879,1,102.696060984591,60.1424714573981,54.3297374104275
"S1419",96.0415314231068,1,126.377078169028,73.9151917899061,71.9501838940176
"S1420",88.8926095701754,1,128.882851486673,67.2252795646134,59.9986730724059
"S1421",92.3744394537061,1,138.5777120659,74.3882667099722,67.4649665984668
"S1422",65.9874775353819,0,99.5598125483594,61.1100167283073,55.3059510398255
"S1423",69.0864365827292,0,87.3871045479857,64.7789877517911,57.8617697478697
"S1424",84.1940016113222,1,122.285964013982,69.2835395074566,60.7959725659181
"S1425",64.0521461702883,0,87.6704553563729,56.1033801927774,53.3812438787383
"S1426",91.5588156785816,1,114.71103985761,73.8751690768437,71.4437586882273
"S1427",93.688047202304,1,143.184824127179,71.1875425870885,70.0828603368424
"S1428",94.3738319352269,1,137.714394122889,74.6596636609926,68.0178914337601
"S1429",87.8358826041222,1,129.69396039211,72.6625179581943,73.2359963858222
"S1430",98.2856999710202,1,137.807867602294,78.1871458582935,65.4377182624117
"S1431",77.9791419953108,0,98.1222702913171,60.8937538263389,55.0875019499714
"S1432",66.3596593122929,0,89.9071820504854,55.9313538689271,63.1429754484475
"S1433",76.0113386437297,0,80.0882380546039,60.0168574821477,65.9190584410802
"S1434",81.3610047288239,1,122.466012971502,67.8550301409594,61.3623793469636
"S1435",95.8262438792735,1,139.553145792056,80.3906700133837,70.7532755586711
"S1436",68.4569259546697,0,79.3057132548062,64.2420938604067,50.6971557484705
"S1437",88.8372477516532,1,124.655262684208,72.291958401853,69.4494841689712
"S1438",62.9291658569127,0,105.149399212094,57.568791831041,49.4976385256396
"S1439",97.8196838870645,1,151.204431800561,70.8957623760357,69.3839074250239
"S1440",98.4535385202616,1,140.598778395727,76.9498152328243,67.0795864620939
"S1441",75.5201315879822,0,105.875378917038,55.7335082766049,54.708182919904
"S1442",86.4872437156737,1,121.988924762027,69.6636516608125,56.5769122913455
"S1443",92.8867668751627,1,133.030394563513,69.4760470528908,68.8675740577573
"S1444",94.3579701799899,1,131.558582205431,73.8688589990783,74.2483667023935
"S1445",83.1797057297081,0,96.3709021554558,66.8415871664764,62.345598060784
"S1446",75.533751770854,0,90.424306290151,52.1454136997879,62.3509526526164
"S1447",73.9462880045176,0,91.54769228711,65.4451673318499,58.473792327282
"S1448",67.3898920044303,0,92.2013044720784,60.8599205635494,57.0564664186711
"S1449",95.310391811654,1,137.892530149352,64.0541367145549,76.7670762768657
"S1450",76.4952642191201,0,105.58734603294,61.8758454733045,52.618147577326
"S1451",74.5882987137884,0,88.0616209848402,62.0047621853284,54.9881208833027
"S1452",88.1025796104223,1,121.426847601651,67.894246920507,63.3949827475686
"S1453",65.7919882796705,0,92.429291017083,46.8783327387816,50.4595040037041
"S1454",64.9039900675416,0,89.6300581672297,57.2556966409204,47.3478572201655
"S1455",94.7160018328577,1,138.663236249186,73.7665351807183,67.7236712961083
"S1456",84.4784270040691,1,117.007738839883,66.8474347901529,58.8124346235224
"S1457",83.1648591347039,1,119.713261875681,66.3982830774812,63.7021459295425
"S1458",93.8523523043841,1,136.067356855281,71.1199815140147,65.7376092805489
"S1459",83.5989852063358,1,99.0752644540586,60.3860487008987,59.6356529416289
"S1460",62.587702581659,0,103.192834248757,52.4726631422199,50.6874754970083
"S1461",63.1524688843638,0,102.828766631059,62.9176631608872,47.9916622692476
"S1462",75.3282309044152,0,96.9370184832173,59.7554267361786,57.1960963146937
"S1463",75.1457264181226,0,91.9034918462162,68.7573195650655,57.7105092625176
"S1464",86.3462996575981,1,127.327116396156,66.2934068179316,62.1474215809234
"S1465",86.0650720726699,1,108.637228230951,72.4994406046858,60.6664595827874
"S1466",68.6965883616358,0,94.045501675147,68.548325651255,53.0949106106316
"S1467",85.438842503354,1,122.312835800482,69.6122633489258,57.7512784899645
"S1468",91.8623690959066,1,124.039645290963,60.7564342610752,68.832914954968
"S1469",85.7840277906507,1,123.042899511442,76.0094054024678,69.9000838434417
"S1470",81.5840777102858,1,99.7797610791424,65.3703781697258,63.5853671260239
"S1471",98.510541850701,1,156.498021186295,69.9106520024665,65.7536951128912
"S1472",91.7214878834784,1,126.551095412853,70.1195188667733,64.0650708358878
"S1473",67.4790497031063,0,89.4090570742471,62.8865887422499,51.9869148086179
"S1474",68.4158757887781,0,93.2115424501884,58.6686756640035,47.9988652241789
"S1475",89.6839188504964,1,119.964790597801,72.4222623632588,64.6443027632769
"S1476",76.0665606614202,0,93.005360637316,63.7443216608688,66.9292407443282
"S1477",82.693980038166,1,100.921051533338,64.3460491432962,61.6497693050621
"S1478",66.9926244858652,0,100.105159403001,71.7729582642351,52.6024799121647
"S1479",62.7282898966223,0,93.4870965487398,60.9773798557582,46.6286766324126
"S1480",84.1999152395874,1,115.66299621885,64.0990833107602,55.2089074072235
"S1481",67.4709406029433,0,105.772320281452,45.8924777042669,48.7305605287334
"S1482",83.6784662492573,0,91.927200346493,69.8671313208616,61.3925554184955
"S1483",86.3984915427864,1,116.598472813716,62.0464289130645,71.6316918689577
"S1484",74.3662569578737,0,85.2198552018037,61.9575679236255,43.3874540217597
"S1485",60.5894518550485,0,77.4429917542472,51.2952405407559,57.104173333915
"S1486",83.0195920728147,1,110.870881065333,69.6501370325493,68.4592330804276
"S1487",63.9596401341259,0,83.4726866634164,54.9902304314252,64.1502152893855
"S1488",88.7798326928169,1,121.160717887446,58.4617937170693,66.6360333172119
"S1489",67.670163847506,0,83.9407304583125,41.4376802905599,50.601103288582
"S1490",95.4576939810067,1,148.609951604529,77.0109292839901,78.4845050293922
"S1491",82.5540395546705,1,112.602595933376,68.9877158450443,64.819147025828
"S1492",83.3849048148841,1,107.04120760494,63.0750909890337,52.9980278604747
"S1493",74.0944856591523,0,86.7585592783042,62.8535899478892,50.3079828960138
"S1494",72.2530180774629,0,102.562730745848,59.1918419752358,55.0622412285669
"S1495",65.2430792152882,0,88.0725718989563,63.2463115488647,54.5331170312459
"S1496",82.9692421481013,1,113.295942664345,56.5379523176632,62.7497320226825
"S1497",84.0975046809763,1,112.336755843032,67.4127668487679,66.3010577135323
"S1498",92.8776742704213,0,129.093071324716,75.990408208545,62.2470674978692
"S1499",66.7244073189795,0,87.3363274748129,52.9465712024754,52.5071222372692
"S1500",89.9631440173835,1,128.329621677942,67.5656839501526,61.3688086821583
"S1501",91.9644846022129,1,132.350887939539,77.2501253693338,56.3183453386099
"S1502",82.288045277819,1,126.590431128725,66.5401604115703,66.088844368832
"S1503",76.7953838407993,0,98.1622511004618,66.0168998318283,57.6828588005149
"S1504",97.2321124840528,1,141.483524267847,67.9055058842815,75.5073854078107
"S1505",66.3922138232738,0,97.9656695505371,50.5607829403969,48.7993934272727
"S1506",99.3823940493166,1,172.374573084041,72.9929239586442,60.4795748491688
"S1507",60.8087808266282,0,92.4169999644483,59.8603486215877,50.3439272856996
"S1508",97.6745110098273,1,136.332770186006,67.1712152730682,70.9318158022728
"S1509",84.7749432455748,1,121.476856268367,65.1172377250931,71.4202704172642
"S1510",88.3232020866126,1,121.804979177742,75.8754416691858,66.6853525590642
"S1511",61.2902656197548,0,96.1284912345463,57.3884707307622,42.4181822451844
"S1512",60.0064378045499,0,96.2590559567439,49.9334721764337,49.1942277121444
"S1513",65.5516734253615,0,98.9574009095488,51.8747051541746,54.3680350717152
"S1514",77.530942261219,0,87.3744836129724,65.8956380780413,61.2593481874402
"S1515",70.787189071998,0,86.9484087795459,63.675675490485,49.8209472847104
"S1516",89.5170954149216,1,132.747071896625,76.4608338935348,67.3685303037475
"S1517",94.796458305791,1,148.979868730433,66.9818189181741,65.017134352067
"S1518",82.4183067120612,1,113.035744310458,64.6983365580195,51.5866125443244
"S1519",66.1270104255527,1,101.688234601065,50.3055376154769,41.6700989621386
"S1520",77.1134234033525,1,119.425328999346,68.0838046198665,49.7983832433397
"S1521",84.9877414572984,1,125.833446017113,73.9529433824555,59.749634062268
"S1522",89.8157924972475,1,131.1223784042,58.6338815097293,61.0889911850615
"S1523",70.6328114122152,0,94.389997942577,66.3220736798781,63.3022125465614
"S1524",88.1039594858885,0,113.060378520835,67.6083215742987,63.3394989369812
"S1525",80.3126830980182,1,133.727211624873,65.190090866429,62.3273891319626
"S1526",95.8961860649288,1,138.629380152422,72.8008525923615,69.3674852246086
"S1527",70.1023736223578,0,111.910050187285,52.0448761506481,56.7317865579601
"S1528",79.0446981694549,0,99.0624254743011,72.2708548263708,53.942043897292
"S1529",70.3143432363868,0,93.9252374633024,63.0370312686207,55.6152827562441
"S1530",82.6312137953937,1,109.877336811464,77.0728225638793,60.5765900973748
"S1531",87.0054413098842,1,108.129370795808,80.2582266759477,68.5732775955075
"S1532",78.8830522913486,0,105.380918351749,63.2424646775178,61.34515223884
"S1533",68.6246055364609,0,98.8172093178863,55.5678328044243,55.7109363180772
"S1534",76.8999994173646,1,103.885035560964,67.2538942172605,57.0211970590233
"S1535",76.1389879789203,0,101.413097100094,63.3870398028118,58.9971366043079
"S1536",97.4300460424274,1,133.303977425608,70.1439492738285,72.9063578177229
"S1537",72.35306491144,1,94.0788632948319,57.7154408625621,57.3270700411048
"S1538",86.3625899609178,0,113.646110508531,73.5017540515217,73.0241187099736
"S1539",73.2734356354922,0,83.5313378575851,51.5696428935559,48.5679803623088
"S1540",64.432710101828,0,104.990562455228,51.3454285817352,44.8452244810362
"S1541",64.7259289864451,0,100.582367297781,51.2182522001111,56.7650294772231
"S1542",86.5416559018195,1,118.978916209001,60.5290921330297,60.1952652188528
"S1543",99.0007185377181,1,152.666254131311,74.3086743861519,69.8726998985003
"S1544",92.9962776135653,1,111.523723239574,67.2780474692283,60.0797142239345
"S1545",82.4865740258247,1,119.823375348193,65.8127246637499,57.2343055721264
"S1546",84.4729518145323,1,125.094390362048,71.5792513909395,61.6420564849692
"S1547",84.5279714651406,1,116.541615231013,68.0407422003228,56.5800804800459
"S1548",87.0539484638721,1,118.072791579927,76.8113908088123,59.701468528681
"S1549",94.635698068887,1,130.053869994717,76.8499165587227,69.9633697841574
"S1550",74.4399128109217,0,103.952351917463,62.9230170919189,58.7054291234802
"S1551",98.9905271679163,1,151.402184001724,70.400815690472,71.9915455267967
"S1552",83.9710246957839,1,121.164030255847,62.7404537614393,56.7227926504471
"S1553",63.8190182670951,0,102.603315682311,48.6924829344001,52.6327187910898
"S1554",62.127878125757,0,89.684144458239,53.982715953633,52.5127729802525
"S1555",81.424306044355,0,94.2062816961024,66.6532764958671,58.324483684274
"S1556",65.9395848866552,0,90.2186216117497,51.0295739539896,53.8156646042343
"S1557",63.8869792502373,0,103.566763331074,61.2107309062401,41.9116574477431
"S1558",82.2059636097401,1,98.531085900061,66.8027565340666,59.8550535448259
"S1559",66.4078380446881,0,97.8731275561936,58.1693464556736,51.1139757053364
"S1560",85.1869621593505,1,108.688718259826,68.0582225930333,54.2610687343423
"S1561",94.3664489593357,1,129.349313198492,75.3017636339165,64.5974260008943
"S1562",72.9131678398699,0,111.920370567083,58.9821829735635,49.4502424259144
"S1563",93.8443105760962,1,127.447378866421,74.6945705162827,70.7286688222595
"S1564",73.0263208691031,0,93.8435698769101,60.8922264040145,56.5315767664017
"S1565",82.1518044359982,1,109.034293920859,64.3699286399098,62.9392119639042
"S1566",80.3608710225672,0,93.8959513141236,71.6444621973274,64.7000050351989
"S1567",72.9571616835892,0,83.0626111125036,64.4572831704709,56.5378337456778
"S1568",71.8638444598764,0,113.193278893245,61.751023945072,59.4102302889454
"S1569",83.5138320922852,1,104.076834660712,65.9034205058773,63.6549576455127
"S1570",67.6689577382058,0,92.9040557260652,65.3816367666949,56.8789774918021
"S1571",95.8823959995061,1,142.919335854699,73.7056277157393,62.6210771031676
"S1572",81.175323035568,1,103.43332207095,66.9850530435376,53.3770616932492
"S1573",91.6643580887467,1,143.016452075067,69.4937125159456,59.0068613104254
"S1574",68.0894206464291,0,95.2996954051204,56.580504333218,51.5403696386949
"S1575",83.1928066723049,0,94.3034829726111,62.4088441961738,65.8093032484033
"S1576",89.6671126503497,0,121.370245564518,79.6710954139689,68.3450222117836
"S1577",68.461956596002,0,97.8335592112593,63.0886535386458,48.1168697363454
"S1578",70.9980176296085,0,93.6343382004271,64.9985810658577,56.6091397348814
"S1579",67.7200906910002,0,87.3162103271065,64.769557551184,47.930358562464
"S1580",77.0695297792554,0,87.7522271347622,66.0183945656643,54.9491011148341
"S1581",81.9553366489708,1,97.1112463648046,61.0980185671194,62.817889802759
"S1582",95.7453448232263,1,147.490845121844,72.3288987689023,70.0378771096291
"S1583",60.4391316976398,0,101.372014439304,52.1115828109827,52.1270013380102
"S1584",93.7582655996084,1,139.988124020268,60.3708359673634,62.4322107741898
"S1585",93.1659783609211,1,130.162565985861,66.3966348142883,70.669423514601
"S1586",80.3881079889834,1,119.706925777995,65.1137150946185,59.8041079829144
"S1587",98.6183264479041,1,140.820157254969,73.4116285957894,73.5172703612903
"S1588",78.7652547191828,0,103.002052695218,71.4599769834516,56.366645854422
"S1589",95.3933572862297,1,137.998892465475,75.6547122217249,70.6982638298289
"S1590",69.1555347759277,0,96.7055348748648,58.351852193429,56.1505660139929
"S1591",91.5231698472053,1,121.643384621101,80.571178808749,56.6446193245457
"S1592",86.265274612233,1,118.435465170547,68.8081775088622,66.9114170283941
"S1593",77.2314855735749,0,101.300397414887,64.1037101966925,57.3787884003851
"S1594",89.0156420320272,1,121.995118220591,58.4509984784831,64.8826826326392
"S1595",66.4796140883118,0,100.925858479349,62.8349045652863,48.6644408638546
"S1596",65.9918935690075,0,112.361982700133,59.8687474133633,49.743028660131
"S1597",97.1541191078722,1,135.125442156831,76.5532767859639,69.26644664221
"S1598",89.8523597046733,1,131.534492737381,69.7380136637072,60.5198859001534
"S1599",68.2509231101722,0,97.3413411616577,57.5418321470405,51.5860775705139
"S1600",99.4255511369556,0,137.681511428373,79.1185781966517,67.8578908603881
"S1601",60.2591971307993,0,93.5450114283694,50.1815381458265,52.2223525829614
"S1602",67.9349984321743,0,97.5690997817937,62.6338227988358,56.5875220615902
"S1603",76.0787070449442,1,97.0872035218901,64.7088914805138,54.9481910819242
"S1604",73.4529725462198,0,91.8991177138568,49.544581300303,46.2929734997931
"S1605",86.1573119834065,1,127.127723577321,62.9336850895605,62.7010498620791
"S1606",85.8191077783704,1,127.695530406021,68.3588147132269,70.2285815661992
"S1607",95.170272057876,1,137.908770025289,63.6246149364813,67.7143307371832
"S1608",84.1667816787958,1,122.29004418522,69.6897907429548,55.088055209948
"S1609",72.9960108548403,0,105.200691064736,57.6038748826763,52.8485661616799
"S1610",75.492203515023,0,100.014512431765,57.4735791934028,53.5707081669654
"S1611",72.8517669159919,0,77.834105491901,59.6071092054707,57.9851470842785
"S1612",73.2166007347405,0,93.7962309926948,65.3918942961143,54.4296881866933
"S1613",86.3991774246097,1,112.107802285431,68.8874547605083,68.5045986176566
"S1614",93.7537832465023,1,138.594112254658,75.0224136838915,72.2658681058031
"S1615",97.3824249580503,1,153.988612129302,76.3763056396292,70.3597205126131
"S1616",72.3078740108758,0,100.842811476654,59.3684567757859,58.0119857323366
"S1617",92.6413260400295,1,134.260832500916,74.0153956552078,70.6334940823975
"S1618",99.0809302125126,1,142.515078065969,74.9662694262604,61.8194633562023
"S1619",81.9689649809152,1,100.218851864064,53.8095813650678,64.8208194448632
"S1620",77.5188080593944,0,95.2763635584887,56.3146567335169,71.7811526581169
"S1621",65.5961503461003,1,103.696096542798,54.8622345535115,57.3645703797356
"S1622",90.6932098884135,1,130.342583163664,77.2508718652525,79.9778423872325
"S1623",91.4881540648639,1,128.962253056162,66.5093617714214,64.893464381961
"S1624",89.9213632941246,1,119.029664183937,71.4103430348802,63.9523270834866
"S1625",61.1753266770393,0,80.7273086587146,50.6762696649092,50.1648365689401
"S1626",83.9037346281111,1,102.322336076852,66.5315330998336,59.2116861634219
"S1627",94.2474941723049,1,134.562799847089,70.1793023678653,68.648619056484
"S1628",69.4196852017194,1,100.830061618404,62.4351840313174,51.7412135047951
"S1629",74.9819512758404,0,99.8537045388755,61.3602996831721,63.2380877994467
"S1630",66.2911726441234,0,101.191316707425,56.2366844166636,56.0464330757606
"S1631",77.0972689427435,0,92.7531779213584,61.3351983361543,59.3963457236226
"S1632",87.5873920042068,1,131.343556759835,62.545201837027,63.9894739017739
"S1633",79.7691627405584,0,102.728089803645,80.2078882490496,61.4287158691787
"S1634",78.7158481031656,0,92.4264170437153,69.318958415649,65.7042005692433
"S1635",68.5429321136326,1,106.489425455776,60.5027258942605,47.0418992069791
"S1636",60.7830630801618,0,103.153945827446,55.0959458404105,51.8464001758788
"S1637",90.8389150258154,1,120.427890215091,69.2648361671751,61.9007318605567
"S1638",69.6563344448805,0,101.37591434497,57.2654687211366,50.8853164886209
"S1639",97.3473020642996,1,153.351497816686,76.555803920934,71.123443521479
"S1640",85.7926988136023,1,127.370674788455,69.0381884274999,65.9289688384607
"S1641",85.3341539297253,1,117.03388347848,64.0878003608443,70.1696929405881
"S1642",60.139934765175,0,87.4080715517973,61.7587506114856,60.9630997073754
"S1643",70.8239732403308,0,82.2823814355332,58.9329432197728,55.9155267169312
"S1644",90.0406832899898,1,134.072068731112,71.4714341978085,54.597118877134
"S1645",82.8259693272412,0,88.5180526117348,72.0985443332201,59.2320177728387
"S1646",69.1926995851099,0,94.4258407472032,52.0526341757896,52.7166638445329
"S1647",78.7310489267111,0,85.6371823999746,53.8288593812826,58.6636227870771
"S1648",78.6256188340485,0,105.060694219305,59.2939180102183,63.1874231827869
"S1649",71.8437959626317,0,80.0505534801852,75.237245699036,53.1437989999878
"S1650",66.4248233195394,0,80.4712160412849,51.0128133682682,55.3063481845899
"S1651",91.5381202567369,1,129.808431676833,73.4867310210022,61.7666429825027
"S1652",61.5826789662242,0,97.9554272301484,63.1013889631157,50.284696099596
"S1653",89.0698422398418,1,123.379672108379,68.3357455027388,72.9363571400961
"S1654",97.4918830860406,1,152.738768525781,74.117894614209,69.0777289260955
"S1655",75.8904025517404,0,86.7414795129729,60.9198258455962,61.6588654025217
"S1656",85.7349910773337,1,111.33775258488,60.2238534575164,62.6341899323144
"S1657",65.7876910921186,0,90.3058641690044,52.8279268950147,53.423834833239
"S1658",84.1984916385263,1,113.964891811354,75.5820826716995,57.4940368023656
"S1659",96.0164056997746,1,127.670550663532,66.6743544090135,65.9035785082296
"S1660",95.5873475410044,1,133.584323375983,75.1187812004902,71.5177460621018
"S1661",77.4783130455762,1,101.351952269471,65.0409238600876,55.7135284553535
"S1662",99.7491131722927,1,158.518989923542,79.0372187547819,69.016330392931
"S1663",84.7991212364286,1,112.760080020737,78.8773423896758,61.3824781301367
"S1664",62.0537106972188,0,80.5668796722264,62.6220787668615,58.9756294808264
"S1665",83.787686759606,1,112.151096491302,68.991896083689,60.4032241379111
"S1666",63.2352543715388,0,81.3323747718471,58.5047855619072,52.542841890218
"S1667",83.1803942471743,1,113.813177151776,72.354520518876,59.8719938380166
"S1668",62.5015359185636,1,102.165107381914,56.6033845365252,47.6205762634616
"S1669",72.6277504302561,0,91.5606469770868,58.7607063238366,59.3948683334764
"S1670",77.0444275811315,0,96.5691510731271,60.3571388741921,64.2592080889919
"S1671",73.8644823431969,0,97.3747487822019,63.3940195657655,65.8103784035923
"S1672",82.6161478459835,0,99.4400765688073,60.3835773320861,57.077302874953
"S1673",69.4017714634538,0,89.6862843072613,61.3889072741058,58.2690851384104
"S1674",95.4668512754142,1,140.810301978934,66.3428085011994,67.56329187793
"S1675",81.7641081381589,1,105.386379847639,59.1655899805968,62.0299549609148
"S1676",68.6038652434945,0,93.1861835259112,47.2118892962113,55.4811862796399
"S1677",95.7877810951322,1,126.825934577619,70.3405341406754,55.6203657088695
"S1678",60.3182186093181,0,86.5511634396455,55.447801616404,48.9276711170676
"S1679",83.2681176625192,1,112.597572150149,59.6536584475738,58.9006699909217
"S1680",90.8694675285369,1,118.070222109941,69.6676717061861,62.5524267186616
"S1681",87.9332338180393,1,120.355798343944,66.3153106961368,60.5199090398011
"S1682",72.8806593548506,0,91.6157941850831,58.4395677260889,52.7352102323149
"S1683",81.4583326131105,1,113.564380443429,61.5222981701245,70.4655048632752
"S1684",62.282441938296,0,91.2861087335515,52.3369075593567,54.8510773929839
"S1685",89.9207662325352,1,121.300188612691,65.9377015397845,69.1371206870358
"S1686",97.2060986235738,1,152.314953017678,80.255412608699,71.9864853728886
"S1687",73.8402752857655,0,109.049153524245,56.0121394174802,56.451009763808
"S1688",71.9114366639405,0,85.3348016477247,64.777979982887,54.0510944810476
"S1689",90.8768077939749,1,140.200075499885,71.5365776198463,60.7584473703042
"S1690",69.8792124353349,0,87.3502313838051,52.7656649869443,55.0402865893981
"S1691",93.3577710296959,1,115.856950985755,72.7773804964788,69.9427761112149
"S1692",60.7282456103712,0,104.769848194823,49.8191115692978,54.3565475573418
"S1693",88.2377147953957,1,126.424999748797,66.2620669729799,70.6903743752113
"S1694",69.7723546624184,0,95.9183885665183,52.2067917550295,62.2090432078451
"S1695",83.0900945141912,1,120.918799524998,67.4455973555309,66.5994629045863
"S1696",81.6386016830802,1,115.150997456046,75.0547657020152,61.8330849374967
"S1697",95.5589826032519,1,124.997314687106,74.5434576892061,59.7833138647391
"S1698",67.4005180876702,0,94.2268879163937,63.4257458459099,57.0340292006693
"S1699",81.3822548650205,1,124.989075615913,78.0484883973198,66.3555667558444
"S1700",63.4181999508291,0,87.7605893597136,49.155859624705,49.1588709741496
"S1701",98.0415751505643,1,142.100863049211,74.7330025014057,72.151749645077
"S1702",70.2721331454813,0,90.0179745741656,54.3971444516684,52.6627751912445
"S1703",82.3931509815156,1,102.666048512027,62.1529860209757,59.0680041019497
"S1704",85.3975595906377,1,106.323110668017,72.092479157035,60.5138120159895
"S1705",70.1150826271623,1,99.3928680578252,50.0397314010174,54.0697794760333
"S1706",95.0564080942422,1,123.437952231355,82.1571317517163,69.0697611293851
"S1707",93.8751928322017,1,145.85961459004,74.3052807987867,72.5274863923489
"S1708",66.474820477888,1,94.017785056606,54.1498541005958,48.824717845431
"S1709",93.2174537796527,1,128.394887761149,67.8856974355249,70.1274199354184
"S1710",64.9901604373008,0,89.4295955195232,57.8410210956615,46.2097845029933
"S1711",93.2826231140643,1,137.037512827016,73.1281603243706,58.4489862639731
"S1712",63.7952174898237,0,88.2979030313236,55.6265134892441,51.3437275556557
"S1713",61.1587383784354,0,107.018716289125,57.5505115297996,55.4331948761141
"S1714",87.902142368257,0,105.178420637399,71.3792472802824,56.8546639813815
"S1715",77.8433672431856,0,104.858133147098,54.513146083283,56.7150246354171
"S1716",90.860682586208,1,129.232737074657,70.6087281650054,69.1279106007219
"S1717",74.8117607366294,0,85.7414707467119,52.5913953101398,61.6895621241728
"S1718",82.0967835839838,0,86.1082876403554,62.5800676740214,59.2304378430573
"S1719",65.5919272545725,0,93.0675336150333,58.8082610610638,54.1376095126692
"S1720",86.5455293282866,1,123.696654990337,68.5413999422434,61.5322392455035
"S1721",89.4050337746739,1,121.219053570899,67.2808029837183,69.943588149401
"S1722",78.7954617291689,0,91.6571084593148,62.4158895343961,49.3222142241804
"S1723",62.330243466422,0,98.0157437295055,47.8530907692454,51.2056165325911
"S1724",99.5019751414657,1,160.487597317991,72.5610373857831,75.0483973481709
"S1725",74.7112352307886,0,107.4404654067,64.3295086041982,64.9187728492735
"S1726",85.7838569954038,1,107.706608326937,69.5440382411977,61.1046355977657
"S1727",80.4118654876947,1,126.981773978898,65.103226383494,53.990310816938
"S1728",97.6695607975125,1,139.462224848817,80.2772518415569,69.8360725801777
"S1729",67.572872871533,0,96.036430047776,55.4368828691409,64.5156740879426
"S1730",90.3787417430431,1,140.69826924093,68.2979670674168,66.0761931312449
"S1731",67.058032527566,1,88.0796201133603,60.7222505144123,58.3707933845125
"S1732",70.5028270557523,1,112.085210975184,64.410300764149,61.0792137140699
"S1733",67.1776237990707,0,101.89959381972,49.7040918001446,59.994581556406
"S1734",85.5117433331907,1,122.228029071143,65.6690105561387,58.7075625350495
"S1735",78.0344258993864,1,108.068361502665,63.5838865045842,63.2645620077237
"S1736",69.9204127676785,1,93.6577611062349,60.5011856592102,55.6455980722889
"S1737",82.8564647119492,1,117.36345425192,63.2726758969396,65.8390427631241
"S1738",75.1397554948926,0,100.073985433256,56.8080350536578,54.356751585295
"S1739",74.6718615666032,0,100.204675172071,66.7889356496096,60.0845106956137
"S1740",99.2404704261571,1,163.248223005617,74.3911266283998,71.5683210784291
"S1741",93.2505219709128,0,120.441278768398,80.1250421698027,69.606799020789
"S1742",93.7930498924106,1,131.16678975176,67.8987462761041,61.3964871498067
"S1743",70.7237820699811,0,87.9439317596932,54.5001651539356,59.2257849528363
"S1744",73.0542571377009,0,102.970664832233,66.9159422886182,61.581075383905
"S1745",61.928774099797,0,90.6696725574485,52.5866066233615,50.8012763819634
"S1746",89.5506245270371,0,113.814746392293,61.3248816764752,53.1107278206023
"S1747",76.9089883007109,0,106.110337129137,64.0502300265555,60.4949897776862
"S1748",72.1319132298231,0,82.0274788184335,54.7540699127213,60.3371489752804
"S1749",71.8637074530125,1,98.7217332812452,58.3540107779191,52.9172614319288
"S1750",90.2445348910987,0,131.31132535046,72.4526276986348,65.6551331922939
"S1751",91.4752148650587,1,132.125115458369,74.2778103733377,63.8586481003361
"S1752",94.1313182841986,0,109.830078628898,71.9181818178122,61.3628256950245
"S1753",71.3893882837147,1,96.6665624270601,58.8680739246998,58.4462328732661
"S1754",67.5188148301095,0,79.4259857885201,59.8995578725788,53.3195309113803
"S1755",84.4262296427041,1,121.080495100162,73.3904412266815,58.9410595920198
"S1756",68.8848704006523,0,98.0439394476697,56.7235440794134,53.0006324251596
"S1757",94.4910736754537,1,139.842243522971,69.1331120525657,70.842347042636
"S1758",98.220032826066,1,159.70230568491,82.4618631452392,67.4179627765356
"S1759",68.6441800650209,0,93.9682964937495,67.0221949741587,57.6154275288103
"S1760",65.3333904687315,0,99.9961586980443,56.6530804060921,52.1039054036274
"S1761",80.7237838022411,1,107.926912272713,66.4917784566083,57.8692653620144
"S1762",79.9424361716956,0,102.445785724911,61.8619258582836,60.2943758027234
"S1763",61.081014322117,0,91.1465372325738,58.826163436138,46.6540253975246
"S1764",71.349295983091,0,89.8949310811487,66.1983630378057,46.1944616009008
"S1765",92.3672843072563,1,124.187648841925,66.3702680365431,66.3276714792085
"S1766",75.8077664300799,0,93.4215437858434,66.2678404252691,58.2975620434869
"S1767",72.0849162060767,0,93.8590455724477,58.7357454604146,54.2833853076073
"S1768",85.3074662014842,1,117.897578918079,64.3282006104425,64.3634028444253
"S1769",65.8781976345927,0,101.523927460424,59.8760625692197,52.1194581737669
"S1770",82.5789363775402,1,109.866489155732,65.2421182878593,59.3420388903035
"S1771",84.4373777881265,1,110.4359912675,60.4719922241112,60.8801624396216
"S1772",88.5764404945076,0,117.597113864897,73.7410287123215,54.9205487503893
"S1773",64.8891992587596,0,93.9139622551562,60.7115979144361,59.9306132987655
"S1774",89.3862100318074,1,125.234886473127,62.6999835460627,67.5478729079489
"S1775",92.3596089892089,1,149.411079090196,71.423315589303,69.1959044513214
"S1776",77.0494625344872,0,90.6881812647675,63.781643774699,52.023781787552
"S1777",70.0288518704474,0,93.151341516865,66.9110929022394,53.8854476941215
"S1778",90.4367870278656,1,112.635501089421,64.2164022116001,71.4169518045295
"S1779",84.9287561979145,1,105.785583381971,61.5972221162611,61.2817496119564
"S1780",88.8612349424511,1,140.834420792695,73.4104239110735,56.4215229331564
"S1781",98.2851398084313,1,151.144222034317,65.8765195663978,72.3876519513732
"S1782",61.9557959865779,0,92.7811900106533,61.1348353785345,42.1417679337764
"S1783",81.1483671888709,1,114.304171143948,60.7333888152708,61.0867160079545
"S1784",75.3339609503746,0,98.5713009087781,65.187741017135,52.6968861586202
"S1785",95.9658948052675,1,140.159404814121,78.4509304410175,60.5403124077556
"S1786",98.9122246205807,1,144.286785897604,70.4699872064086,77.7774732330827
"S1787",74.5078633259982,1,113.757054847917,56.8835480792236,53.1875111339126
"S1788",66.3611194305122,0,99.380453295304,59.8515022539124,56.5214048017317
"S1789",89.6059198211879,1,116.038937923377,73.2293524359197,64.8106998422759
"S1790",71.5828317403793,0,102.000896770405,53.159693424568,54.2305059762216
"S1791",74.1117004211992,0,100.721868344014,62.959580906651,54.2741199073436
"S1792",78.8062070310116,0,94.2653097491106,66.329438087381,58.9707668652476
"S1793",69.3923571240157,0,76.4468796169314,58.1499420910519,58.7214853826257
"S1794",83.7554584536701,0,110.957783022818,69.1312955490332,59.4550689932183
"S1795",80.5198872741312,1,111.605509194826,66.4183105292577,64.4470945732061
"S1796",91.5509216114879,1,124.798833973833,78.2925480729337,66.0536656230739
"S1797",95.2712566498667,1,142.81871139744,69.7798238521127,55.9871907991277
"S1798",74.329736372456,0,101.165680765351,59.46830638755,52.3976303925328
"S1799",69.3123628292233,0,85.7906267272119,57.1346072778431,61.0431163855771
"S1800",85.4941963218153,1,115.094379426229,76.3053836103551,69.381160994035
"S1801",98.3622700627893,1,163.256485832394,68.6279267512283,75.6605811776593
"S1802",78.3519249316305,1,104.352315907843,64.3513159568893,52.7802502818647
"S1803",70.1538363564759,0,100.583490609168,56.8517034560768,61.0439507659079
"S1804",82.0386088080704,0,112.321048618019,71.4957487463606,62.2006361581249
"S1805",99.4422259461135,1,144.047385272393,79.6633156626838,76.4803668887084
"S1806",65.1773251499981,0,88.5599839047244,51.3187155264929,58.9479080896788
"S1807",90.9400151390582,1,118.303652412607,61.2586006076014,57.0879124497696
"S1808",87.0618316251785,1,130.278065536462,77.1886099844716,64.6408990965601
"S1809",98.2142990361899,1,147.35159936909,78.5243702006396,71.4676558442236
"S1810",87.38699413836,0,105.307302843229,72.7110855814286,62.0742123753273
"S1811",90.8582312148064,1,136.367469375099,70.2521697489825,71.9933808490742
"S1812",74.2376449797302,0,91.6138726037968,61.2525769588242,64.3628166057253
"S1813",95.9598757792264,1,145.220295505804,78.8115099318531,75.2050683791131
"S1814",81.1656523030251,1,112.633311477785,67.6545376280231,63.378720635459
"S1815",63.2451989129186,0,87.8161947150525,63.0250895147656,40.4824252754389
"S1816",92.8996596392244,1,129.834537928974,68.9807239732033,69.9092428673492
"S1817",90.812163176015,1,126.196013416428,71.9410094127264,67.8137513382747
"S1818",61.5914531517774,0,91.714322087696,57.264236779145,45.9604908618031
"S1819",92.2971781808883,1,119.553312464765,74.0368468076087,66.9789589829478
"S1820",94.5512662176043,1,139.988916358916,68.3935467245127,76.2207426301329
"S1821",74.8744053766131,0,109.39078210303,61.7957454750634,56.3472917619571
"S1822",65.6759173050523,0,100.714784032894,51.5294245554033,51.2699320872125
"S1823",90.8731518127024,1,138.657630670183,68.2601212485608,62.9116781526263
"S1824",62.653009686619,0,89.5201868752186,63.2299225762794,50.3313978050521
"S1825",62.1340078674257,0,90.9919654678488,52.4263885835078,42.7813770010031
"S1826",65.5992723815143,0,85.0473743338154,58.2443793985249,61.898611706352
"S1827",85.3973428253084,1,122.066775130145,71.0663126427705,65.155415431156
"S1828",72.4343607667834,0,79.933690012702,47.9126378616491,57.6939980601863
"S1829",65.1725898124278,0,97.1258870473762,53.6692925209703,51.1213387016686
"S1830",86.8936262838542,1,110.034798766314,78.6169510220154,65.1019140714123
"S1831",63.2231131568551,0,85.8158932433375,54.3050814460332,57.5785100003721
"S1832",62.2653384972364,0,93.9911667188414,54.7957313919184,56.1339339021102
"S1833",82.9171923920512,0,105.222183570172,66.3550796428512,59.511302429694
"S1834",78.9995126053691,1,110.347890421461,72.8665593855148,54.8964712940066
"S1835",68.3353872876614,0,97.2209591706443,56.4798540528949,48.5974244882951
"S1836",74.9664393719286,0,93.8717442835546,57.8112639923473,54.106796067753
"S1837",66.2309090327471,0,100.218296891607,63.1714992812178,52.3248022566151
"S1838",93.7512676976621,1,130.135053958765,74.8770831663364,73.4277626029172
"S1839",85.3414923511446,1,119.538449958839,69.0510850941997,63.4502528386791
"S1840",87.4876231979579,1,118.121895462022,69.8652100656668,57.1368486464041
"S1841",78.0388479307294,0,95.643485870228,70.4941818137363,70.8784532219126
"S1842",67.6877483166754,0,95.3446945615251,57.9981349061759,57.0488261533873
"S1843",95.4128475673497,1,140.521846019632,70.4530318906183,64.0023451114259
"S1844",63.183460617438,0,90.4279115287045,58.8509491077349,66.9645002233342
"S1845",82.2203838918358,1,105.620653389117,70.1801287196675,59.9865075028999
"S1846",64.6802777983248,0,107.996195312247,50.7141519845041,54.0883847309341
"S1847",97.0795450266451,1,146.559269448178,68.0585978769123,66.8489985078765
"S1848",71.5776551328599,0,98.336858272849,65.1472743881086,46.4687041014624
"S1849",99.6761717740446,1,156.326678766347,73.9635172090338,71.8743674489163
"S1850",79.8576978500932,0,99.2990980729733,67.5852347835653,56.6591084658514
"S1851",91.0784349218011,1,128.385654660909,69.0704364927139,67.9577219970618
"S1852",64.1137873474509,0,88.0003415713993,63.5146047582743,44.3219304599758
"S1853",99.5664443820715,1,152.296024629849,78.5134520943293,70.3118584353388
"S1854",92.5798627827317,1,130.900449071207,76.5598687303865,62.8206134551019
"S1855",73.5585038922727,0,101.192815158608,60.8626442185434,48.6940828427023
"S1856",99.9604485090822,1,146.299745320584,82.0256636782298,62.5249835624555
"S1857",78.0279050022364,0,102.555846307107,65.9611205539788,55.6043155424551
"S1858",79.9948785174638,1,112.833136005066,65.7392943420638,53.4378908210978
"S1859",63.4498398005962,0,93.2938746182714,55.0550569837236,49.558679337007
"S1860",80.1938311941922,1,99.0070899101484,62.9378926871371,64.1585493230978
"S1861",80.0925283040851,1,94.3548125303298,67.5901180101305,61.8604279741846
"S1862",76.9123161863536,1,118.3408309613,70.4435959030057,60.1757434175247
"S1863",65.7793519087136,0,85.3018268753627,52.5458562436861,47.4697140334802
"S1864",79.3951463513076,0,110.092641976621,64.826380590262,63.972206436643
"S1865",78.8970137014985,0,108.823790789293,64.9289536541494,57.9693850968517
"S1866",77.3997539281845,0,94.0500148561862,65.1977561258446,64.2029535194095
"S1867",83.6976325325668,1,109.962617794057,59.8357506807066,56.6235351142589
"S1868",80.6077079568058,1,106.933294672321,62.1640988660935,62.2386290717172
"S1869",83.4994818083942,1,105.676045355193,64.1249541102978,64.4360727221453
"S1870",97.4145022965968,1,147.645832560759,75.2135461708182,71.2733416509755
"S1871",67.5274184904993,0,94.4846106708781,57.0356822488372,55.8152416299266
"S1872",69.0485187154263,0,92.2002866969878,52.6745530462596,56.552670299238
"S1873",66.4097396470606,0,84.4636707665824,59.1429290023698,52.844607353216
"S1874",78.1771966349334,0,94.5970567671423,65.1235706247565,54.1350195291172
"S1875",83.5920750536025,0,103.754928446644,66.4929685853775,56.9327342992137
"S1876",98.8485125824809,1,158.405596995395,69.7995451727289,71.3439926485991
"S1877",61.6420421563089,0,101.328616978373,58.5822319482168,62.113192909197
"S1878",78.0009263940156,0,99.4717376928169,57.9223965931403,63.3422679406161
"S1879",66.4427820593119,0,83.743023058551,60.842144831814,55.6682707390509
"S1880",96.6941517498344,0,143.632858367015,69.9155842138794,61.9406405347125
"S1881",60.3785989619792,0,89.3123625777303,59.005286641646,49.6132764240262
"S1882",73.9615632221103,0,99.5322349617589,49.1087613760493,53.2958236751849
"S1883",60.9235958755016,0,104.465839512745,54.5455158679191,51.2781526952495
"S1884",63.4532225411385,0,93.8742233751366,55.8823586856656,55.7763870696266
"S1885",98.6623434722424,1,152.192839660029,78.9220357448745,60.4754832790336
"S1886",93.682430004701,1,145.989712121176,73.453510600361,70.1834040734476
"S1887",88.6759282555431,1,117.368673009181,66.4669248469256,71.1955729394059
"S1888",95.3397273924202,1,140.555360682555,79.1982695519645,76.6793609350186
"S1889",62.0732404757291,0,94.3549844649387,52.8325422441506,49.6798654187122
"S1890",89.990053223446,0,117.932722093147,63.2121946856034,68.2389154018331
"S1891",74.3802589923143,0,99.9698861699791,57.6429146568035,51.096286289718
"S1892",87.1401309221983,0,109.509431493961,77.2853339852513,51.5226531116496
"S1893",98.2739892788231,1,161.693164151554,69.7427002625459,70.8173525470202
"S1894",63.9955650828779,0,96.7248653533774,51.9524953265592,60.4845041493447
"S1895",73.4731175471097,0,101.941767348152,64.8344745800913,59.7324747777094
"S1896",65.3520444594324,0,85.5768633103972,60.2522786837053,58.3164778260649
"S1897",68.5688903555274,0,86.1868084414003,64.3312582319192,45.4390004076584
"S1898",95.7144198566675,1,134.575505108073,74.4066482976379,68.1955052417747
"S1899",77.1386939007789,0,107.431983216765,62.8962515334699,55.711401732149
"S1900",95.1265994645655,1,146.735082389111,81.5500494498744,70.4266492641211
"S1901",77.7690512221307,0,93.2077037814184,63.0043347571956,50.2110552699058
"S1902",82.6444898545742,1,106.065681956669,63.5174775997466,65.2020858084816
"S1903",80.0519663654268,1,100.802199370006,66.3823809842221,60.8855187213118
"S1904",86.9907824601978,1,127.39276366354,71.738888894714,62.4006943843889
"S1905",78.5512787569314,0,91.2733945028269,55.4131215413891,58.0852159657801
"S1906",79.0080039203167,0,88.5196419345919,56.0946512432646,51.8123553542006
"S1907",79.0946877282113,1,113.984496231338,68.3817576580867,61.0354432315638
"S1908",73.9024639409035,0,91.040388642023,75.8604324186093,52.8917618850427
"S1909",60.9061645064503,0,89.2804859490656,52.3374118521907,47.2128427490192
"S1910",70.4190680012107,0,89.3844822670734,59.6823639473954,59.9749238019252
"S1911",63.1064347084612,0,85.3178970190991,57.9297526672523,45.3013734875364
"S1912",86.5920438896865,0,106.013300780954,71.4630155411408,60.4644613532678
"S1913",79.2546535655856,1,104.972975595014,66.6719245931812,56.6764553780164
"S1914",75.1604033075273,0,80.8273958993602,58.7942852997675,59.34311368795
"S1915",72.913366900757,1,104.133607693392,62.7262291605016,53.0414329978091
"S1916",95.368032855913,1,147.480654919986,73.4255347626148,71.3765901398525
"S1917",74.965548813343,0,84.4557115476697,58.8602968491893,64.8092411528413
"S1918",68.2885397411883,0,105.374474955661,62.3621143573481,48.8547650408265
"S1919",86.9729636982083,1,120.53182683317,66.4167474514283,63.1398485983887
"S1920",96.7899480834603,1,143.45306631398,76.7856439364303,75.5519801778815
"S1921",85.7584589254111,1,114.630349738548,62.1001310055257,62.7408344536568
"S1922",99.1510427556932,1,158.767048315599,61.4152685729989,65.1586443661044
"S1923",83.9141108933836,1,105.930410021334,63.3562053899694,55.2190471461749
"S1924",63.5916823334992,0,99.7082487278926,62.1817207169813,50.3860361029301
"S1925",88.1021313834935,1,118.030256403568,75.6005596621657,62.3954267885811
"S1926",80.7162931747735,1,119.084194242684,60.33107115473,58.4394250090756
"S1927",94.6185823064297,1,139.386943469123,72.7863475110093,60.8825082794815
"S1928",71.0821261443198,0,86.8070884038126,55.2209989913987,61.2543160550111
"S1929",70.586861576885,0,87.1994705685585,58.540886687941,55.6019057223325
"S1930",94.9253682140261,1,131.060767268228,73.4568479521658,65.8194202886693
"S1931",89.7148036304861,1,131.019316243698,67.5321206670583,62.2349333558693
"S1932",98.6097042355686,1,154.665909757893,77.9416966676025,70.6623714328606
"S1933",84.1771369893104,0,124.168771860603,61.2258237330208,60.6772888168241
"S1934",76.9420112296939,1,101.113862077652,62.0539609556029,54.4105927528463
"S1935",80.417789593339,1,103.090070900338,58.3473531655161,50.794356400554
"S1936",94.8311198223382,1,143.986460704284,75.7526602284224,70.4184719335756
"S1937",85.6780200079083,1,113.183846862265,71.0213352598197,70.8381381080671
"S1938",78.3624470233917,1,87.2466925023896,67.4044598618985,55.3625859941635
"S1939",87.8633515629917,1,127.091099958876,67.8072931552422,60.2846610665988
"S1940",72.8387171123177,0,91.0452394019318,60.127846048854,58.6076570460439
"S1941",74.3030334450305,0,93.2805321006656,57.4770404184573,60.0160952240763
"S1942",63.7279236782342,0,88.131675245856,59.4465187752214,51.1195714373178
"S1943",77.6746252644807,1,107.464042675588,64.7138476410743,63.9850106634743
"S1944",72.8088984172791,1,104.318902539167,61.8172115036352,52.1635989803502
"S1945",69.870395231992,0,97.7969345023286,57.6702031778253,60.0962048149868
"S1946",79.7340887412429,0,103.188716815631,61.8562456214396,62.5493301966621
"S1947",86.5543664898723,1,132.46670179064,70.8402122734215,66.1306502703523
"S1948",73.5728861298412,0,88.5834860557178,49.3285047265224,53.9839002303647
"S1949",85.5632076505572,1,113.083737699259,73.3008306417954,61.2669337909887
"S1950",80.9637798089534,1,109.938540647775,70.6929960684938,58.5042881228662
"S1951",83.1894812826067,1,112.215273073508,62.4964842179894,56.5646676374033
"S1952",75.0997255556285,0,93.5774300355971,58.4293683050921,63.4069784467967
"S1953",98.6920698359609,1,145.970671304927,80.7499650738655,73.3052430164927
"S1954",87.2781377192587,0,120.740916627201,62.4254736198708,63.9010693704392
"S1955",77.3189819138497,0,81.9756598244402,69.5647477926241,59.0289997924461
"S1956",97.2394575085491,1,144.072650226058,67.1300655724582,65.1514970710491
"S1957",94.8646642174572,1,126.285260182052,65.0556631939804,71.9459261404883
"S1958",87.6482035219669,1,122.326764030658,70.5009497601441,64.3396929179448
"S1959",64.8718064278364,0,92.6428420578672,55.4330868041929,44.3583626115702
"S1960",61.1380338855088,0,90.3937208476196,60.6057437026598,48.9882819183095
"S1961",69.1765462514013,0,97.3970179112899,53.1337664975374,56.3602445486956
"S1962",78.6998065747321,0,108.5498524545,55.3432886491958,54.0130076131237
"S1963",95.5433328542858,0,135.21184670132,77.3969982829235,71.6817945139928
"S1964",95.1967416983098,1,143.931131433292,73.9642906869441,65.6757515108297
"S1965",82.0346292480826,1,108.456788769972,69.3414890167578,61.736840933552
"S1966",93.4150968585163,1,136.281902933501,65.7129197146147,70.8297899133853
"S1967",78.7220414076,0,87.1523560419463,72.3730676598015,53.3558341743009
"S1968",71.9449549354613,0,95.3508819158211,56.73678831198,55.4326138141874
"S1969",96.8593045696616,1,149.269462139264,62.9674724151406,63.2033923110648
"S1970",80.3802565392107,1,95.1127868390764,64.7711427526678,65.2854230938215
"S1971",76.5788622479886,0,90.5654177440672,65.6776525472537,64.8052700294691
"S1972",90.8912824746221,1,122.963051734122,74.0224359995138,53.398670547334
"S1973",78.0004329420626,0,99.8118115981857,61.5578748483049,58.9809725904984
"S1974",85.2540963888168,0,111.173830601684,59.2588486921324,59.4901204654906
"S1975",93.074588496238,1,133.541429202532,78.1010967783906,65.8692731729658
"S1976",99.0808260533959,1,157.689884228177,77.1864982003422,67.487128704412
"S1977",78.8831895496696,1,115.397625507873,65.4296589091267,63.4804988204773
"S1978",68.4752773586661,0,101.711311093157,66.7647815120094,57.3208693697617
"S1979",76.5814785845578,0,85.8132522743075,60.6199459298739,64.9974701703554
"S1980",80.4112152941525,0,112.490670468123,52.2977884914991,53.3629876277259
"S1981",96.9666553288698,0,128.250917485234,79.0598656439635,69.2611507149933
"S1982",88.0035486258566,1,112.977720722065,64.2599075894128,68.1970719911728
"S1983",90.4440682940185,0,118.228913295829,70.5111424795977,57.8950703125367
"S1984",67.1355437114835,1,103.533880227825,58.9729111289737,57.596588522619
"S1985",98.8350009825081,1,129.851328683343,70.3451040376137,74.7243702188971
"S1986",74.0031416807324,0,97.3424405736451,58.9301661710464,52.477189861741
"S1987",93.8943900913,1,132.993405785891,71.0872131873285,66.9735516625411
"S1988",64.0143250022084,0,99.0761966068858,55.6353823473595,58.2257311362258
"S1989",87.3143848963082,1,115.529014888648,59.4601178535765,62.862028897389
"S1990",87.457859236747,1,118.581984774099,69.1878860522503,57.8988665091868
"S1991",77.8564972802997,0,100.044560665664,53.4180601241501,61.7206675908347
"S1992",92.2342252917588,1,115.467547862209,74.841682262588,65.9063928346441
"S1993",76.7390411254019,0,95.5569419791825,57.3046393172311,56.9345227893576
"S1994",67.4058615323156,0,99.2241893551604,63.9509920653825,51.869346241475
"S1995",66.3193139992654,0,82.6914399609407,60.7730935220623,47.8649947994382
"S1996",86.4305741805583,1,115.762903695623,68.7382381313909,66.7151422923672
"S1997",86.552046732977,1,128.802031889247,74.5142082764124,64.717935038624
"S1998",84.4841656088829,1,106.690681327899,68.6779890916957,56.6793687094014
"S1999",69.5788754336536,0,102.687655961564,62.133970749783,46.8992611627829
"S2000",88.5661456454545,1,135.234688531478,66.8767265639939,66.5452160017937
