"election_id","donor_id","margin","contracts_after","contracts_before"
"E0001","F0001",2.24025707691908,62.4702138754409,73.7257093933021
"E0002","F0002",-0.766215180046856,69.6513394435527,73.4072561233279
"E0003","F0003",6.85448511969298,82.4560250060399,39.7744979285863
"E0004","F0004",6.63889999967068,81.0636836766759,89.462179061435
"E0005","F0005",7.97319941455498,90.9895737588428,69.8530060091642
"E0006","F0006",1.95808040443808,78.7549076559912,57.9478275719866
"E0007","F0007",1.23006061417982,74.3984665638309,74.1841052842441
"E0008","F0008",8.95818662596866,70.6079980079164,72.3960326742214
"E0009","F0009",-8.91725447494537,64.5350341215329,60.2026162753495
"E0010","F0010",3.07383062783629,69.0501927711907,73.1042905570678
"E0011","F0011",7.7142647956498,64.9677794916547,58.1733068682262
"E0012","F0012",12.1182494284585,109.418300588916,86.1090938907472
"E0013","F0013",-3.60935731558129,55.775569886386,53.5915292621005
"E0014","F0014",4.45409453473985,59.8227698871717,44.5996718437006
"E0015","F0015",4.62460293900222,57.2928161138264,59.2589713588405
"E0016","F0016",13.5534082283266,125.779468145201,81.2448030830622
"E0017","F0017",0.695164287462831,59.9470741629856,52.06876839667
"E0018","F0018",-1.31435769377276,57.7275298597862,67.7879133624018
"E0019","F0019",12.0608726190403,110.39910563001,64.5438709180216
"E0020","F0020",14.8448826977983,95.5541912740157,72.2190093044608
"E0021","F0021",-6.44925267901272,65.35156624605,38.6266357082099
"E0022","F0022",-0.753422810230404,61.1870335763214,53.4941026442194
"E0023","F0023",8.61564368242398,69.3301647544687,78.3070691376283
"E0024","F0024",14.3700519693084,112.08604794063,94.1145487967995
"E0025","F0025",-2.38276005489752,48.1529438109574,48.3291202202741
"E0026","F0026",9.68978022923693,95.9421568422584,63.1921934271384
"E0027","F0027",0.0444583198986948,90.5768179048251,66.4123103860135
"E0028","F0028",10.0108884880319,80.3894269752024,59.3653047667009
"E0029","F0029",-10.3844173019752,60.651370272372,57.5907555440626
"E0030","F0030",-12.8737651999108,60.1565463583573,30.7795752570789
"E0031","F0031",6.97793717728928,90.8311356381283,60.8931316628564
"E0032","F0032",-11.0630224971101,47.1591698390483,49.2005525229719
"E0033","F0033",12.9208376188762,109.857347171537,56.3511410288196
"E0034","F0034",9.87178193405271,83.3756640318955,65.8154427797266
"E0035","F0035",7.86237835418433,83.831557822168,61.4893191298585
"E0036","F0036",1.12548650242388,65.8489166988675,48.9587543872735
"E0037","F0037",1.17202116642147,73.1215781258201,63.4668526420024
"E0038","F0038",-13.3084609801881,79.9491119834213,80.2516325353177
"E0039","F0039",13.310045117978,83.8734331744838,75.7985035714021
"E0040","F0040",0.0339260185137391,81.6802502161779,84.7495641136277
"E0041","F0041",-3.90648188302293,52.3379605900419,70.5776147110551
"E0042","F0042",-6.65570095879957,60.2494913471915,40.3052025994522
"E0043","F0043",12.6284630130976,91.7739578568743,75.7743376365889
"E0044","F0044",-10.0175769045018,41.8608643159362,51.472070171883
"E0045","F0045",10.9548571449704,87.0383314602403,94.5391570686409
"E0046","F0046",9.63468202622607,80.9182497262507,80.4661485659472
"E0047","F0047",-11.313452522736,53.3980049658183,55.2119705957968
"E0048","F0048",-14.9514889670536,51.6595950586943,58.7359661595559
"E0049","F0049",-3.35318917874247,76.8266845029026,75.2613519023116
"E0050","F0050",-2.50497141620144,52.9542493760827,44.2079443500472
"E0051","F0051",10.238177748397,92.5667258404203,45.5023816205259
"E0052","F0052",-8.02296617534012,66.8206274285914,49.7351252958695
"E0053","F0053",-5.31476465519518,60.6615811036922,56.3538051320489
"E0054","F0054",-12.5170079316013,45.2692686900002,76.5068437219796
"E0055","F0055",-11.0806926875375,47.0412480000802,40.7795397516077
"E0056","F0056",0.562659620773047,95.9614718320448,58.5093875221216
"E0057","F0057",10.2197632798925,80.7472823634682,77.1952616039765
"E0058","F0058",-14.0538918343373,51.0203402808741,77.1885712393926
"E0059","F0059",1.74808750860393,75.8722170622848,33.6931014454714
"E0060","F0060",7.3921665083617,76.6964840877044,45.885970330577
"E0061","F0061",12.3925632890314,101.855971890742,67.1176687044898
"E0062","F0062",5.83349259803072,81.2546402114673,62.564081778252
"E0063","F0063",-2.46434604283422,78.8319840094906,56.5541843998081
"E0064","F0064",-3.70724908774719,46.5278845862771,76.1715252121766
"E0065","F0065",-11.4730194839649,35.800528196969,61.7534414605427
"E0066","F0066",-12.5868393620476,45.4401542092418,62.0620182013434
"E0067","F0067",2.94941623695195,67.4976817776725,47.8704406210297
"E0068","F0068",-6.06019864557311,35.3991098453108,72.8785730591029
"E0069","F0069",-5.37600410403684,59.2470656409891,54.1742139917918
"E0070","F0070",-10.8631565468386,63.253716885461,68.7995059681201
"E0071","F0071",12.9443667666055,94.9792005362359,72.1629727144109
"E0072","F0072",-13.6161229759455,55.720490818531,30.9712546273467
"E0073","F0073",3.61562111182138,79.9138037431465,76.8945120761935
"E0074","F0074",0.266199787147343,76.718392753822,67.8152527314639
"E0075","F0075",3.04453276097775,89.807067744711,80.6698371465379
"E0076","F0076",-8.19224156672135,73.9903064893865,44.5344162209743
"E0077","F0077",-6.54884373536333,57.8146820218054,67.2961075059594
"E0078","F0078",3.92978784861043,83.2450623102756,66.886090131447
"E0079","F0079",7.21112093422562,96.211331568611,75.2496856885551
"E0080","F0080",12.7964752796106,100.428362409674,84.9175394284369
"E0081","F0081",-13.7006269488484,56.6928028025644,38.2878423208877
"E0082","F0082",0.784242593217641,87.3483699377731,57.2434201812659
"E0083","F0083",-8.63940852927044,53.7898314265759,67.7125665570493
"E0084","F0084",11.6112168249674,94.8928244649334,92.7740621613092
"E0085","F0085",-10.7569109229371,54.6556898838816,29.112727917056
"E0086","F0086",0.782970772124827,77.2894065664286,56.3233743009769
"E0087","F0087",1.15157669177279,67.3681281623068,67.4808771123814
"E0088","F0088",9.42196969874203,94.0037274267687,53.0384489934914
"E0089","F0089",11.1671089986339,95.481595095844,80.2680043431699
"E0090","F0090",-12.853498114273,44.4629952879877,33.7109455636736
"E0091","F0091",-2.38497512647882,78.8978518777064,66.4966313895686
"E0092","F0092",-2.63039934681728,56.013817632846,63.3893684731229
"E0093","F0093",3.18687709746882,61.9481019365405,74.0315956823421
"E0094","F0094",4.04594559688121,70.9400115204239,56.0528083828081
"E0095","F0095",4.70467442180961,53.3659936842323,57.6143836887644
"E0096","F0096",-14.1771081509069,51.6330422254129,62.094397856967
"E0097","F0097",-13.4765326604247,42.5545539637642,64.1035804758199
"E0098","F0098",-8.0214332928881,55.1078624280909,49.8046449006275
"E0099","F0099",-3.05708834901452,72.3126548272918,54.5470572273832
"E0100","F0100",-1.41135925194249,71.6914877281112,51.050422134056
"E0101","F0101",-13.7514707562514,60.1845243889178,53.8800439895238
"E0102","F0102",-3.01169294631109,66.2948049185142,54.8261299657914
"E0103","F0103",7.9480580217205,85.1711771781304,78.6639120126486
"E0104","F0104",-13.9815795212053,50.6218574848271,54.3298655353987
"E0105","F0105",-10.3957358468324,70.9294408524229,50.2316540622069
"E0106","F0106",9.79869034839794,100.859833627109,70.2674397323777
"E0107","F0107",-11.6345767001621,54.8633620017243,50.3211939205908
"E0108","F0108",4.80085770366713,77.1699120072211,78.0584331234781
"E0109","F0109",3.01831872900948,70.8911313794726,80.2550067268446
"E0110","F0110",8.4144927165471,100.693912153574,87.619437809035
"E0111","F0111",-3.04078383604065,57.8015328890049,33.9875579050533
"E0112","F0112",-6.33083080407232,45.1317473565399,48.7399508055131
"E0113","F0113",-14.4201942114159,56.0579860979087,72.835577873762
"E0114","F0114",11.0731933638453,89.4740562819384,72.9615413184402
"E0115","F0115",-1.59571203868836,61.5746334064314,50.8018329478
"E0116","F0116",0.780491894111037,79.1699778717104,65.331041650794
"E0117","F0117",14.1129180765711,95.3602416951256,78.7645193394976
"E0118","F0118",4.51070545474067,70.1990534788004,60.8827969711717
"E0119","F0119",4.84516771277413,72.2217071896199,40.2046559546355
"E0120","F0120",0.506101842038333,72.6452426491554,44.104683352929
"E0121","F0121",2.1122586959973,60.3642759973374,61.260411836795
"E0122","F0122",11.0577134974301,105.204620532614,70.9284925248805
"E0123","F0123",-13.102381916251,74.5520872439356,59.6023678610928
"E0124","F0124",-10.1545190135948,59.3974937188415,54.0339203796735
"E0125","F0125",-0.609202813357115,54.7259019274077,76.410696307069
"E0126","F0126",-8.5515670850873,48.8736896826628,69.9823928712433
"E0127","F0127",8.97210143739358,91.0903379370994,74.4322995553496
"E0128","F0128",12.8522390197031,103.701257261394,80.739929407655
"E0129","F0129",-9.80705314083025,62.5530352085232,41.8416913322434
"E0130","F0130",-14.2452875711024,56.339761575797,58.6378219372736
"E0131","F0131",-7.52765897428617,91.7484996641062,46.1149082596713
"E0132","F0132",2.24983875872567,56.0084758169873,53.2399483126013
"E0133","F0133",8.00059482688084,93.2863882807179,66.6128420795123
"E0134","F0134",-11.2174311792478,52.8401795695344,52.2227623287198
"E0135","F0135",0.951589811593294,88.5871212847985,64.436300978391
"E0136","F0136",-7.37635964294896,44.6347573929367,65.1495186449979
"E0137","F0137",4.99021179042757,75.7397559640162,84.6850545296177
"E0138","F0138",6.56677508493885,79.7330275399224,74.3974595703906
"E0139","F0139",-8.22324017761275,72.4137258184566,69.0031232471234
"E0140","F0140",4.26809570984915,79.349156543892,62.8112415994459
"E0141","F0141",-14.9309647874907,45.4047214077476,57.4509360554827
"E0142","F0142",-12.7010512305424,53.9888872881927,40.3683843790075
"E0143","F0143",7.26643761852756,99.1377833241112,74.9917171220337
"E0144","F0144",10.1493487693369,79.6353199431909,56.6440636251496
"E0145","F0145",-7.62304597534239,34.7539206115847,75.2497571169855
"E0146","F0146",-14.3401749548502,73.6669316072663,43.1258067033455
"E0147","F0147",-6.21772485086694,64.3927536454624,57.1648308240389
"E0148","F0148",8.77633075928316,99.7322873817008,82.182736600553
"E0149","F0149",-7.23066241946071,61.6591974888255,52.9602962627012
"E0150","F0150",-11.2807149323635,61.7080537357029,40.9923590007339
"E0151","F0151",7.88102471502498,89.5580822787801,57.7831437686093
"E0152","F0152",-3.73445988167077,46.9907562229582,53.8484810869044
"E0153","F0153",12.9058395302854,101.941983339758,75.7781051771983
"E0154","F0154",0.587976509705186,75.2211489656479,56.9740977018076
"E0155","F0155",-1.81755407480523,32.0960747555074,38.8468771212061
"E0156","F0156",8.42886467697099,101.294392592659,59.2710027617728
"E0157","F0157",2.22340808948502,76.2976937898828,56.0703784181335
"E0158","F0158",12.937717102468,115.969647218886,83.3803787201814
"E0159","F0159",-1.82726494967937,51.7051506877641,64.091741322509
"E0160","F0160",-0.920002770144492,82.5325414445805,45.8677653643284
"E0161","F0161",12.9460320272483,101.179395242875,61.8266594016399
"E0162","F0162",-2.8813516558148,52.8416364728868,48.6292505924411
"E0163","F0163",9.85332626150921,109.552729855141,79.8603465189319
"E0164","F0164",9.80676899431273,78.2593851059242,72.7615247924121
"E0165","F0165",-12.6586247538216,52.8442777310376,41.703238343583
"E0166","F0166",-0.746800994966179,52.4670298653559,62.1776399384369
"E0167","F0167",-11.3392662419938,49.0137726098402,58.9462597015002
"E0168","F0168",-3.25552702182904,35.3900494960541,55.7175368140771
"E0169","F0169",-5.35804431885481,57.7652840778083,38.1568116503427
"E0170","F0170",-4.4412715639919,78.6733362389005,80.5699543518912
"E0171","F0171",-1.58549146028236,61.5029840677504,61.5613139853417
"E0172","F0172",4.07547935843468,83.9216794578586,57.5162946096353
"E0173","F0173",-13.5565689741634,48.4609309533377,59.4524695125226
"E0174","F0174",-10.7687341212295,54.8631788769896,46.2814197949101
"E0175","F0175",2.03646303154528,54.278487267451,51.2845896227063
"E0176","F0176",3.9484734646976,73.253123018635,67.2159188897869
"E0177","F0177",-4.67698560794815,56.4462888402512,68.6786197364455
"E0178","F0178",-1.80129270767793,75.3990223397542,60.2479549358108
"E0179","F0179",10.1493203127757,90.168284652018,86.781009631877
"E0180","F0180",1.73552450956777,79.2442103445957,48.2175643093594
"E0181","F0181",2.06130584701896,61.5025303752686,59.7687455155879
"E0182","F0182",8.86311430949718,79.4894255140057,60.5954478161814
"E0183","F0183",-0.0182288372889161,51.0697292602274,46.292844658392
"E0184","F0184",-13.3263325109147,34.3303722616241,68.3799113594147
"E0185","F0185",-6.55297034187242,47.8825719599021,62.7008711812111
"E0186","F0186",11.0064812516794,104.641983174726,77.9415163588287
"E0187","F0187",-12.6317564025521,45.0613152592252,58.2911966339338
"E0188","F0188",-0.707423707935959,62.186366861328,65.7585534571077
"E0189","F0189",-3.44032387482002,58.7579776424632,44.3957059891908
"E0190","F0190",7.01547651551664,74.312886628509,85.4527523675578
"E0191","F0191",-2.30731761781499,55.86212138801,45.7779262319704
"E0192","F0192",-0.465923838783056,84.8209264608952,66.9926708104265
"E0193","F0193",-8.42087306315079,68.1202284078991,66.0552391599773
"E0194","F0194",10.9519158792682,99.7068707108159,73.5533221096491
"E0195","F0195",-12.4359671794809,73.4313991450844,61.0956612365794
"E0196","F0196",-9.71213553333655,84.7516564898104,48.5578662159649
"E0197","F0197",6.72868463443592,88.660768196476,50.8958637957047
"E0198","F0198",-2.7608983987011,53.2488154424963,83.5130286811351
"E0199","F0199",6.25224504852667,81.649044189359,71.6259872126692
"E0200","F0200",9.25773915136233,95.8741375107551,68.5026902198705
"E0201","F0201",12.1571931685321,126.145657407273,77.6851222266036
"E0202","F0202",14.3170192977414,96.0062046144202,80.1305328774487
"E0203","F0203",-5.14298537978902,51.654031704294,56.4922659495445
"E0204","F0204",9.73004071740434,96.6363936192786,84.4803293172258
"E0205","F0205",9.91824778262526,78.393254978826,66.6914608518736
"E0206","F0206",-12.8531651082449,62.9863207667369,51.5369300633759
"E0207","F0207",6.41002219403163,91.5142047547115,52.244228970267
"E0208","F0208",-13.5508478223346,59.8908421767328,50.5584117830829
"E0209","F0209",14.2870803549886,98.1777240889322,78.9639869759057
"E0210","F0210",6.10216348199174,79.5255370869868,55.3769729197844
"E0211","F0211",-0.169319089036435,62.8533988824529,66.6313021101758
"E0212","F0212",-6.04457061504945,60.3151193401637,55.4940601742773
"E0213","F0213",10.4970374261029,93.7784919481301,82.5436798658928
"E0214","F0214",13.5417820536532,123.230188866248,76.5714143667889
"E0215","F0215",-7.55655135959387,50.8654790884406,57.8131975262947
"E0216","F0216",3.38911066995934,88.2136222646803,64.5288149113171
"E0217","F0217",-6.47868982516229,71.2362518658648,37.6861320240523
"E0218","F0218",2.08953642519191,90.7999017576075,83.8091791229508
"E0219","F0219",-14.4872808409855,51.0203884039151,57.8647968650086
"E0220","F0220",-9.28548453608528,50.4730804619903,65.7059796311713
"E0221","F0221",-6.18862124858424,46.4506011334657,58.4092811616384
"E0222","F0222",-13.8359311711974,49.8340611156978,51.7358325750453
"E0223","F0223",-13.0239577917382,53.6796738853171,51.8646222762862
"E0224","F0224",-14.9924919730984,29.3696870372348,52.3160435544137
"E0225","F0225",7.63347059721127,86.6121606969751,50.6078158145767
"E0226","F0226",-14.6092097251676,55.0603868534186,49.287674694872
"E0227","F0227",9.6584856393747,72.9395340500347,83.2821091151516
"E0228","F0228",-12.9131698259152,46.7892392002946,33.639268034552
"E0229","F0229",2.33857582323253,93.8877158950091,64.1425318659091
"E0230","F0230",-11.470104327891,58.5906108956211,63.8344831436625
"E0231","F0231",-6.06330043170601,56.5505715346152,52.689703186587
"E0232","F0232",-0.309076455887407,80.4717268556196,49.7270424104354
"E0233","F0233",-4.69940715003759,55.1927039372233,57.0757411928842
"E0234","F0234",1.92644677357748,76.987489323065,45.1043936442584
"E0235","F0235",-10.1956502418034,53.477878177957,59.9151191983755
"E0236","F0236",13.8751138444059,106.629770329488,73.3914644404773
"E0237","F0237",-9.90592121612281,49.8095110636649,58.930364887529
"E0238","F0238",13.9385065343231,103.616113689146,59.7316924980362
"E0239","F0239",-14.2898808605969,64.4742194097637,80.472209333191
"E0240","F0240",7.01245393836871,74.8655822215649,85.2528704033757
"E0241","F0241",8.8690119702369,95.7546651030416,71.9556892943287
"E0242","F0242",-13.4000773821026,64.349763431914,48.8839775845085
"E0243","F0243",-8.15329422242939,65.7018437112103,51.6558277984552
"E0244","F0244",14.686702627223,114.644649882762,93.3402176248567
"E0245","F0245",-4.44398657418787,53.5417520829395,35.4461117805779
"E0246","F0246",-1.97634018491954,53.2773470664048,63.0779619426377
"E0247","F0247",-8.6083747423254,73.7755961122038,74.1461060292973
"E0248","F0248",13.3448376297019,107.405238788483,78.8393798645022
"E0249","F0249",-1.02108678314835,57.4687516542563,46.9487138161052
"E0250","F0250",-0.780097742099315,58.7755802118448,75.5768934334324
"E0251","F0251",-2.3781533818692,83.976085038144,73.7579551777529
"E0252","F0252",14.4827553676441,118.996336506675,65.9347249593064
"E0253","F0253",3.30818365328014,73.697680026387,52.4888748681936
"E0254","F0254",-6.45751819945872,67.7137758454834,76.1574570037202
"E0255","F0255",10.2205914468504,93.5655938779835,69.2249065221619
"E0256","F0256",0.451706692110747,70.5465251814963,57.3713614917925
"E0257","F0257",-12.5427809916437,53.0342389985909,68.3822871526418
"E0258","F0258",-3.53815209120512,47.5640442424389,68.6061764876133
"E0259","F0259",-3.85529092513025,53.5466693617914,65.6737031698607
"E0260","F0260",13.8181384792551,123.262562089747,99.9059878476314
"E0261","F0261",8.14124875003472,87.1401702484619,84.0146094555822
"E0262","F0262",-2.9327314789407,49.832631895848,78.3419633654511
"E0263","F0263",-8.66224245401099,53.6054182407184,73.2469110807868
"E0264","F0264",6.41578868497163,96.3394442009352,48.5151960816488
"E0265","F0265",9.84297310933471,108.463038017662,63.0402059421758
"E0266","F0266",6.31387816043571,82.254998549259,80.9202713127695
"E0267","F0267",-3.82331714266911,41.9098835653808,51.7621963079459
"E0268","F0268",5.23629768518731,84.908247855805,63.007295513761
"E0269","F0269",-14.2667005537078,62.7162817976904,56.7882905053335
"E0270","F0270",-13.007568565663,52.3745866743592,68.3590837592911
"E0271","F0271",11.4607478678226,96.7063927940407,72.7306193595351
"E0272","F0272",11.9180817017332,117.802594905878,78.4569038127031
"E0273","F0273",12.0940091181546,91.9337983308672,65.0532570109103
"E0274","F0274",6.06744049815461,83.4304856009097,69.0055866075142
"E0275","F0275",-12.4937691120431,50.0926087193832,69.6397900326137
"E0276","F0276",-4.48219341225922,63.5321032875765,67.2348163410207
"E0277","F0277",-7.81533982604742,51.6374078198003,61.66470408297
"E0278","F0278",-11.5836753230542,57.4989193227113,38.4488654359972
"E0279","F0279",14.4869840866886,105.507211785427,70.6754404992205
"E0280","F0280",8.11480727512389,96.329163430971,68.4574015798759
"E0281","F0281",-12.4656024179421,29.5468188938879,46.7499355803989
"E0282","F0282",7.3296087118797,98.7010563436534,67.7041183172055
"E0283","F0283",12.9992490727454,114.487870190242,71.4958407392479
"E0284","F0284",8.30111058661714,84.1064265008585,88.5335114667178
"E0285","F0285",-11.3056108471937,76.3187764072199,49.9795069121541
"E0286","F0286",6.67642516549677,84.9339343094678,65.6684064694015
"E0287","F0287",-13.4388583246619,59.2607850377955,57.9653766528432
"E0288","F0288",-7.281255251728,54.7571709421525,64.9480677096485
"E0289","F0289",11.6280274791643,95.4737038266741,68.8536042796273
"E0290","F0290",5.85292777977884,65.4967552011668,91.2474595178324
"E0291","F0291",5.43272312264889,93.2656263560056,43.291564912761
"E0292","F0292",-11.3952550292015,17.2377917605038,59.554872923411
"E0293","F0293",12.0028171478771,115.715630912152,71.2143737300303
"E0294","F0294",-10.3094042418525,90.1033969134212,50.8168557400401
"E0295","F0295",-4.17488830396906,37.6255394849026,57.494281131865
"E0296","F0296",14.5828131353483,102.043695033772,95.653481527417
"E0297","F0297",-0.0790363526903093,56.0461031555434,44.0018689288704
"E0298","F0298",14.4335294491611,96.2771354797291,83.4268923586906
"E0299","F0299",5.39169508265331,81.8973192741496,59.0890354533659
"E0300","F0300",-14.4632516428828,66.869838152907,49.0878881170576
"E0301","F0301",7.27978257229552,75.5144131121007,64.4219335465037
"E0302","F0302",14.7964872792363,118.247019933411,108.633131548455
"E0303","F0303",-12.8964395821095,61.6374696963475,55.9238122854228
"E0304","F0304",8.52573452750221,89.3705487058053,62.4864700546706
"E0305","F0305",11.109623441007,97.415742895934,62.1944234875316
"E0306","F0306",-13.9458538591862,46.0638441697749,74.6206413113645
"E0307","F0307",-14.5030811894685,55.2078441264161,46.5842934518231
"E0308","F0308",-10.739916251041,50.2938958160119,44.5736644321405
"E0309","F0309",-10.446444991976,69.2183588506434,49.9214444873132
"E0310","F0310",-13.4699153644033,47.4463545703265,55.6390374558533
"E0311","F0311",-5.0665250653401,34.2441746420971,53.2226658435061
"E0312","F0312",12.7745327213779,124.377668269211,82.8627652516586
"E0313","F0313",14.2202810849994,98.3642862775893,77.0527590995042
"E0314","F0314",-6.56119431601837,52.4189931497826,59.1518997664751
"E0315","F0315",4.27570872008801,81.0759998055946,88.0420194179246
"E0316","F0316",12.1568883326836,97.6268788884287,71.7903482296039
"E0317","F0317",9.44260695716366,88.6049645172281,56.9562964085255
"E0318","F0318",-2.70126882009208,81.1582837187189,40.8949628535015
"E0319","F0319",11.7384989093989,104.111975322374,87.1108773049157
"E0320","F0320",-9.9634579452686,59.8255415840735,62.6850075401883
"E0321","F0321",-7.18816951615736,61.0777073481204,54.2944126718323
"E0322","F0322",7.09078493295237,81.4762129409002,71.1709402519612
"E0323","F0323",-11.398819538299,46.2496684502246,57.8913825122926
"E0324","F0324",7.59456296917051,74.8302312506453,69.0193356452926
"E0325","F0325",-7.90070397779346,55.9588351263628,65.8289004367496
"E0326","F0326",8.90387043356895,100.477686793496,61.1792889833153
"E0327","F0327",-11.3937385892496,65.8630111153013,71.0929915321475
"E0328","F0328",-10.498052383773,56.9359035409569,75.4319067325979
"E0329","F0329",3.98983272258192,67.6265721222507,56.8767114641134
"E0330","F0330",-3.87134363176301,63.3239466862071,62.141473002485
"E0331","F0331",10.5701837525703,90.9663034187088,51.3245811140983
"E0332","F0332",-7.69536132691428,49.6963760854472,66.0013638249826
"E0333","F0333",-9.15917134378105,62.1623547444573,38.7164056485602
"E0334","F0334",-2.60656138183549,57.4464944786092,70.3784876667664
"E0335","F0335",4.64413605630398,59.5563336988199,86.0935921440841
"E0336","F0336",2.89702729554847,62.014743174735,64.8296080754222
"E0337","F0337",6.82079994818196,77.5522823741069,56.3669476285775
"E0338","F0338",8.97837311262265,98.9580864643335,89.2653093150157
"E0339","F0339",-0.267285229638219,59.0668409735991,73.7000334459023
"E0340","F0340",12.3886956763454,112.664729502819,78.9588598096749
"E0341","F0341",-8.07220119517297,37.7058842387677,51.805004813604
"E0342","F0342",-10.9191805869341,39.7918554257591,48.7303455276785
"E0343","F0343",-7.7013212791644,43.5721311302751,59.4053737892158
"E0344","F0344",-13.8659716118127,34.1838016291698,48.3549789687572
"E0345","F0345",1.667697255034,78.2270131782083,57.535705843178
"E0346","F0346",-1.46431494271383,61.1687719334295,69.8969450195405
"E0347","F0347",-1.52518324088305,48.9489132332024,80.8776895037952
"E0348","F0348",12.5014829006977,110.550801255499,75.4928509427092
"E0349","F0349",-0.901230680756271,60.9873870060534,65.1598286176559
"E0350","F0350",-11.9886276335455,38.7692203183116,56.4770047471816
"E0351","F0351",-3.9588762447238,28.3401636098556,45.3713009426918
"E0352","F0352",0.988251285161823,63.3035174760776,69.9301908785178
"E0353","F0353",10.5817901459523,80.6924805938916,56.7042147345137
"E0354","F0354",12.8947648638859,108.567476745319,78.0654941582318
"E0355","F0355",-12.5482708448544,40.1028257470974,37.3915716251567
"E0356","F0356",-11.5609100880101,67.2806889447391,50.6852395389541
"E0357","F0357",-4.2174187861383,41.6894134119796,68.5170448463116
"E0358","F0358",-0.0512496381998062,46.4750360175483,57.4217791970747
"E0359","F0359",2.94847893062979,63.0026895393823,73.7902382462928
"E0360","F0360",-5.39878471987322,55.2821142160786,22.4574735909921
"E0361","F0361",-3.61097002169117,58.5584251827884,47.4693436052306
"E0362","F0362",-13.2622810942121,33.4789266082154,46.3713512716055
"E0363","F0363",-14.2171668168157,62.4232603797031,60.6539551805248
"E0364","F0364",12.1452200040221,123.182542798278,82.3851898589942
"E0365","F0365",4.51221148716286,96.2359218462098,70.8506087724641
"E0366","F0366",-6.38759229099378,60.847601250757,68.1300687854336
"E0367","F0367",-5.51025371532887,60.5498054108112,58.0978556535115
"E0368","F0368",0.0848336750641465,78.9936008562171,82.7304222225277
"E0369","F0369",4.65457374695688,83.2630488982701,79.8050422288221
"E0370","F0370",-13.933062851429,50.6944349465322,56.6799712004533
"E0371","F0371",11.4761111699045,79.3710257443763,72.1611923641382
"E0372","F0372",-9.32458021212369,73.2939952926562,60.8483693263346
"E0373","F0373",11.9200788158923,126.103015973765,69.0758811095936
"E0374","F0374",3.07986752595752,58.5033484989969,67.9332852035109
"E0375","F0375",-9.37617308227345,31.3310315387906,33.3402923358512
"E0376","F0376",8.13411315903068,55.4862741794547,56.4410538425937
"E0377","F0377",-13.8065176829696,59.3688598751866,47.2074463821665
"E0378","F0378",-12.0861886348575,73.0689116796537,51.8608734686887
"E0379","F0379",-4.09712717402726,40.9752412777116,33.3131322647148
"E0380","F0380",2.09114460507408,45.1886919578263,73.5973922685653
"E0381","F0381",11.4366364083253,96.3648869426134,90.8135723122896
"E0382","F0382",-9.49624294415116,55.729190420564,51.9561580537114
"E0383","F0383",-2.37378532765433,78.2706256861586,47.4647103262072
"E0384","F0384",-12.6824857131578,53.7432300423599,46.0292683721875
"E0385","F0385",-3.85720144724473,35.8477841024976,52.9566416262745
"E0386","F0386",5.93344140797853,91.717452727698,41.5736470253276
"E0387","F0387",5.56026742095128,90.3140429571027,75.2459927136303
"E0388","F0388",-8.91427744645625,72.0252377465759,39.3228441455807
"E0389","F0389",-13.649339787662,43.9711488945942,47.9865475578388
"E0390","F0390",10.5563503084704,54.3568001952213,53.1314041357704
"E0391","F0391",-2.35075692180544,66.6931147550313,38.4737208397299
"E0392","F0392",-11.4479474863037,48.7378968603501,51.238212178962
"E0393","F0393",-5.7072628615424,58.3290043592106,57.0266296515826
"E0394","F0394",-11.4781330875121,48.2849337769516,50.2820997492888
"E0395","F0395",0.476443762890995,74.6109417396341,74.9844218995304
"E0396","F0396",14.4303617603146,106.643551700503,79.3016566378255
"E0397","F0397",-0.7942447043024,54.1152261715408,75.3911098383179
"E0398","F0398",-14.7256336268038,72.3880782761833,63.2709025378561
"E0399","F0399",11.5895742690191,108.001549537425,78.5464435643966
"E0400","F0400",4.05751999933273,59.3381413020963,52.1796236787608
"E0401","F0401",-2.65392846660689,89.6845619432539,47.2297326842988
"E0402","F0402",-5.78845611540601,66.0263880981356,34.4670747388411
"E0403","F0403",-13.1048788991757,39.6191444476801,44.3270222895689
"E0404","F0404",11.5771183208562,92.4440887973505,69.876317874647
"E0405","F0405",10.9959323471412,85.2030064657633,61.1071580946065
"E0406","F0406",-1.61799499299377,65.4439542608357,33.1520537905716
"E0407","F0407",9.09721905598417,89.4963933587807,75.6171974341849
"E0408","F0408",-3.06453936500475,57.1307054614929,72.2273301830831
"E0409","F0409",-11.0358180874027,53.5420825836639,51.3921037853463
"E0410","F0410",-14.0197354322299,45.6868207284981,50.2993648733089
"E0411","F0411",-13.5165236284956,45.4762112874665,56.2608888269932
"E0412","F0412",9.12393862847239,72.5729283685039,63.9677497473006
"E0413","F0413",11.4479661709629,95.0392595565604,73.4768553408644
"E0414","F0414",-5.92777756042778,45.309507968141,65.063333199824
"E0415","F0415",-3.03031188435853,38.8406401873295,43.071715400222
"E0416","F0416",-9.31370923295617,51.2012197137226,46.2510521027177
"E0417","F0417",13.1329599791206,113.789802788077,90.4337543325766
"E0418","F0418",13.9992222818546,96.326998883703,77.2241322430285
"E0419","F0419",14.4077290012501,114.121327496539,76.963360979087
"E0420","F0420",8.13780881697312,93.1221452164647,65.2756642580469
"E0421","F0421",-3.072602043394,42.8778120858491,71.5602826423094
"E0422","F0422",9.841901762411,94.110800850357,72.2777408289468
"E0423","F0423",-9.3368916073814,58.9187700557793,38.8368066582922
"E0424","F0424",-13.7510867742822,69.6978416316673,56.9662000016276
"E0425","F0425",12.1872174320742,88.2905810641576,73.1552382216619
"E0426","F0426",-9.03787032002583,50.7031560460145,61.4839509984072
"E0427","F0427",0.109071135520935,55.0819897812028,78.5611527020659
"E0428","F0428",-2.0952839939855,41.3706264157019,52.1286257617608
"E0429","F0429",12.0427501969971,79.5510661176904,80.0678264717146
"E0430","F0430",11.4207203965634,93.5263508616284,48.4952839681891
"E0431","F0431",-9.60856198333204,55.9745992006511,46.2724771654243
"E0432","F0432",-4.23402446787804,42.1552760235731,63.9530190596848
"E0433","F0433",7.64404421439394,81.4074049817958,68.9734649171235
"E0434","F0434",-12.5019214488566,49.3355129023537,56.1217018070648
"E0435","F0435",-3.71534116566181,40.4118075831166,53.1223702645575
"E0436","F0436",9.91891025332734,83.3418675898606,63.2408340364565
"E0437","F0437",7.32315425528213,85.2589000954107,88.6029802736398
"E0438","F0438",-14.8766804672778,66.1639192262003,52.7555621391852
"E0439","F0439",9.11578494356945,100.852420740681,71.5240048179737
"E0440","F0440",-9.45328530622646,33.263555031961,31.2581367759389
"E0441","F0441",2.00488674687222,66.1679738727686,75.1972337897186
"E0442","F0442",5.59080880600959,82.380274006672,74.993918479365
"E0443","F0443",14.0980914188549,114.901775311693,72.734316514902
"E0444","F0444",2.72743456531316,75.7973719039463,69.1518587276007
"E0445","F0445",-6.30385948112234,48.3456976230939,50.8900692146629
"E0446","F0446",3.0486259656027,92.9484390953759,65.1703815339793
"E0447","F0447",-13.9057817752473,57.6459167490061,35.1256168649789
"E0448","F0448",1.5860678977333,95.1274691557554,59.5716662724466
"E0449","F0449",-8.61765997717157,61.5795121439684,60.5868435830335
"E0450","F0450",10.3552922210656,90.3780072557119,56.634388152862
"E0451","F0451",9.66311736032367,78.9479396516645,62.1576598454594
"E0452","F0452",-9.87880318891257,68.9877947700402,75.8686020752442
"E0453","F0453",-11.0063471132889,65.1515433715547,50.6372033541312
"E0454","F0454",5.06598029052839,70.5772451725914,55.8144318399048
"E0455","F0455",3.41204507974908,71.2365305918036,61.0519047187484
"E0456","F0456",2.0264538587071,72.2564266041356,69.7373992808665
"E0457","F0457",-7.48593921773136,35.6521337737828,75.4020598882246
"E0458","F0458",-13.7333107134327,41.7287265269363,54.9117027464856
"E0459","F0459",-4.45675179362297,61.0459669858958,47.0756137527439
"E0460","F0460",-5.01736597856507,50.6376520164407,64.2440343169938
"E0461","F0461",13.8049730029888,113.039755976678,81.2055576029308
"E0462","F0462",-5.65144788008183,38.5078405147596,62.6810971476414
"E0463","F0463",-1.6439939243719,69.9742610476612,43.5229006476203
"E0464","F0464",4.42172678885981,86.1275052379265,71.5688105084833
"E0465","F0465",8.3792423713021,85.4191550419245,61.2089642988285
"E0466","F0466",8.17435216158628,91.5199990389136,80.9131123385016
"E0467","F0467",-9.53190938103944,63.8290949178662,64.3223639680832
"E0468","F0468",3.3944364823401,80.4120402337527,42.6300920889554
"E0469","F0469",1.67541591217741,50.7641287347655,70.8084470503344
"E0470","F0470",-10.7986946264282,66.0206498429188,55.5698877934035
"E0471","F0471",-13.1240026652813,50.5307933953397,27.2815491658359
"E0472","F0472",4.83100716490299,84.3338486561786,61.0444882176966
"E0473","F0473",-14.61279414827,41.3543535260596,48.64445207321
"E0474","F0474",4.18350717052817,68.6838289433837,54.7092685348031
"E0475","F0475",-12.8955777338706,46.2766757958147,62.5472724955831
"E0476","F0476",5.91667466796935,93.2168595210069,58.5575854235378
"E0477","F0477",11.2865372747183,115.168692934346,53.6100511582151
"E0478","F0478",-1.97214465821162,58.053092026938,56.5917916194437
"E0479","F0479",-3.24273224221542,51.6992608271544,47.4798467826285
"E0480","F0480",-0.344279198907316,56.1949978774518,48.8207473897479
"E0481","F0481",-9.53971066977829,53.3879702960501,38.2218230478929
"E0482","F0482",-2.86685060011223,56.3118765193116,54.6699019608266
"E0483","F0483",2.88541179383174,66.3656725564564,64.4455054277664
"E0484","F0484",3.80197750870138,96.9823106820609,63.7160587218584
"E0485","F0485",-0.661252532154322,60.4684077979445,53.8638339399974
"E0486","F0486",1.0152442753315,87.1021504889614,66.3405272039055
"E0487","F0487",-11.9622324337251,70.8233526415027,48.7176579790142
"E0488","F0488",-14.7415823559277,52.8243555862346,58.0439356896693
"E0489","F0489",10.1374103059061,112.614231974035,71.7260153153768
"E0490","F0490",5.92504350934178,82.7499737211096,45.2267686024026
"E0491","F0491",-2.62493563815951,66.9952765752485,46.191455874776
"E0492","F0492",-4.32764232857153,52.8390291399844,61.5272120438495
"E0493","F0493",-3.29570701578632,49.5430455816211,66.3694408073546
"E0494","F0494",8.64895195467398,78.6268429300234,73.848555453905
"E0495","F0495",-4.32447568746284,64.0389762232533,53.6796799064109
"E0496","F0496",-13.9155489136465,74.9916643397333,61.9465102564357
"E0497","F0497",-1.37724075699225,69.6988606324583,58.056387188175
"E0498","F0498",1.20637597516179,73.6626637421806,45.52234493826
"E0499","F0499",-5.65573246451095,55.7739885321494,71.2379609078065
"E0500","F0500",0.99996326258406,83.629059133766,66.8493264622439
"E0501","F0501",-5.39059838047251,50.8876832551406,50.4843991369237
"E0502","F0502",-6.99095993768424,67.0168777217126,65.9583060332263
"E0503","F0503",4.42551180487499,72.9480585430111,69.3319212093038
"E0504","F0504",13.7881012377329,115.907305549696,70.4761819697393
"E0505","F0505",-7.21667653648183,43.6756068652106,36.2554705013241
"E0506","F0506",-10.2949316217564,51.1494202455936,57.409590965102
"E0507","F0507",2.56376541685313,66.8851248695987,61.8045153997497
"E0508","F0508",-2.28355131810531,47.5544726574761,68.8893512424885
"E0509","F0509",8.1122060562484,81.9994071418194,65.6987252113669
"E0510","F0510",-13.7567111081444,66.4079426588007,48.812143821214
"E0511","F0511",11.0644332272932,116.805390768886,75.3804396018448
"E0512","F0512",-2.05539499875158,62.6570247965256,56.4037656416003
"E0513","F0513",-13.6436085007153,62.6762822428774,69.4738259710149
"E0514","F0514",-1.92713858792558,64.3400042792096,27.3898901058985
"E0515","F0515",-14.3221488338895,62.7677195036716,55.2382413946172
"E0516","F0516",-7.28077663108706,62.091804290176,51.8043273914441
"E0517","F0517",4.23504110891372,80.801395301957,65.3719919418017
"E0518","F0518",-3.45316663384438,46.1467380867315,71.1762675779426
"E0519","F0519",-7.61540788924322,62.5647980265508,64.476127009408
"E0520","F0520",-11.8471407727338,44.2645186985521,57.9976378296969
"E0521","F0521",-14.1028134897351,62.27217535505,47.3466723281856
"E0522","F0522",11.5781922731549,111.997928749169,76.2307519059791
"E0523","F0523",-2.71525577874854,57.4526097844916,52.4355564634013
"E0524","F0524",4.76629763608798,69.4541145547113,68.373452002549
"E0525","F0525",-4.34729744447395,35.4919145300233,41.2544467910614
"E0526","F0526",2.44407044257969,75.6824615068298,65.7825978306893
"E0527","F0527",-14.6826461772434,42.6546700161732,80.8737416304602
"E0528","F0528",-5.26185096474364,53.9025789733937,65.8889421738713
"E0529","F0529",-8.7941487506032,32.8719720380115,55.6136817691107
"E0530","F0530",-11.2822802178562,23.2550234134717,64.1282686852188
"E0531","F0531",-13.1412731506862,53.4206329073785,52.6692424355517
"E0532","F0532",12.202474696096,85.3654100090222,79.9555575679332
"E0533","F0533",-7.86588745890185,33.540217461683,74.3081843131524
"E0534","F0534",-8.03756220499054,68.1457524426033,60.1682400085805
"E0535","F0535",-0.456947630736977,81.6635147224152,49.5150500406838
"E0536","F0536",-12.0014047413133,58.9167595315496,50.0577413297718
"E0537","F0537",-9.64013864519075,56.7759291095249,83.1726487018775
"E0538","F0538",9.47302190121263,77.4042342384838,85.8623491162126
"E0539","F0539",-7.76718298438936,28.421992807283,73.884186949402
"E0540","F0540",6.18154955562204,85.026270060098,67.0578545775673
"E0541","F0541",5.7636299659498,87.3363850872573,62.0505864653746
"E0542","F0542",7.50261485343799,88.7749019643755,60.37310386327
"E0543","F0543",-12.8341511590406,57.5710749679204,40.095844905988
"E0544","F0544",13.0512709915638,89.5697983888503,74.6937406381859
"E0545","F0545",3.38311445899308,96.4399722732574,52.5880450631897
"E0546","F0546",9.58662654273212,101.054516493212,81.7428508854056
"E0547","F0547",-1.77380219567567,52.1259462335211,34.9857595098515
"E0548","F0548",0.475058339070529,55.2352853596031,33.2460434526751
"E0549","F0549",4.87302794354036,83.6197640410737,54.9583469584511
"E0550","F0550",-13.6251247138716,32.9498393709566,46.1713173400923
"E0551","F0551",1.04965488659218,76.7068298967071,70.8376801663679
"E0552","F0552",3.50111892214045,79.6889617893581,75.5407260156836
"E0553","F0553",5.57634201133624,76.3497375916555,65.5627224197391
"E0554","F0554",6.29489497281611,75.4049806429342,61.6843793837896
"E0555","F0555",12.7496093627997,108.077513820466,71.5485237868073
"E0556","F0556",7.8955858759582,86.6884782109315,69.4609453605752
"E0557","F0557",13.2437115046196,96.6287959976728,76.7264956604159
"E0558","F0558",-13.8970470847562,21.464152596708,58.9198284298558
"E0559","F0559",-2.403751288075,47.2663159567144,59.8103549028467
"E0560","F0560",-8.66394139593467,77.8776979943262,63.9579711875302
"E0561","F0561",-12.1127734542824,60.9911346486475,66.3986206340746
"E0562","F0562",9.83673042152077,105.501378357496,74.8874865685776
"E0563","F0563",-14.5930943777785,48.8469831346184,52.2008539158617
"E0564","F0564",11.49296392221,98.4478472330989,65.4180421123021
"E0565","F0565",1.7089373152703,70.8977149733604,67.5650157178559
"E0566","F0566",5.33403872977942,89.2134203589252,39.5427667416581
"E0567","F0567",0.570860803127289,60.9862863741613,61.671349164241
"E0568","F0568",-4.30130152730271,58.9123041492262,33.6882646043754
"E0569","F0569",1.45452933618799,56.5036255632614,64.8280216811679
"E0570","F0570",-12.5830069952644,53.9415272711597,48.085573278219
"E0571","F0571",11.1887685558759,101.719957616869,109.126973811542
"E0572","F0572",-1.79209295427427,53.8270122405561,53.9563097621776
"E0573","F0573",-5.17389107029885,60.4950254705515,60.3798754153777
"E0574","F0574",6.66558662429452,88.9671735643439,86.5282646921254
"E0575","F0575",-4.19918519910425,58.813211490275,55.5099298457946
"E0576","F0576",13.7280709762126,111.388066840955,71.5071318392613
"E0577","F0577",8.63345834892243,87.308818595827,58.8630119206751
"E0578","F0578",-2.69243856193498,66.4239642869578,54.9551783239069
"E0579","F0579",-8.76130908960477,62.1407856910316,53.8684242270602
"E0580","F0580",0.196633455343544,79.011857200055,51.9243493075177
"E0581","F0581",-11.2280411319807,65.8009525554936,34.8315305616677
"E0582","F0582",-11.7392338765785,70.9572605259578,58.3719104094528
"E0583","F0583",-13.2946787076071,74.2698163086496,39.138701555147
"E0584","F0584",-9.03797056758776,46.3624275927124,71.2935598760101
"E0585","F0585",0.759604547638446,95.6357213081857,59.8973451173768
"E0586","F0586",-12.8031047643162,74.2740443962813,62.0785816064761
"E0587","F0587",0.666547596920282,59.0428452065569,59.1647877882389
"E0588","F0588",-8.00748347304761,73.8779835180165,73.6084259262937
"E0589","F0589",-0.776267442852259,46.1031193669591,52.5411366865097
"E0590","F0590",9.78353604208678,81.0333861480107,43.6593729111895
"E0591","F0591",14.0846319054253,101.928368791406,79.2488640122023
"E0592","F0592",5.4757986869663,86.7028541743366,45.9553626385171
"E0593","F0593",-12.1933440864086,35.6610602123198,51.9159518081867
"E0594","F0594",9.52734227059409,86.4451317579606,66.4636825038396
"E0595","F0595",8.14425611402839,81.1795342023911,55.2186100669466
"E0596","F0596",8.89194086194038,99.4043574699942,68.4094635276467
"E0597","F0597",-3.61023765988648,72.0799074089476,60.2582611607888
"E0598","F0598",-7.68614779924974,73.9015721253768,63.701683044746
"E0599","F0599",10.617518266663,90.8075724008635,73.8111228715816
"E0600","F0600",-5.63274289481342,79.1750417462798,48.8840181459763
"E0601","F0601",-11.0798772890121,45.011054582876,58.6082024724082
"E0602","F0602",-13.2216537860222,48.8169986330984,49.1812266522683
"E0603","F0603",13.4201495326124,95.4306145940033,83.2200714743379
"E0604","F0604",-9.73954309942201,47.5466539033939,56.6218092981515
"E0605","F0605",-13.1093673943542,66.0998072501679,44.8090179569076
"E0606","F0606",4.35636854264885,104.256609885554,62.4660897881635
"E0607","F0607",9.36912573873997,110.14784799408,52.8837018695966
"E0608","F0608",7.65887381974608,75.7886112070733,58.5928304296649
"E0609","F0609",1.07752975076437,77.1637666634045,65.9345853560475
"E0610","F0610",4.76229507476091,95.8576155611835,76.1513615345467
"E0611","F0611",-3.70388231473044,48.1886074706711,63.5135358373054
"E0612","F0612",-7.23975791595876,33.6622099374966,58.7100363428754
"E0613","F0613",6.75240171141922,88.9234553058121,53.3789657782589
"E0614","F0614",-9.40752456430346,40.0631890454509,73.2302673998684
"E0615","F0615",-6.99937600409612,52.9260482377627,51.9042539304501
"E0616","F0616",12.9110689228401,104.887988773804,74.7823098030961
"E0617","F0617",10.5209262412973,100.408123648799,49.8218642310886
"E0618","F0618",1.71215252950788,67.0956774829143,92.289474154965
"E0619","F0619",-5.79277049051598,45.575623045471,62.9526920910616
"E0620","F0620",-10.2377224992961,64.3242949331382,60.1882877617119
"E0621","F0621",-6.03586091659963,49.3134925323496,45.968191687334
"E0622","F0622",-5.14139895094559,62.1757039681439,62.0609272994016
"E0623","F0623",5.46776398317888,88.2292794545033,52.3735342836608
"E0624","F0624",12.2831810591742,81.4092896057879,79.037636043357
"E0625","F0625",-6.88786751590669,39.0463007302518,32.2338865122884
"E0626","F0626",-11.840301817283,44.563554180381,76.6863189888008
"E0627","F0627",12.9516197741032,99.4132572530324,96.1877549851471
"E0628","F0628",-3.11791368294507,51.1265338141405,61.1079205687444
"E0629","F0629",9.62671805173159,74.8184542339572,70.8793701046336
"E0630","F0630",12.0533754257485,95.4556170904936,82.9019378844493
"E0631","F0631",0.697178284171969,92.3871021851853,63.7241410563801
"E0632","F0632",-5.35281315213069,51.0618999851162,66.868019080749
"E0633","F0633",5.57565254392102,94.1543018271637,81.9833919749001
"E0634","F0634",8.57998069608584,105.55919648493,63.8395906732395
"E0635","F0635",-1.4720370224677,55.137193691505,67.760744632129
"E0636","F0636",8.90712868189439,82.3252895079204,74.3223436670018
"E0637","F0637",3.69091622298583,73.8739273849652,47.3707479059649
"E0638","F0638",-2.07587876357138,68.0268445423813,66.4437692265177
"E0639","F0639",12.3426037514582,112.689679287218,66.3172694762717
"E0640","F0640",4.82646457850933,97.3597595937037,55.0171364893586
"E0641","F0641",-13.4051176579669,47.3505790482706,42.1457259077088
"E0642","F0642",14.9757332238369,108.357309014557,73.5201361871317
"E0643","F0643",0.631651072762907,70.3389522588937,49.1670073460837
"E0644","F0644",2.30481239967048,55.75556524464,54.1587893575274
"E0645","F0645",9.45715598529205,86.5930965949515,58.0352074907308
"E0646","F0646",-6.10608433373272,61.0854426439163,48.6385667344587
"E0647","F0647",-14.8174182046205,42.2295009277163,52.9933014134633
"E0648","F0648",-10.8151992573403,51.9830927557563,69.1987569562291
"E0649","F0649",-5.24356226669624,63.032985346887,57.4626044204845
"E0650","F0650",-1.13677654182538,53.7212965871235,44.4614365975526
"E0651","F0651",8.23138721985742,116.817500274697,86.4570853600427
"E0652","F0652",3.01083584781736,76.5636523505837,64.4237423785272
"E0653","F0653",-2.04938271548599,65.8092695413285,48.8251750080929
"E0654","F0654",4.29695342900231,73.1966667467701,59.8702135058111
"E0655","F0655",-7.81152365729213,62.4066824773441,62.8915458410205
"E0656","F0656",-7.61644276790321,69.0881742621328,65.9892940151625
"E0657","F0657",7.68444611923769,67.0594331075506,60.2115946462884
"E0658","F0658",-0.243088763672858,71.1132631676108,70.8503100444727
"E0659","F0659",3.95950202364475,85.6015977376953,64.0650573150435
"E0660","F0660",14.9339977023192,114.508731620468,97.0727237908335
"E0661","F0661",-3.24904271867126,45.0996192008064,46.3734682793999
"E0662","F0662",-8.38840474840254,61.5222093663895,54.5304219480112
"E0663","F0663",12.2652081563137,92.1595552201653,92.306480939068
"E0664","F0664",13.4728252328932,110.865617800922,78.3202412384185
"E0665","F0665",7.42897668387741,92.8221615699173,44.9431151618074
"E0666","F0666",3.81098531652242,70.6888569584212,56.4644618239857
"E0667","F0667",10.6490138336085,97.153939836857,64.3831335882567
"E0668","F0668",3.06631720857695,62.0095089604308,59.5462406910772
"E0669","F0669",12.1761616738513,112.21019894613,67.3375130133051
"E0670","F0670",-10.4055034741759,33.5023692839372,44.5484967666743
"E0671","F0671",-1.0209304257296,39.5193497363991,62.5001824031505
"E0672","F0672",1.27607263159007,82.5008322498226,69.1833577162588
"E0673","F0673",-11.4445638656616,42.2470712382127,60.5121031418989
"E0674","F0674",-9.31607980979607,49.3680476974383,58.5647450327595
"E0675","F0675",-6.0520586441271,43.2623891117411,42.7601582334531
"E0676","F0676",-8.20659027434886,50.3484086728105,56.6897688631766
"E0677","F0677",-9.23560969065875,69.8151745021623,45.2784493863402
"E0678","F0678",0.120440698228776,64.8470230391479,42.3509604655714
"E0679","F0679",-10.5420937389135,73.6586138916665,31.295213122783
"E0680","F0680",-11.978415241465,40.0243451927853,41.4510269649306
"E0681","F0681",-0.516016033943743,61.0443578334755,89.4473246495561
"E0682","F0682",-13.635019082576,29.1210230869472,63.9733811553437
"E0683","F0683",-14.7725929529406,60.0262394443617,50.2357144617727
"E0684","F0684",11.6606012661941,84.3338076112916,62.0624641223949
"E0685","F0685",-12.8480012761429,50.3652305089397,54.7377316051287
"E0686","F0686",4.95113924145699,85.0362915874594,66.1953112702395
"E0687","F0687",-2.56767989834771,39.3591988611457,70.0625732434383
"E0688","F0688",5.0686278543435,100.536657323638,61.685108139088
"E0689","F0689",13.3475684328005,106.594516297735,66.7778339966082
"E0690","F0690",-3.7254078942351,90.7193115016324,55.0509790753627
"E0691","F0691",6.33504883619025,65.1482811478374,67.5046095298772
"E0692","F0692",5.91536706313491,82.9178329154053,77.4646687933558
"E0693","F0693",5.84762376733124,59.0134891838863,62.9224936241026
"E0694","F0694",6.88520186813548,117.656737574754,49.0474855626091
"E0695","F0695",-3.47022550413385,44.4792936594288,46.7437998278226
"E0696","F0696",1.39348980970681,74.0797811470068,68.7911066975398
"E0697","F0697",10.4930332652293,91.3356840156632,47.0610155442213
"E0698","F0698",-9.42375046899542,59.5506040909927,32.1125981701423
"E0699","F0699",14.1452177404426,106.75281620447,88.7178354062832
"E0700","F0700",-4.86585095990449,20.7740016298116,58.4600177081792
"E0701","F0701",1.75585617078468,93.1032308413368,76.2373614869747
"E0702","F0702",9.37700892565772,78.6821025463875,70.123298740357
"E0703","F0703",-8.23198048397899,52.1374367264477,59.1696728449935
"E0704","F0704",-0.204791051801294,56.3716244192743,57.4119690198181
"E0705","F0705",-11.7081749229692,46.9565856561027,51.4096480989342
"E0706","F0706",5.19330645678565,91.6147120529411,59.5250233622046
"E0707","F0707",-0.591867808252573,65.4242717906834,48.1963802993628
"E0708","F0708",0.504214328248054,66.3585961985024,71.6178214015424
"E0709","F0709",-4.65037657180801,46.8538859144182,69.6810956943247
"E0710","F0710",13.6319233453833,105.494486220638,86.8529299863871
"E0711","F0711",0.281268507242203,45.6789389987795,56.9565524083597
"E0712","F0712",-5.23815106367692,82.9204257274353,46.6574429657299
"E0713","F0713",10.7241979474202,95.6571165942765,81.1303961495072
"E0714","F0714",-5.83668733946979,60.5899333924906,40.9983862153356
"E0715","F0715",12.6005338830873,95.4765628399494,67.4180542903961
"E0716","F0716",-0.276660108938813,56.3606081345968,38.2310943287683
"E0717","F0717",-11.1038636346348,54.9509594345142,63.9037137630945
"E0718","F0718",-11.6790779563598,30.7747483033328,66.4017116268446
"E0719","F0719",11.8197656865232,106.687116106624,70.4234736770238
"E0720","F0720",11.4605341153219,91.5825370457331,60.190924298497
"E0721","F0721",-0.220184472855181,75.9141544777951,43.7281737049424
"E0722","F0722",-5.32673195935786,57.5389898436295,46.2864880325402
"E0723","F0723",-7.76344920974225,40.5373835417691,64.4674960762465
"E0724","F0724",-14.4932319852524,40.8858043924837,54.3348139916476
"E0725","F0725",-2.17658262932673,60.6169151091434,43.9583339591913
"E0726","F0726",7.24345132475719,98.5620009948813,61.5780563807427
"E0727","F0727",-10.6463133729994,58.0305093845669,49.2938920584938
"E0728","F0728",0.388223463669419,77.1701483298569,60.8721507212568
"E0729","F0729",4.09968476509675,83.3138721952871,62.9505078616948
"E0730","F0730",13.4089420479722,97.2758868183248,72.5313818059174
"E0731","F0731",13.7660195748322,99.691435103622,55.0563205239774
"E0732","F0732",-3.73404754791409,59.5755150936641,74.5568399557956
"E0733","F0733",-8.78891726955771,55.5064973639077,69.4305682757459
"E0734","F0734",5.8706747693941,86.1760268895637,56.9223419641288
"E0735","F0735",-13.7389929383062,61.3804314396044,63.4506819990531
"E0736","F0736",1.99292306089774,78.0560084244872,72.5820116682625
"E0737","F0737",8.6442555882968,87.653894556969,70.5880951127966
"E0738","F0738",-14.220534148626,50.6160500835091,40.7828883013141
"E0739","F0739",-14.4817448663525,66.3262014886249,76.5591324538304
"E0740","F0740",-3.18940242519602,52.3778687099317,38.6531208496232
"E0741","F0741",-2.02430098783225,80.2775524579638,71.1747892005795
"E0742","F0742",10.5655876267701,110.994461405566,81.2947017049101
"E0743","F0743",-4.77972649969161,45.095253504878,50.9719408597109
"E0744","F0744",-1.53270942857489,66.7675352082264,79.3883322669101
"E0745","F0745",5.7144679594785,33.8389340092765,58.7952226863404
"E0746","F0746",8.66987308720127,89.3857693151572,53.3980328159892
"E0747","F0747",14.4522089045495,108.964988352998,83.6553868954487
"E0748","F0748",-2.08422454074025,70.3254512058984,69.2061098805387
"E0749","F0749",1.79364399751648,94.3295428596652,62.4048149331565
"E0750","F0750",5.51597342826426,74.5465733387809,78.4954757359043
"E0751","F0751",5.58832510141656,73.3029556308062,73.9889086185234
"E0752","F0752",-8.24737125076354,41.5467294395166,78.5147902921143
"E0753","F0753",-0.314245352055877,78.8656093547948,52.7430524138542
"E0754","F0754",-1.73520604614168,59.5249693649165,50.496049472473
"E0755","F0755",-6.70271571725607,45.9817303129809,70.1889379639598
"E0756","F0756",-8.61222367733717,62.5412666686623,61.0822507844022
"E0757","F0757",12.2449587704614,107.77341490386,89.8556657224705
"E0758","F0758",11.6081989416853,100.115845725302,89.7240445261416
"E0759","F0759",-12.8788652806543,54.6297405483958,73.4518329539508
"E0760","F0760",-14.0359607711434,58.0989764892286,70.5484734107281
"E0761","F0761",-4.51089401962236,48.2231796849457,63.6011971053245
"E0762","F0762",-10.6018300889991,60.7493891123654,37.0522653524617
"E0763","F0763",4.3369476031512,68.19475730165,55.5857873494823
"E0764","F0764",2.59139147121459,76.9339961318711,83.2135419006863
"E0765","F0765",-10.9289864078164,39.4575262394267,31.0284804831184
"E0766","F0766",-8.26851334422827,56.0235009494016,44.6916831278654
"E0767","F0767",7.11224303813651,85.1751502557406,78.2537547587089
"E0768","F0768",-9.27730854833499,54.6342726747475,46.6050481558083
"E0769","F0769",-4.98381120851263,54.9146004342413,39.9304224738557
"E0770","F0770",-0.44959029648453,67.1415755559901,36.8215047068108
"E0771","F0771",-1.50349000236019,51.6919233405239,59.6040285800117
"E0772","F0772",-5.46466534724459,64.1972940442279,56.0403243721092
"E0773","F0773",-10.5266058817506,48.2041787312192,43.1229277980112
"E0774","F0774",1.64340342627838,66.5291508516334,57.2576299617553
"E0775","F0775",7.42633740417659,80.9444781681844,74.874970677691
"E0776","F0776",0.354973571375012,65.6668303826398,32.0704151343777
"E0777","F0777",7.69402377074584,92.3673142137707,67.6193916735473
"E0778","F0778",-7.46505274437368,48.6131202158864,53.7394304923281
"E0779","F0779",-9.31070375489071,61.5078429934185,37.3295578037492
"E0780","F0780",-2.44595385622233,57.0485014307031,49.4382161358427
"E0781","F0781",-6.78035452030599,82.488853439667,57.0631564378864
"E0782","F0782",14.6051921322942,108.735697151267,73.309190463457
"E0783","F0783",2.45516871102154,76.3808219546607,53.5593882013551
"E0784","F0784",2.59593108203262,62.959868967372,73.7152239947073
"E0785","F0785",14.2522810678929,105.060818780395,90.8368724349681
"E0786","F0786",-10.9481685748324,64.5465722561965,43.8177872243216
"E0787","F0787",-5.38566042669117,52.0211449853257,52.895387119231
"E0788","F0788",-13.9293275191449,51.8482407034156,61.3738158065866
"E0789","F0789",1.48690579226241,78.5919284983103,65.1288012603591
"E0790","F0790",8.35608224384487,86.2379908127494,58.0688114266678
"E0791","F0791",9.41204887116328,73.1859197019037,67.7965904938138
"E0792","F0792",11.6146737383679,91.2433390602787,73.573811856062
"E0793","F0793",-4.69448535237461,59.6458690660491,55.311886183546
"E0794","F0794",7.52374476520345,81.6677429779782,90.784615053202
"E0795","F0795",12.9521050024778,98.4706002475414,71.9133863246173
"E0796","F0796",12.601796973031,116.22944390001,75.1626271718016
"E0797","F0797",3.41615509707481,79.8952003239133,82.1786000626609
"E0798","F0798",-10.9851164929569,55.384203364247,46.9095404601672
"E0799","F0799",-12.4433668074198,48.9051015008617,71.3347343757614
"E0800","F0800",-4.25041484646499,61.3192227117181,56.7202107273635
"E0801","F0801",0.926336869597435,71.3709246752471,51.7454827344717
"E0802","F0802",3.09115067822859,73.7822613395207,56.1475279447801
"E0803","F0803",6.89840784296393,90.4577921823345,47.3594396992601
"E0804","F0804",-11.9074202282354,66.5359018968228,47.0815437981831
"E0805","F0805",2.53763173241168,86.5264545070481,55.1305342008889
"E0806","F0806",4.25461628939956,63.083788046952,66.2455996017112
"E0807","F0807",-14.8773071053438,44.4500672790892,71.2935023544614
"E0808","F0808",-8.16201929468662,49.7759656839375,52.626520501941
"E0809","F0809",-6.42097070580348,32.0225829928373,65.7968928475394
"E0810","F0810",-3.91726990928873,57.3039188148547,56.6375177718193
"E0811","F0811",-9.42837753100321,70.2881364079451,56.6040277178492
"E0812","F0812",-1.9213316263631,56.7763262812381,50.3700452555123
"E0813","F0813",-12.8714951989241,51.7355295147148,51.2044630432552
"E0814","F0814",-13.2180878799409,53.648220931751,30.0028214685219
"E0815","F0815",-14.4654430355877,30.3500284541269,76.8227018741477
"E0816","F0816",0.11486979899928,61.5367878156319,73.3340579212483
"E0817","F0817",9.04074976220727,107.364416995972,61.2473833745068
"E0818","F0818",-10.329983511474,60.8677330828917,26.9462085295552
"E0819","F0819",-10.0486067170277,26.9025965402513,66.0798454714517
"E0820","F0820",14.7491163387895,97.8591222942195,84.4011176973546
"E0821","F0821",-9.27097444189712,70.536000608391,39.8648359831204
"E0822","F0822",-6.92282700212672,46.2474569716428,25.3386354483039
"E0823","F0823",-1.67637751204893,75.2894192500232,72.5138205951676
"E0824","F0824",12.4499910394661,90.2705230546655,83.4536930796963
"E0825","F0825",-2.05939048435539,53.2930775379056,68.6296500068102
"E0826","F0826",6.0304331802763,59.9124265405085,63.8459032414624
"E0827","F0827",10.0774914119393,86.8128751556824,59.5355217630346
"E0828","F0828",9.88325988175347,72.9112362940644,67.0138861330546
"E0829","F0829",-13.2661513052881,45.4792191699724,38.7847051906166
"E0830","F0830",1.2931734113954,64.5039825708949,73.6341969321064
"E0831","F0831",-0.905535200145096,65.1175951561784,72.8812660390125
"E0832","F0832",1.1318346275948,84.0795907711095,57.7111743875615
"E0833","F0833",-2.61904180515558,60.2042089481062,67.7264825951905
"E0834","F0834",-8.06166181107983,46.8924170796033,61.4386650207589
"E0835","F0835",-12.5997467036359,58.7772303466677,49.1242972941561
"E0836","F0836",13.6012933566235,73.0961418114314,81.6041728806269
"E0837","F0837",1.56187982065603,71.1095424913573,50.0268381251155
"E0838","F0838",-3.62594005186111,76.0657532051189,63.1443441076886
"E0839","F0839",14.4104022206739,130.520238403516,82.253027596742
"E0840","F0840",-3.65727078169584,57.2910753956088,57.4403359981688
"E0841","F0841",2.71767643047497,71.546464634693,63.3679833389414
"E0842","F0842",-4.42442713771015,71.2398199482847,63.1339340101187
"E0843","F0843",-13.6672210064717,77.8266890676982,49.4236601229981
"E0844","F0844",-8.78581008408219,67.5817471766333,51.7978878016169
"E0845","F0845",14.6506980853155,116.017270235619,65.4554839679341
"E0846","F0846",7.61402474949136,80.3915318189222,76.1008630298032
"E0847","F0847",-2.12658155942336,38.2382446495463,53.3064698171911
"E0848","F0848",-5.5626039323397,59.75111764976,70.9865541602076
"E0849","F0849",2.1606599050574,66.8677861170609,48.3520005473
"E0850","F0850",13.6838475521654,105.816763194413,76.2446154719248
"E0851","F0851",9.53092603711411,76.1001427011946,78.2049892437679
"E0852","F0852",13.3962514833547,103.80909900624,92.9358552269663
"E0853","F0853",8.04212907096371,83.1938521678307,72.9831782978111
"E0854","F0854",4.97682210523635,83.5899872542627,76.1290295469278
"E0855","F0855",9.35291244182736,72.9257098316332,42.2586292873829
"E0856","F0856",-9.663752974011,40.4994561586158,59.3944368017537
"E0857","F0857",-5.7845712848939,83.1752935473833,60.810889551658
"E0858","F0858",-1.27495240420103,64.9805136033462,36.1009140178847
"E0859","F0859",5.67459924845025,51.4060139322587,46.4741926245155
"E0860","F0860",9.49968250002712,95.804589276463,79.153095184806
"E0861","F0861",12.453857793007,86.8315211201802,79.8175614659338
"E0862","F0862",6.62830431712791,74.9250023935491,87.0088077463944
"E0863","F0863",-0.381609024479985,38.3780609336347,71.8914737572015
"E0864","F0864",-14.558972697705,53.7820568776622,53.1593504981111
"E0865","F0865",5.88480472331867,67.1898226164011,56.4490865012766
"E0866","F0866",13.9042027643882,115.152928501242,73.1312164878917
"E0867","F0867",-1.20916559128091,72.3279521904768,66.329065602556
"E0868","F0868",-7.71884994814172,59.4094679093723,38.3885013840899
"E0869","F0869",-14.1718033072539,61.9643003081525,58.1525905364095
"E0870","F0870",10.6149217137136,85.445850023171,78.8963803923645
"E0871","F0871",-8.75432734843343,44.6428752524243,70.2296418202046
"E0872","F0872",-14.7648279299028,47.9055350717104,77.1191833234207
"E0873","F0873",8.64976705983281,76.7783270231548,78.8601589354368
"E0874","F0874",14.4472802965902,113.653352295397,76.4492758838439
"E0875","F0875",8.81712377769873,72.9855132797522,92.5765105735827
"E0876","F0876",5.469525300432,86.0773246692418,66.5732142340373
"E0877","F0877",-12.6272969995625,70.922069490177,51.6330306411172
"E0878","F0878",5.66761335823685,83.9137969048977,68.317239428886
"E0879","F0879",11.1021840339527,70.7251099600724,74.1968414303228
"E0880","F0880",0.158253978006542,73.6288166859378,71.4675721204972
"E0881","F0881",3.63379444694147,87.3443373305376,91.681898376046
"E0882","F0882",9.91403246764094,91.771107809453,53.4584611645773
"E0883","F0883",-10.6716462085024,62.1239210513965,40.1578012609917
"E0884","F0884",9.26329462090507,103.808437571993,68.4453221715608
"E0885","F0885",9.20854299562052,77.5289618300619,74.5185074841254
"E0886","F0886",-12.5672758603469,61.3648665522444,58.3889660567041
"E0887","F0887",0.605051054153591,68.7237937142806,68.2004709976474
"E0888","F0888",-5.16643116949126,64.8688069268868,51.7564927081816
"E0889","F0889",-12.0993964537047,54.961398366343,72.1246929365017
"E0890","F0890",14.6220391360112,101.577366995059,103.37023037666
"E0891","F0891",-4.21903418842703,41.7660572412507,51.0669121602741
"E0892","F0892",3.66002237889916,64.0618368570665,53.1405909576041
"E0893","F0893",-2.05472209258005,52.9186120428409,54.227253425182
"E0894","F0894",7.30183225125074,78.7485659523756,60.9099779171248
"E0895","F0895",11.6832069936208,82.5646554172927,77.3821804644966
"E0896","F0896",-1.64402195485309,70.6047356249027,60.2069550231536
"E0897","F0897",-9.6709029818885,47.4492334389477,47.6356674568552
"E0898","F0898",11.9814166123979,94.8320441219019,75.605667830659
"E0899","F0899",3.94917333265767,83.8197908691331,82.4962517060943
"E0900","F0900",5.00824840273708,96.8176296727271,73.5640644533161
"E0901","F0901",-13.2340133003891,41.6798532735091,53.504172471553
"E0902","F0902",-10.5172843113542,40.8365947606476,47.8372118017854
"E0903","F0903",-3.12010993016884,69.8465388855814,80.4962231771332
"E0904","F0904",-5.85870147217065,54.681742782556,35.4547049272178
"E0905","F0905",-7.0242343749851,63.7053536646568,61.3358332702391
"E0906","F0906",-9.35040048323572,53.2152392895145,48.7979362006126
"E0907","F0907",-3.23144608642906,58.6514494268082,57.4348415695405
"E0908","F0908",13.4017042187043,97.2650739492266,89.9483287448673
"E0909","F0909",12.7555572311394,115.710625813372,61.4196192847151
"E0910","F0910",11.2958861212246,67.5363720598942,74.3332775114386
"E0911","F0911",9.66434539994225,73.8934926659116,65.5567880466737
"E0912","F0912",-9.75458969129249,52.1365129922701,53.706884875159
"E0913","F0913",1.56775895040482,88.2567390683587,56.9564360034521
"E0914","F0914",-12.7109661558643,56.390766487578,57.6450418110089
"E0915","F0915",7.21059956587851,91.469477162243,55.7103974120099
"E0916","F0916",12.322392873466,74.201482100691,82.6544186030889
"E0917","F0917",-5.99594819359481,54.8238216898686,53.8563448764533
"E0918","F0918",-10.5106064281426,59.8367122849116,49.3502745652922
"E0919","F0919",-0.922208663541824,86.5486911063337,59.8066188648015
"E0920","F0920",14.0730481641367,106.149129290964,99.7434770509535
"E0921","F0921",-14.5702809328213,32.8549128856392,57.0383813057994
"E0922","F0922",5.04211861174554,68.0666906771652,67.7521419339625
"E0923","F0923",-6.61314628785476,52.0997320146883,42.7627669344007
"E0924","F0924",-9.03862257488072,60.573077550451,59.8749137966593
"E0925","F0925",1.41550956526771,85.8633159550279,73.026063172761
"E0926","F0926",13.2211734680459,117.489774962323,64.6603304481952
"E0927","F0927",-1.11961287679151,59.4668017810606,56.1668897128964
"E0928","F0928",-12.9657074692659,49.8000849582325,36.3385382095958
"E0929","F0929",6.63502179086208,80.3244963120784,68.4190830069238
"E0930","F0930",-7.6555898739025,59.9065314791058,66.0177169308985
"E0931","F0931",-7.8768747090362,66.8999501363791,65.7016005452425
"E0932","F0932",-11.056855134666,51.1475527053584,53.6164069142464
"E0933","F0933",12.4455167446285,100.430627277863,71.343122765533
"E0934","F0934",-2.87897034315392,70.7700479646075,55.1369264511274
"E0935","F0935",14.8264234350063,101.384921476979,83.0492650711882
"E0936","F0936",-13.5144626512192,44.3044554236544,49.8088056685235
"E0937","F0937",-14.3023393023759,57.0495550198391,58.6084906300925
"E0938","F0938",-7.88697188487276,55.0597560799748,74.1888169308015
"E0939","F0939",-1.75320458365604,68.7695155190232,61.5010185055234
"E0940","F0940",11.7529030703008,95.8976829220569,37.9632195602153
"E0941","F0941",-9.51744227204472,54.432643763043,77.5176876285656
"E0942","F0942",8.64590342156589,85.4864352496928,87.7400285712544
"E0943","F0943",-14.5343389059417,24.3036359106844,52.7581937324789
"E0944","F0944",3.31719377310947,91.6763160674777,61.8450447765583
"E0945","F0945",-4.5574900880456,74.6303344101004,69.7565288766916
"E0946","F0946",7.53918381873518,91.2834551104515,52.4227586845826
"E0947","F0947",-9.13101530866697,58.8224612626942,85.6057818072611
"E0948","F0948",1.57286686822772,73.4760719365852,67.2238331352575
"E0949","F0949",13.7322188937105,107.599486569754,67.2799001417977
"E0950","F0950",8.35797554813325,77.3185456245286,74.8243679881463
"E0951","F0951",-13.8549751136452,56.32461721769,64.7717493143847
"E0952","F0952",0.405598925426602,76.7512351809149,79.419529659287
"E0953","F0953",2.81981331529096,81.2818067428038,40.5213043065463
"E0954","F0954",9.89824540447444,93.1249922536607,63.1135248993579
"E0955","F0955",6.21409457176924,93.397395290698,60.4478762027239
"E0956","F0956",7.48051512753591,69.7982188403397,92.1931269045058
"E0957","F0957",-3.95818882388994,65.7513446345791,59.210855843253
"E0958","F0958",12.0130182453431,112.704895380262,50.5057818166243
"E0959","F0959",13.8121133856475,115.927289020158,76.0321973201178
"E0960","F0960",4.52260172925889,70.8266523676296,82.0180209973645
"E0961","F0961",-7.04093103529885,61.7528064778018,46.0172209319517
"E0962","F0962",13.2854500855319,112.177375391927,60.1134401586308
"E0963","F0963",6.56268382910639,87.302648023311,63.3390022092613
"E0964","F0964",-9.27292666397989,41.5352345750425,58.0891479313555
"E0965","F0965",2.33877618564293,83.9841668133275,55.8397693094798
"E0966","F0966",-12.6830004528165,59.7656693030995,60.4830114929736
"E0967","F0967",12.2384233935736,127.099127388034,95.6228628861352
"E0968","F0968",3.12173532089218,77.5618135222475,65.3811556903632
"E0969","F0969",-7.06503897439688,58.9334134859731,51.2482882243269
"E0970","F0970",2.61511563090608,70.0052767263602,95.4702199612119
"E0971","F0971",-14.7519848984666,53.3770475240979,57.7792406731362
"E0972","F0972",-7.79584659263492,71.5961593809514,60.0387837449237
"E0973","F0973",-7.1223302045837,62.484596763858,47.5755197812871
"E0974","F0974",-9.5643523405306,48.2646810611156,47.6699124727565
"E0975","F0975",4.56971258623526,85.4988853293526,54.6270702998347
"E0976","F0976",-7.98025357536972,49.1140761802207,27.5754689292723
"E0977","F0977",-0.734477613586932,63.2636507565506,36.2826269927221
"E0978","F0978",-0.121916667558253,58.3951872347551,37.2987558310938
"E0979","F0979",10.1990917813964,90.5077423874654,73.7444863420518
"E0980","F0980",3.21958464570343,66.7547848134158,72.356719357917
"E0981","F0981",-10.0343611696735,59.0147085413246,39.2322323361283
"E0982","F0982",2.27518655592576,70.0274304534581,69.1374736717813
"E0983","F0983",-10.1858478714712,52.5949668706476,46.5247374248133
"E0984","F0984",-7.28579191491008,24.3242414958853,36.9503087062899
"E0985","F0985",10.9493162110448,86.1468846561784,74.6485804241029
"E0986","F0986",12.267993518617,83.09906878496,74.5781291584368
"E0987","F0987",-2.64129482908174,76.1192955716379,53.5984050171781
"E0988","F0988",-7.19856411684304,59.9017195704408,50.8312558009283
"E0989","F0989",-5.84176752716303,71.4061378345748,38.7054393087922
"E0990","F0990",-8.96546011324972,42.5915814423442,46.9458117969015
"E0991","F0991",7.77112319832668,100.82153812937,76.4611082597695
"E0992","F0992",9.18230513809249,98.3388184876673,72.7167058828483
"E0993","F0993",1.13273740746081,79.0236065548186,60.8629722440034
"E0994","F0994",2.5891641061753,49.1206464457304,72.6776455882862
"E0995","F0995",5.18751746742055,75.2553155780429,51.6014045204237
"E0996","F0996",1.00736546795815,68.6852368890165,61.9681224082414
"E0997","F0997",10.9671770129353,94.9029615297447,60.1155782385898
"E0998","F0998",2.38165475428104,75.6744111218651,57.676929676461
"E0999","F0999",-6.56104006804526,68.946640811034,49.4182029479801
"E1000","F1000",13.7660167808644,99.9910418154782,86.3212037398085
"E1001","F1001",-2.79191644862294,58.463953751159,59.3371539227469
"E1002","F1002",-0.822260503191501,52.2653785622783,63.2441454996555
"E1003","F1003",-5.76768281171098,53.231645195414,51.6997406021864
"E1004","F1004",12.421024760697,95.0677202287097,60.7237371124838
"E1005","F1005",-0.051036172080785,46.8692348063363,59.7322886943393
"E1006","F1006",-10.9015462361276,60.8044753382024,53.7745328271242
"E1007","F1007",10.4793681227602,90.9893597355086,87.0790724853818
"E1008","F1008",2.3270804900676,74.5425542879692,82.6870854973741
"E1009","F1009",-8.57788721797988,58.7993969608155,61.3069217023408
"E1010","F1010",-7.24973474163562,50.5129441642978,62.6918352898592
"E1011","F1011",-1.1993315233849,73.5268710616014,70.9003110472634
"E1012","F1012",-11.84895636281,53.361657111022,50.7239135768201
"E1013","F1013",-0.294855111278594,52.1071044289009,35.2589602403258
"E1014","F1014",6.23565789079294,73.7214666704955,60.1277316212762
"E1015","F1015",-13.0425770580769,46.0823039250613,64.0593760245444
"E1016","F1016",14.6672139759175,101.814562661826,62.4934056910013
"E1017","F1017",4.03410706669092,81.8811669501334,43.391858494801
"E1018","F1018",7.04036680050194,98.9518876040017,66.550351251045
"E1019","F1019",12.5391374831088,101.070342803555,68.3740834061947
"E1020","F1020",-8.16654392285272,77.7469834094187,60.3535059695644
"E1021","F1021",13.8325267424807,112.847001079354,86.1090122406968
"E1022","F1022",5.81028451910242,71.5679002374873,72.601065215463
"E1023","F1023",-7.50298398546875,54.3777467982806,52.6996909315815
"E1024","F1024",-4.16523629100993,65.5436889793947,45.2156977143514
"E1025","F1025",14.374480987899,77.44012859489,77.8866262935131
"E1026","F1026",9.97410599375144,98.9125231659874,83.728495379713
"E1027","F1027",-3.93677789485082,28.1405606647425,71.5142327431554
"E1028","F1028",-3.9911822299473,55.46861370586,48.6552985758672
"E1029","F1029",-11.3468660018407,48.7610718597149,49.118842611619
"E1030","F1030",6.67626710375771,90.7590608760366,54.2724532858962
"E1031","F1031",-2.86773051833734,74.9775654024663,34.0180028496882
"E1032","F1032",3.09990737121552,99.3584664748814,80.8295117580585
"E1033","F1033",10.7037712074816,110.590860848279,67.6069595467876
"E1034","F1034",-1.93494591163471,63.0206799681933,61.538517875416
"E1035","F1035",-3.27286728657782,64.5941099197583,23.8267705544387
"E1036","F1036",-5.94140846282244,31.1179345652126,67.7741421776052
"E1037","F1037",-12.8967166040093,52.6971624612228,56.9923877551556
"E1038","F1038",-14.5166867994703,46.6416269462763,56.2520752477617
"E1039","F1039",-10.6667664600536,55.4909852661746,70.0688690299983
"E1040","F1040",13.4535766253248,110.285632664069,78.3668939508609
"E1041","F1041",-5.07517895428464,42.3420882563697,51.2744779701531
"E1042","F1042",-7.29262602282688,55.5633198892185,49.2673606856869
"E1043","F1043",5.46790871070698,76.3065036521955,62.8984873322554
"E1044","F1044",11.3546562963165,95.914641007684,58.2536976656367
"E1045","F1045",-4.22970010433346,66.8689403391813,81.2917801436007
"E1046","F1046",-12.3501910781488,70.9644941106471,55.2849785572227
"E1047","F1047",-12.1860289690085,58.6062120447632,61.0923828154933
"E1048","F1048",-0.347692533396184,60.2722496729144,69.5150299063277
"E1049","F1049",1.9436587463133,90.1728261471428,61.0425793400434
"E1050","F1050",-11.8347335373983,48.3930898866596,49.2522454799197
"E1051","F1051",1.66110823396593,65.7097560325485,59.1689766058848
"E1052","F1052",2.84885735716671,59.5821075219314,43.0615258798187
"E1053","F1053",5.72459005750716,74.6523902638644,75.9921831152102
"E1054","F1054",8.71347534935921,74.4287998394754,71.7427537387261
"E1055","F1055",-6.7907723528333,45.9055191657311,68.129677133714
"E1056","F1056",8.63193317083642,77.8450487857166,63.2912640724909
"E1057","F1057",12.4937802599743,91.3255152122653,50.199717926264
"E1058","F1058",14.6639367146417,124.124065616302,86.9911354746963
"E1059","F1059",5.19892434356734,79.7294585232125,58.0803822975256
"E1060","F1060",6.60962912254035,96.1866398690002,67.6360976890558
"E1061","F1061",-7.56774560781196,50.6287425069886,66.5805084031412
"E1062","F1062",6.58776726806536,79.0439263822181,53.0296362005989
"E1063","F1063",10.7014858606271,100.368052112546,56.1355552718022
"E1064","F1064",8.64428484812379,76.9606384722699,73.4971888620122
"E1065","F1065",13.5947246826254,108.890635443409,76.5335764349057
"E1066","F1066",6.2581246253103,93.8744551946699,66.4234237592117
"E1067","F1067",7.87228090921417,92.4891390234786,31.8066213676465
"E1068","F1068",-5.30066190753132,56.5355461423681,42.5645660354169
"E1069","F1069",8.3669262053445,89.4363481049652,68.7696914957778
"E1070","F1070",3.76595542067662,100.234620819278,42.681878326831
"E1071","F1071",-4.7783447499387,77.3844286676809,54.699954120805
"E1072","F1072",14.2492251237854,88.7814376345659,80.5670905111063
"E1073","F1073",-13.7687019724399,55.636100874099,51.645936616136
"E1074","F1074",-13.605700917542,60.9911716426941,70.7646399965672
"E1075","F1075",2.87739507621154,69.8449598599911,71.3406958877011
"E1076","F1076",-12.5147250085138,73.5000524372379,40.2379947771933
"E1077","F1077",12.2085627308115,85.7957988571151,58.6926055824552
"E1078","F1078",1.46544732386246,80.1049443188447,72.1191310303675
"E1079","F1079",-3.07411635993049,51.0598771418496,78.7881089810394
"E1080","F1080",-8.11317231506109,52.153474422613,69.0112145011419
"E1081","F1081",-9.83504609903321,58.5804955813035,42.3141089364206
"E1082","F1082",0.0360542605631053,62.2174488080093,53.6606992977645
"E1083","F1083",-7.59640184696764,46.3790958005864,67.0770616148183
"E1084","F1084",-9.39912230707705,51.2737001042666,76.1871785021021
"E1085","F1085",11.0242664627731,98.8041441209629,73.0549917684363
"E1086","F1086",11.029202286154,107.658223980273,80.4690896731215
"E1087","F1087",3.88947230530903,66.8309018236393,80.7195318947983
"E1088","F1088",-13.6287561664358,43.0771983117306,58.6521616938728
"E1089","F1089",14.1762955463491,106.469752089158,77.8190240447226
"E1090","F1090",13.1153604830615,112.250379820129,82.4793479431805
"E1091","F1091",12.6789240958169,101.701617066344,70.6697281598409
"E1092","F1092",2.50530653866008,71.9270080199512,66.2818348409515
"E1093","F1093",0.799319373909384,79.4255051574925,67.927189453523
"E1094","F1094",1.41624050913379,72.1004071453999,78.888267022409
"E1095","F1095",2.30586286168545,75.9768074895288,48.9838256281845
"E1096","F1096",-6.75136451376602,30.2955272851088,54.9521398204165
"E1097","F1097",7.30680598178878,86.1546271608663,67.8417765180103
"E1098","F1098",12.8880281816237,87.1088662934045,40.7168865419252
"E1099","F1099",-9.7499235207215,39.9967835524061,42.6058611031782
"E1100","F1100",12.8439051448368,117.007800176473,63.44382695674
"E1101","F1101",0.430218356195837,78.9304539559691,70.3385970368149
"E1102","F1102",-2.37497854745016,62.4928451397561,73.7504592650973
"E1103","F1103",14.5391816762276,109.351213850769,66.0428063374459
"E1104","F1104",4.54878351883963,78.3974633037648,53.9200904632752
"E1105","F1105",13.2274486985989,114.485173552563,74.3404012972506
"E1106","F1106",4.97314436361194,72.1648759536135,74.0056003381557
"E1107","F1107",13.2664622180164,123.884055902818,77.3066285405042
"E1108","F1108",-4.52023146674037,49.917060041177,53.4778822618459
"E1109","F1109",9.03572661336511,101.040120543956,100.004503544125
"E1110","F1110",-12.6596462144516,41.9781942993536,51.5416066431875
"E1111","F1111",4.8623197269626,67.2535633615057,65.8966598425596
"E1112","F1112",13.3878606394865,109.714541940672,92.4889955456554
"E1113","F1113",-8.36186430417001,39.8365024681386,43.0902280512812
"E1114","F1114",-8.4157179761678,52.0575350021923,61.084726417476
"E1115","F1115",-0.619410036597401,77.2424299558025,63.9644539301788
"E1116","F1116",11.9032175000757,104.546909989085,72.7573607198168
"E1117","F1117",7.37972756847739,89.0544683212166,56.7997536128135
"E1118","F1118",1.88997333403677,98.942797613175,59.2065300767184
"E1119","F1119",-3.10193252982572,37.1238005391116,61.9010679099212
"E1120","F1120",7.58464018581435,53.8380003478708,49.4632281655031
"E1121","F1121",9.97162684332579,109.479647669337,71.0879713201333
"E1122","F1122",-13.3377609984018,47.915955870039,61.4357070380411
"E1123","F1123",3.13560185953975,70.666765536959,71.932674727125
"E1124","F1124",1.53970761224627,79.2946265659081,48.3208703957205
"E1125","F1125",1.42178215552121,76.0053431899581,65.7314921973786
"E1126","F1126",7.88271732861176,61.1961730587359,65.448165760307
"E1127","F1127",10.1183434249833,115.994336515344,63.9919052450303
"E1128","F1128",5.86676833452657,96.911422004428,61.8346305882888
"E1129","F1129",6.53207627590746,110.682395359275,61.595988192914
"E1130","F1130",11.6914475639351,115.385528428887,92.1839357481655
"E1131","F1131",-4.90840236889198,60.9363927192813,45.8376870938217
"E1132","F1132",-9.69665021868423,40.8754638446032,41.8974723723533
"E1133","F1133",-4.98645402258262,65.2664307283389,57.8102308417479
"E1134","F1134",-5.27729641646147,66.9465694913222,53.8522963473688
"E1135","F1135",-14.9988407758065,59.1868982056499,59.9734199521112
"E1136","F1136",10.1898910081945,102.716594481662,88.4622518879722
"E1137","F1137",-12.7230742480606,63.3003246626275,45.6831601863827
"E1138","F1138",7.59086177917197,88.5444915423623,96.3140324861239
"E1139","F1139",-11.2008139095269,55.7189256449315,44.3086173114398
"E1140","F1140",-2.85536037990823,66.596329301056,84.1534046646098
"E1141","F1141",7.93121512513608,88.8461091878907,59.7839399744548
"E1142","F1142",3.31420188769698,77.3026327363687,60.2476973345761
"E1143","F1143",1.10213356325403,82.4783135711506,70.7868492169699
"E1144","F1144",-9.37155248830095,64.2137789055234,35.3676434778591
"E1145","F1145",-13.7739918055013,52.3033782230398,44.2425920250021
"E1146","F1146",-11.6718543274328,39.9704781394086,64.6706560742106
"E1147","F1147",-8.52630479028448,60.2661960040865,49.5343161176116
"E1148","F1148",-8.11817047186196,39.9292607445328,61.8178131045291
"E1149","F1149",-7.32702441047877,53.2240416814173,39.5242602698067
"E1150","F1150",3.42427466763183,84.5224777687166,45.9546240008873
"E1151","F1151",-11.121362359263,61.9455238438733,49.6053052126428
"E1152","F1152",1.10836943378672,84.2011523819581,54.4165097092467
"E1153","F1153",9.46948337601498,90.7007209508022,77.5676208552914
"E1154","F1154",5.03173995763063,89.7325947954031,53.6750530966256
"E1155","F1155",-2.17317825648934,59.0605075101947,67.1877984165772
"E1156","F1156",-14.2230418324471,56.4374083162251,53.2283892063523
"E1157","F1157",6.06557226972654,77.1217012922959,70.3591394513685
"E1158","F1158",-14.1540800593793,46.9439334106981,56.0680153446611
"E1159","F1159",-4.08944133901969,60.906187307233,65.9632911358562
"E1160","F1160",1.31801167270169,82.083966036869,52.9684310101248
"E1161","F1161",-12.1310472674668,59.4029071919895,31.6977882641367
"E1162","F1162",12.7553158462979,118.531983633585,74.8535590979115
"E1163","F1163",13.4472714294679,107.175361924843,75.3328403646704
"E1164","F1164",10.695080193691,88.8098971343451,67.725497237514
"E1165","F1165",-12.7013535657898,70.0384533707167,44.1468737257929
"E1166","F1166",10.7860485976562,100.552127888632,91.1514769267844
"E1167","F1167",2.34776986995712,93.1952145777669,57.6088347096103
"E1168","F1168",-1.29271163139492,76.594146445943,59.5799508463194
"E1169","F1169",-12.0187386847101,52.5399874247846,48.579293389496
"E1170","F1170",-12.3373774741776,55.0123444801162,38.9357752017104
"E1171","F1171",3.94023832166567,91.5569220634235,64.2331505199283
"E1172","F1172",5.76297545805573,73.1881830626913,63.5159339532396
"E1173","F1173",0.686420740094036,53.5671280337775,47.5238254997631
"E1174","F1174",-3.85524231707677,60.8163149934232,66.3526272453734
"E1175","F1175",-5.08260430768132,38.1068164445119,43.3935370142353
"E1176","F1176",-5.19104270031676,63.775715341006,28.7014336859289
"E1177","F1177",-12.3530293162912,53.7979078783765,63.1138309675301
"E1178","F1178",5.22410225355998,59.3691648194006,72.3503619499633
"E1179","F1179",-11.9785375124775,49.3129981383887,62.7281935325323
"E1180","F1180",-7.96313410392031,52.1135603461902,49.9314896178904
"E1181","F1181",9.78425201727077,79.0929125207979,77.8713565872592
"E1182","F1182",13.51975643076,122.44239464895,90.0663387184319
"E1183","F1183",3.11587472911924,81.5477122337514,60.1809036538145
"E1184","F1184",-11.9533164147288,40.5836218593296,41.6917517729619
"E1185","F1185",-1.31870149634778,53.6673684827661,43.8068570204011
"E1186","F1186",4.02892676414922,85.2457891351837,56.7240852156573
"E1187","F1187",5.66748422803357,81.8749792991525,60.7559511289404
"E1188","F1188",-10.0645872415043,78.9743905065939,41.0894307722678
"E1189","F1189",-9.31957648135722,53.4016650054613,48.9333645099258
"E1190","F1190",-10.1855799299665,54.5772055711986,71.838950213324
"E1191","F1191",3.55944809736684,79.6698949358478,70.4627783326021
"E1192","F1192",13.6424176977016,113.694705573818,79.5608917728498
"E1193","F1193",8.45169828040525,109.98219318976,82.940203349553
"E1194","F1194",-6.13967922516167,38.0254971941999,62.08619178355
"E1195","F1195",0.833099714946002,92.9964652805238,73.2744231542284
"E1196","F1196",6.38604626990855,71.5403616729202,80.9532054303477
"E1197","F1197",-11.5821603569202,57.7525091843437,60.5577305038316
"E1198","F1198",9.75420206319541,101.421292550522,64.0007746764975
"E1199","F1199",1.50429687229916,69.0135942376485,65.6094494471129
"E1200","F1200",-4.59808920510113,30.9115077099823,49.5320007906721
"E1201","F1201",10.766946519725,103.941144197874,79.241436467918
"E1202","F1202",-14.8577870568261,66.8522864448795,39.1520287501701
"E1203","F1203",-12.6547005563043,45.7220886641421,55.5570946558924
"E1204","F1204",-6.72932494897395,58.2336200286612,37.7607838308133
"E1205","F1205",-7.1064183418639,24.6587750690712,43.9861460210317
"E1206","F1206",-5.52548145409673,69.5307077434554,52.7927958687403
"E1207","F1207",14.5978793199174,105.123061889728,92.2889514321429
"E1208","F1208",-9.50404655188322,62.2155727937575,52.2568802074624
"E1209","F1209",-11.7253373656422,43.9521990519155,66.6438238762571
"E1210","F1210",-14.9309436231852,49.1420597388995,67.3870651004441
"E1211","F1211",13.2763750758022,103.518477309097,61.0421337423915
"E1212","F1212",-9.31698613101617,56.8458215706761,63.8522064893036
"E1213","F1213",4.46252575842664,64.4600593048249,77.8915074988735
"E1214","F1214",-4.71975554712117,76.892112664422,48.7464268412363
"E1215","F1215",0.42425257852301,60.4582330360615,44.9951614497382
"E1216","F1216",-4.29891304811463,64.5214922298657,69.3329673652141
"E1217","F1217",-11.9506376143545,35.7340555448329,61.6507426370128
"E1218","F1218",-6.51731836376712,48.6712935526958,60.8222558295747
"E1219","F1219",10.7249518996105,116.448220932485,69.2986693316582
"E1220","F1220",7.15944129042327,69.0498301175041,86.5495320038654
"E1221","F1221",12.7902773790993,94.741711639389,75.4299221653976
"E1222","F1222",-4.23463321756572,57.4217343387952,59.9345094388399
"E1223","F1223",14.8490108689293,104.102519581197,75.1230210232102
"E1224","F1224",2.48213661136106,48.8895071051262,41.0896661980748
"E1225","F1225",-12.2393956733868,64.7926884258301,52.307646845989
"E1226","F1226",-1.65076399454847,66.274596649328,65.1635721796898
"E1227","F1227",8.73220491455868,75.5168242643157,74.7021855001414
"E1228","F1228",-4.04570325510576,38.602154160054,47.8246557489442
"E1229","F1229",-14.8877534014173,39.8591981328163,64.0165818427525
"E1230","F1230",10.5132895801216,93.1115151732508,54.0531803955987
"E1231","F1231",-6.22209509136155,57.703248168823,40.6501406589793
"E1232","F1232",-10.2843754459172,65.2699877730724,62.3281660252973
"E1233","F1233",2.18696421710774,76.6524425952262,56.2751938697741
"E1234","F1234",-2.66108730342239,56.9671186576197,43.242190500433
"E1235","F1235",-4.60706356912851,45.3808160580678,37.3526681378827
"E1236","F1236",-10.2107728784904,67.370756796172,55.5536867387919
"E1237","F1237",2.03175254166126,63.7767247662254,73.8870497775113
"E1238","F1238",13.2500300137326,94.0233676736988,77.5499800204395
"E1239","F1239",14.5284928637557,120.399252989482,86.7723317298058
"E1240","F1240",-3.18488229531795,50.0694167043386,64.4838598672908
"E1241","F1241",6.56856439076364,71.9380303434571,74.8840178840077
"E1242","F1242",3.86518697021529,90.9287996170081,72.7129198794189
"E1243","F1243",-5.00862373039126,75.1227907012781,58.5741311429947
"E1244","F1244",-10.1731179538183,34.4447735085132,64.6103317439079
"E1245","F1245",-0.371223266702145,59.3516970716464,47.2462689923311
"E1246","F1246",-3.77723584184423,66.3873686504258,59.2596705204091
"E1247","F1247",6.89009103924036,81.3766241994198,82.4488674036137
"E1248","F1248",-3.59940696973354,63.5587485744603,81.7457117733638
"E1249","F1249",-1.66430805344135,54.0804628552511,68.1119582990908
"E1250","F1250",10.9224347071722,72.7994685243912,60.6883169565647
"E1251","F1251",6.35697949910536,70.9395157128853,77.5102534432677
"E1252","F1252",-9.01944598881528,50.1614692989658,60.9651984379094
"E1253","F1253",5.89873746503145,94.0669434731429,67.4172983790797
"E1254","F1254",-10.9830712527037,69.1775810115558,73.6767642330806
"E1255","F1255",6.41279336297885,66.557910716754,84.4545116358275
"E1256","F1256",-5.13247654773295,80.573797935791,43.0956194849499
"E1257","F1257",-9.71471111057326,63.8958692517146,51.6681102853441
"E1258","F1258",-11.6190139157698,59.2524393805887,59.4585059851774
"E1259","F1259",-3.1236874172464,59.4520926413128,58.9663421750055
"E1260","F1260",2.46997964568436,77.3707347142659,59.1482992580061
"E1261","F1261",6.81558066280559,77.3511055613191,87.5978989348923
"E1262","F1262",-11.4490647381172,53.2220309949367,50.015618090366
"E1263","F1263",-1.81327858474106,56.8131516203616,71.1608582007256
"E1264","F1264",4.11339361220598,74.6030188946428,85.677838624944
"E1265","F1265",10.6317025981843,73.0085880316285,63.2371064240999
"E1266","F1266",4.46156585589051,87.7534577132034,80.7416947465143
"E1267","F1267",11.8257511407137,94.1132001744168,79.3696959108025
"E1268","F1268",8.99476165417582,75.8334682222753,54.5708367934011
"E1269","F1269",12.7810835000128,95.9570330671284,81.6845677425164
"E1270","F1270",9.67018475057557,84.4541740871177,77.4756860116713
"E1271","F1271",-8.38197333505377,58.4843800383105,52.8796595123543
"E1272","F1272",14.6370136924088,107.110757672706,65.4818398627792
"E1273","F1273",9.33588662417606,86.298134635369,57.6476057099645
"E1274","F1274",11.5168615733273,108.808370006605,58.7835012850811
"E1275","F1275",8.73673047870398,91.0380844144773,57.5453726220918
"E1276","F1276",-2.02563040656969,43.1496814827907,55.0964761488294
"E1277","F1277",-11.5634482749738,76.0135608992238,62.4291863258008
"E1278","F1278",-10.5927123036236,74.3287055593425,49.4583197064702
"E1279","F1279",-0.490295772906393,61.1054067716272,53.4529824320103
"E1280","F1280",-7.22471768036485,66.1930635635372,24.1083322103086
"E1281","F1281",-1.58704596804455,62.5083317341765,73.1595929155382
"E1282","F1282",-8.63010094268247,73.2031058779137,43.9810817578039
"E1283","F1283",10.5084450775757,85.6249690835822,67.544450400895
"E1284","F1284",-9.04502473538741,50.0231278096596,59.3016276913138
"E1285","F1285",-3.21744978893548,45.2273325517022,49.609465567821
"E1286","F1286",1.14501181757078,60.6359207614776,58.0189423144836
"E1287","F1287",3.64822982344776,85.8262237398264,67.4770067879161
"E1288","F1288",-13.7429313291796,69.0335221463543,50.0275171059539
"E1289","F1289",14.966604213696,96.3399414891912,72.4774949541762
"E1290","F1290",-1.78606957197189,47.8078453153453,62.3486777205394
"E1291","F1291",11.1701876716688,95.3620968247357,64.370937568923
"E1292","F1292",13.5367031232454,110.982115614578,84.0334621698068
"E1293","F1293",-11.9704410829581,41.4884739221439,74.1925796010605
"E1294","F1294",12.2012554155663,85.5973245635822,84.5166469615044
"E1295","F1295",12.2292633075267,86.5132707067543,63.563135725342
"E1296","F1296",5.72110735578462,91.5830125695793,64.4247029662226
"E1297","F1297",3.59908919781446,72.6636618022776,60.7040281740551
"E1298","F1298",5.2166988607496,72.4524112145226,62.2152222365686
"E1299","F1299",-11.8743083998561,42.4100344798185,42.1215520219546
"E1300","F1300",9.17702443432063,91.2243146936813,95.2499725737434
"E1301","F1301",4.18589080218226,67.267621870302,46.3964324836258
"E1302","F1302",-10.9253943781368,48.9778643547503,65.1382021762363
"E1303","F1303",-7.43206319399178,61.2970944131926,54.9201216052304
"E1304","F1304",-3.24988565174863,54.5835456465536,75.3124743875817
"E1305","F1305",-4.74896535510197,53.5444366166876,67.8146511209845
"E1306","F1306",1.06399534502998,59.1255627802682,55.4066565906788
"E1307","F1307",11.8351045064628,95.9987064245605,67.533813592453
"E1308","F1308",7.81739482423291,110.747055975134,67.2613642600319
"E1309","F1309",-12.5172588857822,58.7318455186793,43.1424963632231
"E1310","F1310",11.3531393604353,96.8783853363134,101.234856231751
"E1311","F1311",14.6943180612288,125.178389067606,72.933025535245
"E1312","F1312",12.7296371664852,98.0480326565963,66.7819778291421
"E1313","F1313",-14.2050300096162,37.2485291967907,65.1966020452412
"E1314","F1314",1.70300729339942,76.4811626427699,59.5605995389774
"E1315","F1315",9.84294748166576,68.7969648373662,68.9564492492961
"E1316","F1316",-4.67312509892508,63.2381845561477,73.7893649575726
"E1317","F1317",4.62806446943432,63.8727532051595,65.0183475118006
"E1318","F1318",-6.18591899983585,55.9542712680959,79.7062837645092
"E1319","F1319",2.35760832438245,55.5227599850075,65.4395591008776
"E1320","F1320",-6.92579008871689,55.1155038305046,44.6481389673778
"E1321","F1321",-6.66333576198667,46.880274518844,29.5260923914684
"E1322","F1322",13.2783447043039,110.318305403311,74.9891102748742
"E1323","F1323",13.9842026378028,98.6146127161222,55.8792780847206
"E1324","F1324",11.1624669679441,83.6664142323937,52.5141638271217
"E1325","F1325",-7.51278702635318,45.0789959749272,46.6979838191401
"E1326","F1326",10.1629401510581,92.0255011739461,80.2665044386517
"E1327","F1327",-5.11954277520999,59.122564704553,45.5897531529474
"E1328","F1328",9.60427761543542,79.1150207208122,75.9119959592766
"E1329","F1329",-6.18928021984175,77.921180974016,50.7319075927451
"E1330","F1330",-5.92418211512268,44.0427575522732,60.4742231308014
"E1331","F1331",-10.6762119010091,51.143058930801,71.354438658675
"E1332","F1332",-5.0566876726225,44.2112050578248,62.7236733984744
"E1333","F1333",1.09677077271044,95.7073307645932,90.6911092247086
"E1334","F1334",7.09443643921986,97.3263632711811,52.6463343991473
"E1335","F1335",-1.36394624831155,59.1984901407236,49.0844150709721
"E1336","F1336",-10.7554306299426,63.1140487899497,65.8015931057979
"E1337","F1337",7.88895601406693,99.3027522466486,73.8022840084612
"E1338","F1338",13.6296846577898,91.3149864234828,89.3687404270366
"E1339","F1339",11.1179328057915,86.655379616547,43.3035737175835
"E1340","F1340",0.349629605188966,78.5456001723969,57.5130455801638
"E1341","F1341",-13.4882242488675,60.9496847809232,36.1042564552207
"E1342","F1342",8.10337802628055,68.6720652500321,77.9134700101195
"E1343","F1343",-7.11101901484653,46.6219207246172,60.4150415230924
"E1344","F1344",-12.5028972490691,67.258585795296,48.5530122956865
"E1345","F1345",11.1914782295935,103.600996028888,74.5715198747218
"E1346","F1346",8.55598705122247,96.4241123976148,75.6802752907932
"E1347","F1347",-9.3911818228662,48.7045380015707,70.6495813138062
"E1348","F1348",1.62079915171489,95.0224671942551,63.077751391539
"E1349","F1349",-12.5308937137015,42.5395054553822,55.7600118390968
"E1350","F1350",13.2352616172284,97.4675325303599,72.8633077947037
"E1351","F1351",8.17000777227804,95.1775712963826,66.6774775119215
"E1352","F1352",8.80999234272167,92.9323828233192,59.9565042663635
"E1353","F1353",3.68292465107515,80.832325752185,57.4473423111624
"E1354","F1354",13.6172379436903,108.444714191447,57.1234686825978
"E1355","F1355",-0.47555033583194,66.8332338153273,57.0276597011418
"E1356","F1356",1.60966900410131,89.8144566663729,67.9789948163614
"E1357","F1357",-0.0812068814411759,62.0739459205983,70.2711165959382
"E1358","F1358",-2.44265054119751,47.5622134776027,61.6978313359969
"E1359","F1359",1.13882007775828,54.8763312946036,62.8798285871714
"E1360","F1360",-5.16046136151999,55.9154200186387,34.1770989896641
"E1361","F1361",2.79162631602958,73.3779928824858,75.0751213649214
"E1362","F1362",12.2636604798026,109.677896404973,98.290033781746
"E1363","F1363",-14.5797302224673,66.5955468961951,66.3399983850181
"E1364","F1364",10.6670568091795,106.809117678341,60.4987251516508
"E1365","F1365",-1.4432432083413,46.6778140703081,60.402415091751
"E1366","F1366",-4.9858570843935,64.659399251527,49.3645290119175
"E1367","F1367",-6.39600196620449,65.2454586283395,41.0592207678742
"E1368","F1368",-3.824841119349,50.9607669537714,50.1203254541641
"E1369","F1369",5.27485392289236,89.2094734239598,57.6495514424967
"E1370","F1370",-7.73455333895981,67.2122679620101,46.7557996101444
"E1371","F1371",-8.54727854719386,55.9036064146657,59.5169071283567
"E1372","F1372",-1.0308811836876,61.7536136088618,61.30844691237
"E1373","F1373",-9.69206415116787,60.4814682491987,50.9694533759869
"E1374","F1374",8.97036356152967,77.1661488222408,73.0974414188209
"E1375","F1375",-1.62979368818924,67.9861753678868,49.647797437711
"E1376","F1376",-12.6297173369676,71.2992421987936,50.650613888595
"E1377","F1377",-14.3663675501011,52.109418450204,65.8212698737012
"E1378","F1378",10.9056698950008,86.620537342455,50.3559879129621
"E1379","F1379",-11.008444041945,63.7004519286297,79.743974478764
"E1380","F1380",12.8105577989481,113.830529933864,84.9050765328504
"E1381","F1381",14.5030728494748,111.066138938625,67.7071069352116
"E1382","F1382",-12.3199398606084,51.554406370542,65.6793514018468
"E1383","F1383",11.8336387979798,119.829125050054,93.4523379196522
"E1384","F1384",4.58721585106105,77.2015673199844,50.6174600940508
"E1385","F1385",6.93890149472281,86.9049205375515,54.4395243536036
"E1386","F1386",14.3152798363008,108.16985189672,60.8385104206374
"E1387","F1387",-0.854782084934413,56.165664267676,46.0868845317457
"E1388","F1388",-1.59184397896752,34.0142478077595,60.0504243012819
"E1389","F1389",-11.4889337006025,62.8065602626962,49.0739945990607
"E1390","F1390",9.11321798572317,118.701708745078,43.7857566558249
"E1391","F1391",1.94960734108463,79.1623285687702,59.8267476522687
"E1392","F1392",5.47649287618697,99.075839186338,78.9536272879366
"E1393","F1393",5.80498571740463,62.1708673793273,69.6892847436496
"E1394","F1394",11.4278620085679,110.463831221191,65.5052163642082
"E1395","F1395",11.9505875743926,82.341091508925,65.5113836480988
"E1396","F1396",7.21041788812727,93.8618923926635,66.6457906315834
"E1397","F1397",10.2514719637111,84.0850786640109,82.3871427709629
"E1398","F1398",-8.38550347834826,54.0518510321114,68.4396365517956
"E1399","F1399",13.4419731306843,102.250375404493,41.7269502192182
"E1400","F1400",8.73733580578119,92.2566201198146,61.9807551498651
"E1401","F1401",14.5123001793399,108.646086620619,85.0187546789122
"E1402","F1402",1.66234437609091,80.2419571078795,52.9277616152152
"E1403","F1403",4.44267334649339,77.9216299794162,57.389128017028
"E1404","F1404",-3.27995123807341,54.1683147530407,58.8801460013849
"E1405","F1405",-9.78652079589665,58.3072002714749,63.5793410553148
"E1406","F1406",8.56650362955406,85.1421952631618,63.9228275099814
"E1407","F1407",2.27091330103576,75.9444483716163,45.7218862150784
"E1408","F1408",-7.11404970148578,52.0961994270278,66.27543034696
"E1409","F1409",9.77236830163747,72.5789369396214,85.8544210309637
"E1410","F1410",7.30267111212015,97.7573111283318,67.6055569052031
"E1411","F1411",3.92607219982892,58.3648716421738,54.697410337524
"E1412","F1412",-2.48869996285066,75.9867473903407,67.2600003264246
"E1413","F1413",-13.112476975657,60.2182727934943,65.5099380517496
"E1414","F1414",0.293003269471228,77.2244826216332,60.0776286133673
"E1415","F1415",5.981218542438,71.2021154229017,66.7843484550683
"E1416","F1416",-13.1330872094259,64.5121861765244,71.079475742769
"E1417","F1417",13.6742653674446,109.194689597543,66.4265365152894
"E1418","F1418",8.39440275449306,98.1619930918478,71.6640271518309
"E1419","F1419",3.56024151435122,80.3386432687482,55.4621653664796
"E1420","F1420",-4.11125353071839,34.3428620758773,70.1454632096261
"E1421","F1421",3.99193951394409,76.7565305888295,65.6938789999571
"E1422","F1422",-9.39513335935771,44.3520846489917,29.4057227532726
"E1423","F1423",-2.8859611437656,53.4860813923626,49.8756462887871
"E1424","F1424",11.1729111056775,84.7253932489456,72.7450036842102
"E1425","F1425",-8.35786714917049,47.2304287567798,59.5804744220945
"E1426","F1426",-12.017920310609,54.0013506970961,54.9053158976369
"E1427","F1427",-7.19412660459056,49.4871038024883,64.1911360088353
"E1428","F1428",3.32864723866805,61.8608800786482,83.0865054734632
"E1429","F1429",-0.910828029736876,75.4845616612187,70.6756287975715
"E1430","F1430",14.9046336882748,111.603461886725,75.3397645643087
"E1431","F1431",-13.5855444171466,56.585778630804,53.2486037389172
"E1432","F1432",-8.00061781425029,47.6055693288737,80.014768584735
"E1433","F1433",-13.8323232228868,41.5828005064522,47.397182560203
"E1434","F1434",-4.75120001239702,45.2555763398487,44.2203375093542
"E1435","F1435",-11.2273169914261,53.643150199614,64.1039062937615
"E1436","F1436",4.81958353891969,50.5515736811167,81.100939663917
"E1437","F1437",-11.952891445253,43.3306366266688,35.0154522505289
"E1438","F1438",7.24562211893499,99.7420317062316,59.3189552940201
"E1439","F1439",8.6539005045779,73.794733941528,83.4465212089615
"E1440","F1440",8.15665585454553,83.0121115677802,61.2316077142314
"E1441","F1441",4.97321770526469,74.8427501371706,59.908763840034
"E1442","F1442",8.72378143016249,101.541582087424,83.3096773505908
"E1443","F1443",-8.26715295435861,42.3540249108263,60.3928559013667
"E1444","F1444",-9.30106782820076,61.5929209357629,53.2479676626507
"E1445","F1445",4.54711829312146,87.0271852584364,62.0508197008445
"E1446","F1446",-8.36596288718283,67.8424235677099,49.7709893919929
"E1447","F1447",14.3408078094944,90.5375410936256,68.1461401163569
"E1448","F1448",10.3387086326256,80.1522985462749,70.6799914294548
"E1449","F1449",3.93561259377748,71.1914012655802,68.4773642582526
"E1450","F1450",-12.5943036633544,56.1524413022626,48.7005855903994
"E1451","F1451",2.98668077448383,70.206480728085,55.9993815308504
"E1452","F1452",6.47239855024964,89.6581662498908,60.3986771814036
"E1453","F1453",-3.28005289658904,53.3888430188796,69.0017128909354
"E1454","F1454",13.2271491433494,101.758833767641,86.8347061775842
"E1455","F1455",-3.52337307063863,36.0552691975313,59.2670202005591
"E1456","F1456",-5.87118255905807,58.9832299707418,70.0097771696299
"E1457","F1457",-11.2515799887478,64.1099321948265,50.5814349800951
"E1458","F1458",13.9912728290074,122.766973467325,71.5589761540513
"E1459","F1459",13.9513281080872,77.0310926631194,61.3805005759311
"E1460","F1460",12.3778589302674,110.494674662166,96.17838342638
"E1461","F1461",14.8036338295788,126.512883157016,69.8667258880482
"E1462","F1462",6.50123510509729,65.5973218475729,48.4263337348243
"E1463","F1463",-6.33235833607614,45.6371770964253,60.5142050653449
"E1464","F1464",-2.94008507626131,78.5834548202141,60.8710192233268
"E1465","F1465",11.5499348589219,103.975244964131,62.0918607491716
"E1466","F1466",-1.11182631924748,75.3036610850311,61.550998373619
"E1467","F1467",-5.65736274467781,59.9369411082269,44.9885042224932
"E1468","F1468",6.90314360428602,67.0026804565062,47.7807673894266
"E1469","F1469",14.0159692545421,87.8665963178456,60.0024456286167
"E1470","F1470",12.8225565352477,101.505180968609,99.7515198035465
"E1471","F1471",-4.54536804696545,44.0396230512982,44.594528514794
"E1472","F1472",-4.87340165069327,50.8356894746003,60.4754495275717
"E1473","F1473",6.45376885542646,92.5062514577374,84.2294164229334
"E1474","F1474",-9.04403283493593,67.0581346308087,72.1370098050358
"E1475","F1475",-13.8164313719608,68.5505154620787,43.8394846887331
"E1476","F1476",7.99475108273327,88.1144477972022,58.3876472305397
"E1477","F1477",4.87231008242816,87.0910408184271,65.3448000954158
"E1478","F1478",-9.26328595262021,56.3569353198368,49.6692810627971
"E1479","F1479",6.20645759627223,100.823465101473,46.2050234602564
"E1480","F1480",12.5539866741747,100.909009669255,76.7720249565651
"E1481","F1481",-7.43729620473459,64.7034188270434,68.5441977354497
"E1482","F1482",-11.259795720689,39.3303155724366,73.0630458792318
"E1483","F1483",3.02883634110913,56.8433557702304,41.6276521301452
"E1484","F1484",-7.33009438030422,63.8771245407162,43.5560666402914
"E1485","F1485",5.5041398643516,90.0618047467405,55.3863763045245
"E1486","F1486",14.0585785824805,114.351040715359,86.3678892695175
"E1487","F1487",9.06110102310777,83.1104154189698,59.2041395896064
"E1488","F1488",-1.9662807835266,73.6999897127062,57.1585004422129
"E1489","F1489",2.34868884086609,71.1748569843563,74.297339755588
"E1490","F1490",-2.77430335991085,46.3885952736511,44.7801275455855
"E1491","F1491",-12.6432999945246,43.3824609381906,41.6650540039527
"E1492","F1492",-0.993711557239294,67.5960021641388,51.4448634231999
"E1493","F1493",-10.1280297478661,44.257930340888,55.6958736219024
"E1494","F1494",-8.5604222305119,75.4750738758119,49.5631860559982
"E1495","F1495",5.03353381063789,79.4636592359672,63.3628560147429
"E1496","F1496",10.9017923008651,79.2045641483213,74.829759188116
"E1497","F1497",7.70709543256089,79.0470801723358,86.6855602409731
"E1498","F1498",14.1232441761531,98.4929848759859,87.3277824488801
"E1499","F1499",14.7708899527788,110.052381696429,79.2744414531739
"E1500","F1500",10.8115662401542,114.579463064254,83.8970269368434
"E1501","F1501",-0.711376089602709,76.3049515049624,55.1981975102641
"E1502","F1502",13.5929179703817,110.510779015035,82.0562767230423
"E1503","F1503",1.36631637113169,77.6468480972185,58.9273204848358
"E1504","F1504",8.95909219281748,82.5751818026804,66.32780874594
"E1505","F1505",7.23878334509209,85.7693667857306,61.1291504399168
"E1506","F1506",11.6624348633923,101.20909918961,60.8313760344534
"E1507","F1507",-1.35014215484262,43.1879376138823,55.0365617933786
"E1508","F1508",-8.63463707501069,38.0846662680496,53.3744368678808
"E1509","F1509",-12.0339134568349,54.3828752746364,37.5946391638093
"E1510","F1510",-8.84621500968933,54.368844009357,56.4026756381789
"E1511","F1511",-1.32616055896506,47.8927068358451,53.1592910571645
"E1512","F1512",-6.95662032114342,57.0419395405706,59.6057412224347
"E1513","F1513",-0.720069129019976,60.1023282289843,50.4630650780966
"E1514","F1514",-7.6205304893665,50.4888963793716,88.0037024873851
"E1515","F1515",6.52764387661591,91.8550529670385,69.8079669798408
"E1516","F1516",1.51662357151508,82.441868923319,80.5085303706792
"E1517","F1517",9.63390556164086,86.8227662461431,82.9005183325853
"E1518","F1518",1.47878462914377,87.3773886411209,39.0688096933882
"E1519","F1519",12.0226349215955,106.879088010252,83.8790461591879
"E1520","F1520",-9.98700184514746,42.735696208087,50.0374160932838
"E1521","F1521",-13.4226136445068,65.6891882757093,49.5304950086361
"E1522","F1522",-7.48409057501704,52.7682934907717,46.8362518250547
"E1523","F1523",14.901634901762,108.095067019472,77.068312167563
"E1524","F1524",10.9211204876192,98.1423009995219,73.305337533866
"E1525","F1525",-10.7657487038523,52.4897354367413,72.0073096155664
"E1526","F1526",13.1088603520766,109.386353844945,54.5749292225087
"E1527","F1527",12.3644929728471,113.36595562415,71.9044572734974
"E1528","F1528",-10.7916169334203,67.0931002499981,66.0214678930308
"E1529","F1529",5.09414340136573,65.7580658098492,56.5719763964504
"E1530","F1530",-11.7757914005779,61.1452578203896,78.9909357600029
"E1531","F1531",-14.0283583570272,43.0328992131079,43.3846255995516
"E1532","F1532",1.90551962703466,73.743688357571,65.3790800584294
"E1533","F1533",6.99729333166033,94.2989039249943,66.5879170430309
"E1534","F1534",-8.95092548104003,65.3116434484306,44.4590987610801
"E1535","F1535",8.7508394359611,65.0545104817296,48.1916269318606
"E1536","F1536",8.37179778143764,79.5283568922087,86.1201619355895
"E1537","F1537",-14.4577684323303,46.8245205192766,60.1829399569916
"E1538","F1538",-3.13523877644911,63.2910535168935,47.4798642188128
"E1539","F1539",4.30634870426729,88.848942983713,56.9926794105685
"E1540","F1540",-9.35033617308363,78.5091580218927,49.6553507155573
"E1541","F1541",-5.19267603289336,60.9686624382697,49.6302840603348
"E1542","F1542",-8.17237511510029,75.4991694459216,57.0424695007601
"E1543","F1543",-1.40949140070006,74.9448773152754,47.9814217000764
"E1544","F1544",-0.206256159581244,52.1446323226146,59.1722812043144
"E1545","F1545",11.7707555741072,93.8613121029256,70.25547717598
"E1546","F1546",-5.90438031591475,69.7525811015576,53.3743524054612
"E1547","F1547",-5.86638975888491,37.3989632836907,48.7438550802036
"E1548","F1548",-12.1906456025317,72.1472863915479,65.8991111981841
"E1549","F1549",5.20804347004741,54.6015271542028,75.6300718965288
"E1550","F1550",-0.899461840745062,46.1011740710341,55.6413884051229
"E1551","F1551",8.73012132011354,119.846181066958,78.3520235583677
"E1552","F1552",13.0067569809034,92.8138910441148,62.5791552128008
"E1553","F1553",7.42936191614717,96.5522183478653,56.0483866706338
"E1554","F1554",8.39259708998725,91.4281348459982,55.6456363805852
"E1555","F1555",4.40815380541608,63.6734910808507,68.1699593019256
"E1556","F1556",8.39944024337456,90.991900188611,61.1296573271075
"E1557","F1557",11.98430941673,108.938396878168,55.8380870048232
"E1558","F1558",10.2313597826287,97.7757955477307,63.8724014758263
"E1559","F1559",-4.90524273365736,66.3648606231738,24.1767999326706
"E1560","F1560",6.53211231110618,88.1727754987685,73.0166713020507
"E1561","F1561",-14.4654900301248,60.1466851328609,60.5930255668238
"E1562","F1562",-2.93805771041662,41.5023856646893,62.6929995895043
"E1563","F1563",10.2837720746174,96.2313836779359,69.8536124048222
"E1564","F1564",5.74381998740137,78.3700822556738,65.515434839248
"E1565","F1565",-11.3051568414085,42.0442433046347,40.8267194490376
"E1566","F1566",-5.0172040052712,59.3054524956811,48.1302764431874
"E1567","F1567",-1.88853073166683,54.9665642066325,50.3176851806303
"E1568","F1568",-9.01724658440799,59.1521336107562,41.476629832505
"E1569","F1569",-2.94188155559823,42.9653367847466,62.7077668226734
"E1570","F1570",4.89487108541653,78.3228292857398,63.2734232003597
"E1571","F1571",-12.1090659918264,60.1253311083426,39.4684743581463
"E1572","F1572",-1.34071367327124,72.6314147473822,83.8740156928609
"E1573","F1573",13.6726844008081,112.891975825678,77.0974180877422
"E1574","F1574",-12.9295474430546,53.0383219507044,58.592537482788
"E1575","F1575",4.30935737444088,81.8138173522164,60.4299923942448
"E1576","F1576",13.5486441850662,109.916523463933,61.7517564535998
"E1577","F1577",-12.1235117129982,45.0137961092416,71.3678439979078
"E1578","F1578",5.53577946033329,85.8605725998785,96.0594507484057
"E1579","F1579",-7.2788604022935,66.2473374424209,60.5165070798035
"E1580","F1580",-14.4920614105649,43.0449028679496,57.0395644559263
"E1581","F1581",-0.752335845027119,69.7121089461952,40.8852855788583
"E1582","F1582",8.25828948291019,76.4961281690932,58.9412348229449
"E1583","F1583",1.2881598668173,79.8444864639046,54.3007036920902
"E1584","F1584",0.446076351217926,57.0655266891283,68.7441373100587
"E1585","F1585",7.66645240830258,87.0185269931482,73.2250043624493
"E1586","F1586",-4.46918313391507,52.7374571097544,45.5250205329801
"E1587","F1587",1.1508608632721,43.3548937432034,72.1459426469313
"E1588","F1588",-4.44490022258833,62.9612501914493,45.8532271534544
"E1589","F1589",-12.3214658279903,53.3109212562909,51.8288979108721
"E1590","F1590",-12.3104805266485,51.850523041011,55.2961960532925
"E1591","F1591",2.33115937560797,68.4715624026753,40.9619148282705
"E1592","F1592",7.22645621281117,80.5747982397056,73.9237793485346
"E1593","F1593",9.01099441805854,76.3758262275701,72.3107271449847
"E1594","F1594",9.04282570816576,69.0883597695456,58.7491137899199
"E1595","F1595",-4.4362009037286,67.948313002973,65.3515164514858
"E1596","F1596",3.36031650658697,79.7601718467999,92.5867925358726
"E1597","F1597",-9.77039979072288,52.9383431860097,65.0654634860957
"E1598","F1598",2.51954348757863,92.7710041597367,60.6673649763138
"E1599","F1599",3.9140752167441,73.4564036258681,54.4186846435231
"E1600","F1600",1.92332348087803,70.274782663384,56.4003026664765
"E1601","F1601",8.80925769684836,97.3339665728212,71.0387069275249
"E1602","F1602",-9.02096427977085,43.348572164759,45.799373013394
"E1603","F1603",13.4145713690668,118.771053475435,78.9896710097068
"E1604","F1604",0.462792136240751,71.2877806397709,51.8616220735209
"E1605","F1605",13.3278620196506,113.982993336097,58.449083589788
"E1606","F1606",-4.72563715651631,42.7672269008401,57.4564139011826
"E1607","F1607",13.8544609467499,109.703491001636,72.0380055993135
"E1608","F1608",-14.1000706236809,55.6626574150321,53.6362926002474
"E1609","F1609",-3.64295921288431,53.3426982805019,63.8573747803579
"E1610","F1610",4.70767336897552,72.7293519660726,63.2040775610626
"E1611","F1611",12.9522677860223,117.592600709577,67.4915121232685
"E1612","F1612",1.90377405378968,84.3704824161723,63.3938950855108
"E1613","F1613",1.30060940282419,86.9809633949293,65.1823066213293
"E1614","F1614",10.4567914176732,94.4824202853358,68.0916513962684
"E1615","F1615",-11.2920611235313,53.4644678471739,68.0006988087028
"E1616","F1616",6.26110036158934,85.4671480624808,66.9311871649897
"E1617","F1617",13.2522120256908,105.789309158972,73.6658736003881
"E1618","F1618",2.11456795223057,79.5191949564563,65.9145427052084
"E1619","F1619",9.71224310807884,82.8123409486867,49.8546441747415
"E1620","F1620",-1.58579709241167,71.757047700588,36.5415522343482
"E1621","F1621",-14.4446489028633,74.600796523127,46.3319105754296
"E1622","F1622",7.67529824981466,62.3286784219355,66.6178054889672
"E1623","F1623",6.24023775570095,77.7754124215875,76.2468681128126
"E1624","F1624",-3.86417822912335,81.473542027813,46.9076661147014
"E1625","F1625",5.90090408921242,92.7851475861669,70.528285886488
"E1626","F1626",12.0761471497826,118.501357498237,74.1512471439494
"E1627","F1627",1.09541340731084,70.6825170051175,64.3018678652659
"E1628","F1628",-9.70935311168432,68.1696366482254,62.185076948797
"E1629","F1629",0.0875684595666826,61.139033463592,64.464064479166
"E1630","F1630",-6.22338104294613,29.7955619952021,47.8805831385055
"E1631","F1631",11.5505980281159,97.9494466831851,73.3961573780732
"E1632","F1632",14.419788136147,100.871383200421,85.7247418722078
"E1633","F1633",0.265260476153344,76.4513785221236,60.9919003136895
"E1634","F1634",6.53730745660141,95.3869103689499,75.221066629613
"E1635","F1635",-3.1711384607479,33.3952505178274,45.3784377806244
"E1636","F1636",-10.1464447542094,27.4289529290128,68.4689645005578
"E1637","F1637",9.77856167592108,82.0584155745417,60.4142910823096
"E1638","F1638",-3.42696536332369,47.5490187039694,55.7868402707593
"E1639","F1639",10.3923420142382,84.426356249002,71.3947412856149
"E1640","F1640",-14.9528183229268,43.5652087656948,53.2353500334646
"E1641","F1641",3.89540632953867,86.1900853653351,93.702646668824
"E1642","F1642",-12.0388621184975,69.073884690013,46.222513261251
"E1643","F1643",0.808898380491883,72.530622503535,62.1502687024636
"E1644","F1644",-14.5884585147724,46.7253410385659,59.3138877326359
"E1645","F1645",-3.9341510203667,46.2781709545322,54.9009719253231
"E1646","F1646",2.57720832014456,66.3182970962858,64.0628729485491
"E1647","F1647",-14.8304356145673,53.762551963595,56.07524734585
"E1648","F1648",-1.66463481495157,58.3144332305866,60.9275040735725
"E1649","F1649",14.9299858370796,115.368770092996,73.2026313348812
"E1650","F1650",-13.5672778543085,52.8513682982092,41.2060079193728
"E1651","F1651",-11.0160745005123,83.4678962197597,48.0536588431008
"E1652","F1652",7.75620261440054,89.8889578118741,72.8605542731586
"E1653","F1653",8.31281875027344,81.4674792320135,36.540786077759
"E1654","F1654",-6.85003802413121,44.8081016432908,63.171393172495
"E1655","F1655",5.93499165493995,79.4661592353984,66.9484760742534
"E1656","F1656",-1.78805696312338,42.6109259327499,60.3140894585824
"E1657","F1657",-3.47908819327131,52.8486507517823,52.337569422634
"E1658","F1658",1.18792416527867,61.4751916274091,67.19910504118
"E1659","F1659",-14.8507401812822,63.7857654055183,48.1212002370681
"E1660","F1660",0.728845603298396,63.0694465548074,37.4703561880077
"E1661","F1661",5.45624619349837,90.3603738802312,67.4665868261105
"E1662","F1662",7.78259738115594,91.0004206046917,59.7217043869781
"E1663","F1663",3.36957334773615,97.5652563951275,76.8587908539177
"E1664","F1664",2.58099105907604,82.575983452367,69.6737928077272
"E1665","F1665",-0.320631279610097,63.2000613736638,68.7617819648716
"E1666","F1666",1.52721595019102,74.0184539393802,65.2494924154041
"E1667","F1667",4.16663209442049,106.255833723382,58.5815761142827
"E1668","F1668",-6.94691060576588,46.2588334011151,62.4005652310055
"E1669","F1669",11.959208061453,90.1554039957389,69.7564780467433
"E1670","F1670",12.2889027488418,105.961342758539,67.0127050866039
"E1671","F1671",-7.1900356002152,62.7852639903344,55.1752221287274
"E1672","F1672",-10.9549127798527,49.6336695913349,61.1347905588563
"E1673","F1673",6.37001537019387,88.2432083753307,77.6818403269222
"E1674","F1674",2.3279449227266,90.255195356554,52.1550055444969
"E1675","F1675",-14.4539616862312,61.4568973531333,63.4627105909412
"E1676","F1676",14.3762990436517,110.826441274381,78.3679972585169
"E1677","F1677",-13.7672850675881,46.3681905252624,47.5528756993755
"E1678","F1678",8.2206935249269,96.3535121780298,75.1862379132582
"E1679","F1679",6.82009770534933,67.147771505028,57.5881757336721
"E1680","F1680",14.7646620171145,94.1208772078248,85.1986361162736
"E1681","F1681",6.62850453983992,90.8177510792034,74.8507185643142
"E1682","F1682",-11.8215866410173,76.6145296320117,45.9535322024189
"E1683","F1683",-7.46961619472131,42.1493558698281,40.6796580968759
"E1684","F1684",-12.4161430285312,63.7304697979092,56.1026157651668
"E1685","F1685",10.6856542895548,95.0870487012565,69.4777804890559
"E1686","F1686",-12.011329040397,55.3684183030023,49.3888800156607
"E1687","F1687",-4.47317993268371,63.7652211740999,59.6051063198744
"E1688","F1688",-7.28894819738343,71.2585382655405,53.6851704631662
"E1689","F1689",0.0452942401170731,85.0751312221934,57.049928204448
"E1690","F1690",14.8188404738903,92.0157691069565,72.1367929682342
"E1691","F1691",-12.8537674318068,71.582567412702,61.9470708313392
"E1692","F1692",0.234055153559893,93.2975503255756,83.3605358085257
"E1693","F1693",11.9835236552171,81.8341867633042,77.2451227278874
"E1694","F1694",-3.38762097526342,58.6252213772847,60.9665690490892
"E1695","F1695",12.3473288188688,101.349286267345,71.5278788055966
"E1696","F1696",13.5343298851512,105.623374873343,64.2341154649861
"E1697","F1697",5.00683281803504,67.8057333940546,67.8913360022584
"E1698","F1698",1.24974348116666,82.4918429824615,70.1618545612736
"E1699","F1699",-2.63669395353645,43.1305124046585,68.740927772908
"E1700","F1700",-9.77088854648173,62.4655685423701,59.8606269532135
"E1701","F1701",-0.24736387655139,52.951023535009,73.576727862521
"E1702","F1702",-2.62270583538339,37.4387842110419,68.5922754088031
"E1703","F1703",14.6854108991101,119.222339426552,74.9801766684782
"E1704","F1704",-5.28313040267676,36.8851443773115,78.864017299023
"E1705","F1705",-10.3450323664583,40.6900094992323,49.3656871869141
"E1706","F1706",-13.7906103744172,40.9888692580137,42.8477363651097
"E1707","F1707",-7.20162478275597,83.1838914820384,61.493568214513
"E1708","F1708",-11.458368783351,60.1432185467905,52.1958765314825
"E1709","F1709",10.9657774236985,97.4650766913789,56.1189565435862
"E1710","F1710",2.14132684282959,68.4186804277766,77.7299127767426
"E1711","F1711",7.95978888636455,76.5934848327862,49.783041093775
"E1712","F1712",-5.10581436334178,67.1291967065627,39.9529577136264
"E1713","F1713",3.61450386699289,62.9435077386377,81.2042081225006
"E1714","F1714",3.30086859175935,71.2495169146818,72.1116549739835
"E1715","F1715",2.3270599055104,76.6174784476821,79.0654248986745
"E1716","F1716",-5.77205600682646,53.9953866570051,47.0368500617072
"E1717","F1717",5.90914716711268,82.912853337564,57.6481992050241
"E1718","F1718",-7.98858749913052,44.4513724361344,55.0179171460146
"E1719","F1719",0.620556101202965,66.6623662442468,50.9578421894747
"E1720","F1720",-7.07277025328949,52.7511413909526,60.0257569999175
"E1721","F1721",-4.33898009592667,62.2566215885792,78.0129617294694
"E1722","F1722",-10.9498354629613,62.494105700984,52.1047272829491
"E1723","F1723",3.47799776354805,67.281068589617,78.2613519031505
"E1724","F1724",-6.07629792764783,64.0591426695427,65.1354553314515
"E1725","F1725",13.4720634086989,116.18844651022,76.7366245825004
"E1726","F1726",13.5841025970876,103.281599068559,60.3557910885618
"E1727","F1727",0.105214838404208,66.40199700436,64.1017421175544
"E1728","F1728",-11.4049001340754,75.6948546325173,58.695200203185
"E1729","F1729",-6.19006813270971,45.4567548152785,61.205492776019
"E1730","F1730",-11.3483860180713,39.9824283725199,58.2098521601363
"E1731","F1731",9.08464776584879,89.7249959819217,48.5242022533258
"E1732","F1732",7.3605486494489,79.7366121180897,82.7747396257743
"E1733","F1733",6.4753355551511,67.9839328260884,63.7980995748263
"E1734","F1734",4.45050652138889,76.9825612539062,51.8114098265693
"E1735","F1735",5.31949482159689,67.006707506093,69.6206255000066
"E1736","F1736",-4.66369518544525,56.9675516697912,77.1682448692745
"E1737","F1737",-6.63228293415159,62.6945535424493,66.5941616349268
"E1738","F1738",-10.7994123059325,56.8959635640533,45.858271175714
"E1739","F1739",-14.2448787856847,31.364356330229,58.5952945388616
"E1740","F1740",7.73127276683226,96.7791564389577,82.3564085076872
"E1741","F1741",7.40267352433875,73.8207296110176,71.604008043426
"E1742","F1742",13.0645538214594,99.3956164261224,80.5795544808638
"E1743","F1743",-14.9562160042115,47.6450025079382,71.6424535493072
"E1744","F1744",1.15123693132773,71.506382247087,71.7983385298497
"E1745","F1745",-3.40977892745286,65.4546575200502,44.994776455623
"E1746","F1746",-8.39881058083847,69.3388964673906,60.9330712386107
"E1747","F1747",9.82019898248836,83.657302745645,68.5670822060391
"E1748","F1748",0.650721865240484,61.0523346972928,65.2953319957319
"E1749","F1749",14.8138341587037,106.92205368954,94.8789076711109
"E1750","F1750",5.20894326735288,80.9154431456736,67.7275354354435
"E1751","F1751",-7.09921455010772,63.3236189215685,71.0048700148138
"E1752","F1752",-13.2028265437111,63.5791973633536,44.037603993298
"E1753","F1753",11.2902362295426,91.5595184593907,73.1882468234693
"E1754","F1754",4.09216227941215,77.0431910951695,58.9502567828613
"E1755","F1755",-11.9176448439248,59.9945569483663,44.0017733047197
"E1756","F1756",14.0764594101347,122.25902777895,70.484685902712
"E1757","F1757",-13.7943296763115,37.7417475938189,59.3369883055554
"E1758","F1758",7.61436075903475,109.085379775106,71.9688641664632
"E1759","F1759",-11.1780372681096,53.6385036644326,48.5316786228504
"E1760","F1760",4.15299707790837,63.19780610788,54.6886323497764
"E1761","F1761",-11.77278093528,62.8196343676334,52.1473406174135
"E1762","F1762",-6.1948918690905,59.1637624785703,62.9018400726562
"E1763","F1763",-1.32026200415567,59.8135697430863,66.901428683932
"E1764","F1764",9.89700958365574,99.1773850455193,78.3589600281069
"E1765","F1765",-9.35817960184067,73.5375310371293,60.9131561543035
"E1766","F1766",8.29874648479745,46.3765295986278,69.3572773124583
"E1767","F1767",-12.9303045244887,55.3669724420687,42.1394804708593
"E1768","F1768",-12.668236840982,51.3527763206889,41.6184677958793
"E1769","F1769",-11.4702657144517,54.2782952394038,44.4517749829899
"E1770","F1770",13.7637379718944,115.346451993337,94.1729010138654
"E1771","F1771",13.7345894705504,121.830838810257,82.2528619392482
"E1772","F1772",5.43117144377902,91.2190270093292,44.4624286026324
"E1773","F1773",11.8191268877126,95.0612076918785,75.5679995577394
"E1774","F1774",-6.69034829596058,43.8466864903893,63.3818044356118
"E1775","F1775",-13.5003358265385,63.6080807559145,75.4988306308837
"E1776","F1776",3.59766100533307,90.8094299819598,44.3084002838775
"E1777","F1777",-0.801951864268631,60.910886602338,79.1578421169238
"E1778","F1778",-2.56353404838592,73.5259767781526,65.3825652956821
"E1779","F1779",11.854497701861,90.9686537938527,64.3620249929624
"E1780","F1780",-0.373501845169812,51.8344336863523,64.5671633850808
"E1781","F1781",9.05123659875244,80.3113212006722,59.0471598397971
"E1782","F1782",-5.56765743764117,59.4022799245942,54.7262410649335
"E1783","F1783",9.42573471693322,76.8528655236731,75.3760263592789
"E1784","F1784",-0.162623268552125,60.5832586778673,67.9610691526202
"E1785","F1785",9.08214732538909,87.2212914098261,71.7801974277677
"E1786","F1786",0.607566309627146,56.0535067935131,62.0192143580895
"E1787","F1787",-14.313162015751,72.196656281084,74.0385070776618
"E1788","F1788",-8.2151222624816,60.8554209907795,37.3765941765211
"E1789","F1789",-13.4442049451172,60.1321488486427,57.0780327100482
"E1790","F1790",-3.64608553703874,50.5737218367502,77.2693897422266
"E1791","F1791",-5.22183835040778,53.6687247294566,60.0737701419876
"E1792","F1792",14.1609288635664,121.039582365715,73.4390999391877
"E1793","F1793",-3.13897132175043,64.4395887836827,53.2731161191457
"E1794","F1794",3.8354758056812,95.9944049671,87.9371977430018
"E1795","F1795",-3.48242020932958,67.8882564114133,48.9351846451838
"E1796","F1796",10.7761261845008,84.887197148061,65.0016148510527
"E1797","F1797",-14.7140563256107,45.5003400934274,52.1472356083512
"E1798","F1798",-6.75072714686394,63.4181190631433,42.1905884778291
"E1799","F1799",1.84105515712872,62.9810261295866,55.6134929761361
"E1800","F1800",6.72332542715594,73.1867044425526,70.5526829589774
